{"type":"FeatureCollection","features":[{"type":"Feature","properties":{"key":"vinnytska","name":"Вінницька область"},"geometry":{"type":"MultiPolygon","coordinates":[[[[29.1171118,49.5840742],[29.2129954,49.5876265],[29.2415363,49.6034981],[29.2757057,49.5900906],[29.2757808,49.6271199],[29.3799712,49.6198319],[29.4099221,49.6592075],[29.4311848,49.662138],[29.5352411,49.6366637],[29.4962874,49.6000044],[29.5307082,49.5620631],[29.5391818,49.5209462],[29.5848928,49.506811],[29.5851329,49.4949951],[29.5432408,49.4845247],[29.5952597,49.4431365],[29.5423379,49.4015971],[29.5051574,49.3957052],[29.5028911,49.3699817],[29.5352881,49.3238979],[29.6189189,49.3058315],[29.6076367,49.2995757],[29.6218564,49.2742129],[29.6130763,49.2655706],[29.638697,49.247489],[29.6899123,49.2374643],[29.7011975,49.2606401],[29.7365532,49.2283612],[29.7040693,49.2247925],[29.7259191,49.202913],[29.7120053,49.1423313],[29.7335589,49.1228607],[29.6780629,49.1122603],[29.687158,49.088799],[29.6505051,49.0966755],[29.6304694,49.0470942],[29.6060693,49.0575683],[29.6392842,49.0117825],[29.6847613,49.0269781],[29.6958259,49.0005433],[29.6520649,48.9598535],[29.6519968,48.9368946],[29.6870676,48.9121743],[29.7356332,48.9081989],[29.7094765,48.8975353],[29.7272934,48.8860132],[29.7317092,48.8545668],[29.7615052,48.8471323],[29.7658627,48.7862224],[29.8665526,48.7632659],[29.8844077,48.7371126],[29.867617,48.7345967],[29.8609142,48.6995937],[29.9468584,48.6699179],[29.9447613,48.6576782],[29.992721,48.632116],[29.9898385,48.6136769],[29.951217,48.6087592],[29.947866,48.5943884],[30.0059271,48.5731875],[30.0207736,48.5192342],[29.9890021,48.5163691],[30.0064708,48.5134516],[30.0006166,48.4921663],[29.9666088,48.4915601],[29.9571562,48.4508647],[29.8645681,48.4256897],[29.8729297,48.4169106],[29.7864111,48.3694983],[29.8111419,48.348764],[29.8039069,48.3321088],[29.784235,48.3300239],[29.7493056,48.2894556],[29.7722363,48.2721285],[29.7796027,48.2054505],[29.6547025,48.1952453],[29.6759424,48.162344],[29.663665,48.1075667],[29.6024816,48.1329216],[29.587515,48.101924],[29.5699005,48.0987054],[29.4950475,48.1025808],[29.4669809,48.1229936],[29.3947663,48.1137631],[29.371637,48.0904534],[29.2774881,48.0905847],[29.2580294,48.1121622],[29.2279126,48.1032282],[29.2040742,48.1175172],[29.2615672,48.130345],[29.250405,48.1501051],[29.2092285,48.1342027],[29.1413159,48.1406135],[29.157035,48.1479949],[29.0646424,48.1950765],[29.0326818,48.1257944],[29.0048975,48.150597],[28.9453804,48.1567963],[28.9308193,48.0949152],[28.868985,48.0815491],[28.8692593,48.0690033],[28.847724,48.0787348],[28.8575486,48.1028625],[28.8334871,48.1288117],[28.6877883,48.1246255],[28.682087,48.1467916],[28.6475004,48.1432913],[28.5919225,48.1732898],[28.5793649,48.1666307],[28.5773463,48.1824491],[28.50294,48.150789],[28.5211366,48.1382553],[28.4914719,48.1193138],[28.5010484,48.06767],[28.4908438,48.0658447],[28.4525867,48.0797536],[28.4218485,48.1214018],[28.4398783,48.1444836],[28.4283707,48.172392],[28.3831572,48.1751043],[28.3492554,48.1356886],[28.3058667,48.1403055],[28.3074183,48.1605764],[28.3618252,48.191125],[28.3699888,48.2214403],[28.3547454,48.2455696],[28.2083342,48.2047564],[28.1861193,48.216156],[28.1777119,48.2570226],[28.1444924,48.2626245],[28.1287923,48.241119],[28.0863694,48.2355135],[28.0934334,48.2936801],[28.0748217,48.3166837],[27.9544086,48.3281375],[27.8881372,48.3670769],[27.8717036,48.4054772],[27.7863339,48.4465906],[27.7474239,48.4580771],[27.6436076,48.4418167],[27.5912612,48.4611745],[27.5966347,48.4914523],[27.5141179,48.4731081],[27.4786202,48.5068476],[27.4823824,48.5367469],[27.4572321,48.5895453],[27.3716586,48.6289522],[27.390072,48.6805058],[27.4139838,48.6986593],[27.399291,48.7268592],[27.416905,48.739612],[27.3895579,48.7646465],[27.4089854,48.7676223],[27.4275478,48.7972727],[27.4110092,48.8116554],[27.4151959,48.8816715],[27.3934414,48.9004739],[27.3923038,48.9381673],[27.4173685,48.954283],[27.4180149,48.9716197],[27.3815564,49.0073705],[27.4166945,49.0546581],[27.4354038,49.0701942],[27.5029669,49.0698946],[27.4800138,49.0875648],[27.5054215,49.110234],[27.4926617,49.1213998],[27.532787,49.1253958],[27.5349452,49.138474],[27.5775559,49.1215883],[27.5977552,49.1348624],[27.6032977,49.1624072],[27.6398235,49.1680078],[27.6868114,49.14172],[27.7405979,49.1386354],[27.7825463,49.1730157],[27.7760375,49.1898863],[27.7910546,49.1744987],[27.8148604,49.1894587],[27.8548763,49.1706542],[27.8982953,49.1864329],[27.8935454,49.2100458],[27.8665303,49.2132184],[27.8560102,49.2356407],[27.8724942,49.246001],[27.849279,49.2638086],[27.8624465,49.2795257],[27.8578311,49.3285334],[27.8115038,49.3661421],[27.8290885,49.3677482],[27.8119676,49.3883301],[27.8336695,49.3911628],[27.8514797,49.4271553],[27.7504916,49.439866],[27.7637836,49.4785293],[27.7913667,49.4888503],[27.7349861,49.4965424],[27.7429086,49.5316255],[27.7751696,49.5203064],[27.79414,49.5307482],[27.7904102,49.5569821],[27.7583295,49.5763039],[27.8122938,49.6183208],[27.8115797,49.6445014],[27.7660225,49.6664265],[27.7625993,49.6972532],[27.8117178,49.7019583],[27.8371073,49.7297983],[27.8169106,49.7346451],[27.8358037,49.7558549],[27.9803703,49.7801209],[28.0421653,49.7704903],[28.2261284,49.7851912],[28.2493898,49.8150445],[28.2626483,49.7995359],[28.3790964,49.7803565],[28.406665,49.7919769],[28.421866,49.8249026],[28.4694868,49.8227535],[28.4819698,49.8071598],[28.528529,49.8204857],[28.5698352,49.7740313],[28.6011352,49.7818806],[28.6022153,49.8101529],[28.6363941,49.8173172],[28.7339902,49.7982339],[28.7589755,49.8183008],[28.7507105,49.8444329],[28.8439089,49.8599461],[28.8572808,49.8885749],[28.8807905,49.8883196],[28.9537469,49.8399143],[28.9444017,49.8195432],[28.9702209,49.803634],[28.9421847,49.7838344],[29.002173,49.7385919],[29.0047973,49.7265993],[28.9457578,49.6791227],[29.0100966,49.6325611],[28.9851159,49.6032072],[29.1171118,49.5840742]]]]}},{"type":"Feature","properties":{"key":"volynska","name":"Волинська область"},"geometry":{"type":"MultiPolygon","coordinates":[[[[25.1127372,50.2872511],[25.1004192,50.3003734],[25.1089933,50.312181],[25.166108,50.3309877],[25.1411137,50.3694749],[25.1689863,50.379721],[25.1791587,50.3623439],[25.1987354,50.3631414],[25.2099672,50.3810878],[25.1697754,50.3957592],[25.1586131,50.4288897],[25.1395248,50.4279387],[25.1535927,50.443208],[25.1382735,50.4609339],[25.0841286,50.4753845],[25.1514629,50.4664204],[25.1601992,50.5052718],[25.1226716,50.5282483],[25.1222643,50.5537674],[25.2563203,50.5326203],[25.2961779,50.539418],[25.3214908,50.5686287],[25.3187925,50.5835466],[25.3003603,50.57966],[25.2919757,50.6306207],[25.327515,50.612044],[25.4061409,50.6116682],[25.3516629,50.6415001],[25.3873685,50.657972],[25.3793258,50.6906481],[25.4045936,50.6689651],[25.459872,50.6621519],[25.4697049,50.6800497],[25.6016841,50.6962943],[25.6067247,50.7175583],[25.6942632,50.7248322],[25.694638,50.703857],[25.7221432,50.6835286],[25.7088346,50.6714007],[25.772751,50.6762183],[25.829291,50.6197402],[25.8444457,50.6310371],[25.8234903,50.6466156],[25.8785688,50.7085643],[25.8717866,50.7384433],[25.9024577,50.8317641],[26.0219631,50.8209095],[26.0395822,50.8417669],[25.9916053,50.8658091],[26.0007128,50.9352246],[25.9668209,50.9569366],[26.0847548,50.973315],[26.0856252,51.0027433],[26.1072604,51.0052074],[26.0876336,51.0524654],[26.0169394,51.0833802],[25.9409768,51.0844987],[25.9419083,51.1190775],[26.0587707,51.1425783],[26.0655041,51.1792942],[25.9958532,51.2277033],[25.9462646,51.2324529],[25.9380642,51.2778882],[25.8328239,51.3302802],[25.8211619,51.3456679],[25.8354935,51.3623281],[25.8242955,51.3659906],[25.8442707,51.3756593],[25.8310733,51.3870922],[25.7812192,51.374238],[25.7552737,51.3811237],[25.7596731,51.4003535],[25.724892,51.4000976],[25.7247512,51.3805838],[25.694955,51.3756698],[25.7038411,51.3839753],[25.6874205,51.4054452],[25.6465004,51.4168456],[25.6414964,51.4788272],[25.6180505,51.477255],[25.623788,51.4952847],[25.6021037,51.4931907],[25.6102304,51.5070831],[25.5554116,51.5007249],[25.5499835,51.5194145],[25.5953005,51.5246586],[25.5652253,51.5398009],[25.5986634,51.5809722],[25.555341,51.624373],[25.5319313,51.6139757],[25.5299224,51.6311051],[25.5776216,51.6246537],[25.6410946,51.6817479],[25.6829221,51.755873],[25.6695262,51.7732034],[25.6497102,51.7667481],[25.659371,51.7836328],[25.6316477,51.8041015],[25.6501557,51.8188508],[25.6401309,51.8492329],[25.7086476,51.8946784],[25.6282182,51.903493],[25.5272637,51.9404609],[25.508814,51.9219391],[25.409967,51.9217271],[25.2635815,51.9685318],[25.1913842,51.969265],[25.1001815,51.9534968],[24.9340147,51.8915723],[24.9145333,51.9168728],[24.8430996,51.8960122],[24.8347851,51.913179],[24.8101953,51.9118544],[24.7496877,51.8810581],[24.6252338,51.902734],[24.3874583,51.8818812],[24.3398107,51.864175],[24.3379137,51.8456778],[24.2990791,51.8141021],[24.3196933,51.7511232],[24.2684448,51.7162146],[24.1203919,51.6665208],[24.0761285,51.6195405],[23.9965063,51.5800932],[23.9280353,51.5977463],[23.8824379,51.5922427],[23.8802857,51.6083955],[23.91277,51.63145],[23.7884929,51.6404773],[23.7827115,51.6675154],[23.6784055,51.6530631],[23.605894,51.6208437],[23.6308457,51.5922034],[23.6610179,51.584141],[23.6363009,51.5488697],[23.6768865,51.5066343],[23.6164718,51.5030887],[23.6698193,51.4830266],[23.6763093,51.471005],[23.6467054,51.4591035],[23.6494419,51.4462588],[23.6846315,51.4452309],[23.6769879,51.4296733],[23.7029331,51.4195452],[23.6927804,51.4145222],[23.702745,51.4035486],[23.6768977,51.3940502],[23.6865786,51.3686162],[23.6653177,51.3668242],[23.6357728,51.3285152],[23.6484099,51.2874239],[23.6950112,51.2916376],[23.7266273,51.2613533],[23.7391885,51.2119678],[23.8692694,51.1503124],[23.8698362,51.1298932],[23.8496118,51.1239729],[23.8568592,51.0999511],[23.8759258,51.0770683],[23.9110918,51.0745997],[23.9130177,51.0417602],[23.9315173,51.0380787],[23.915899,51.0284029],[23.9356556,51.0147039],[23.9150801,51.0070511],[23.9567549,50.9907622],[23.9703809,50.9502985],[24.0523451,50.8914141],[24.1455976,50.8693076],[24.1001561,50.8359482],[23.989623,50.8374434],[23.9574523,50.7945291],[23.9781601,50.7684295],[24.0237094,50.7664726],[24.0111459,50.7544848],[24.0236574,50.750864],[24.0166896,50.7229644],[24.0721998,50.7203423],[24.0622882,50.6778592],[24.0910631,50.6637306],[24.0881859,50.6352687],[24.1548753,50.6466569],[24.2111125,50.5922008],[24.3122418,50.5718515],[24.3234189,50.5998563],[24.3807168,50.6091548],[24.4133393,50.5866964],[24.3987056,50.5741136],[24.4064438,50.5602388],[24.4502741,50.5391609],[24.4890428,50.5564581],[24.5306178,50.5515668],[24.5545922,50.4940955],[24.5877637,50.4933891],[24.5974305,50.4784911],[24.5812278,50.4579671],[24.5994459,50.4561891],[24.5967046,50.4138503],[24.6543127,50.4101312],[24.7072769,50.3837259],[24.7219634,50.3732731],[24.7148915,50.3428563],[24.7786951,50.3394932],[24.8668826,50.3610932],[24.887188,50.3588069],[24.8854736,50.344471],[24.9368321,50.3457144],[24.9293611,50.378121],[24.9406026,50.3892649],[25.0168725,50.3416365],[25.0587799,50.3423377],[25.0542227,50.3009788],[25.1127372,50.2872511]]]]}},{"type":"Feature","properties":{"key":"dnipropetrovska","name":"Дніпропетровська область"},"geometry":{"type":"MultiPolygon","coordinates":[[[[36.8125275,48.3302366],[36.8169129,48.3126134],[36.9122949,48.3085461],[36.9368344,48.1940214],[36.8727082,48.1841687],[36.8963385,48.0776058],[36.8540961,48.0346001],[36.8034774,48.0530088],[36.7436151,48.0504188],[36.7469473,48.0643429],[36.7187174,48.0846701],[36.6533545,48.1002126],[36.6361105,48.0940076],[36.6501109,48.088002],[36.5804583,48.0797255],[36.5872874,48.0523601],[36.5738709,48.0400286],[36.5909277,48.0201753],[36.5689448,48.0112058],[36.5867638,48.0008484],[36.5761042,47.9973816],[36.5851415,47.9566416],[36.6288135,47.9618257],[36.6402445,47.9203042],[36.5419522,47.9060131],[36.5493443,47.8773685],[36.5765553,47.8801693],[36.5847724,47.8473971],[36.5228575,47.828813],[36.324133,47.8394667],[36.3326449,47.820649],[36.2754525,47.8153599],[36.2661856,47.833203],[36.1902423,47.8365901],[36.1958241,47.8594481],[36.0736508,47.8488326],[36.0540611,47.8800013],[36.0807874,47.8832195],[36.0872019,47.8612274],[36.1192273,47.8647615],[36.1301856,47.8903331],[36.1197291,47.9278626],[36.1087035,47.9417691],[36.0850119,47.9303057],[36.0735698,47.9652124],[36.0479461,47.9655214],[36.0707449,47.9715179],[36.0619976,48.0010325],[36.0344335,48.0187162],[36.0655311,48.0251985],[36.0524844,48.0590719],[35.9752911,48.043179],[35.9885154,48.058354],[35.9694347,48.0731229],[35.985463,48.0846407],[35.9680354,48.0945838],[35.8168631,48.0661227],[35.8059059,48.1004255],[35.7428249,48.0957479],[35.7034121,48.1402147],[35.5241386,48.0746014],[35.514657,48.096098],[35.4212624,48.1001881],[35.2842948,48.1449302],[35.1026633,48.1317639],[35.0579429,48.1204851],[35.0389152,48.0984461],[34.9297378,48.0903267],[34.9147229,48.0909369],[34.9158128,48.1306035],[34.8551126,48.133049],[34.8756638,48.0544638],[34.8392142,48.0505126],[34.8465192,48.0136198],[34.8583305,48.0151785],[34.8695389,47.9823938],[34.9048844,47.9857185],[34.9190894,47.9334607],[34.8810268,47.9289083],[34.8764227,47.9419506],[34.8492,47.9377732],[34.8516809,47.9209705],[34.8019738,47.915638],[34.8171129,47.8643294],[34.860842,47.8805301],[34.8708044,47.8506261],[34.8972316,47.8528148],[34.9033773,47.8295927],[34.8788837,47.8184011],[34.8936183,47.7602236],[34.9574977,47.7695877],[34.9649274,47.7402064],[34.9560414,47.7123379],[34.9298855,47.7115927],[34.93824,47.6774],[34.9057129,47.6738848],[34.9420904,47.6010127],[34.9275494,47.5803095],[34.9593437,47.5631777],[34.9232089,47.5564082],[34.9610281,47.5607379],[34.965296,47.5478479],[34.8996211,47.5182247],[34.572379,47.5616158],[34.4688614,47.532118],[34.299975,47.5191405],[34.2073873,47.4882571],[33.9555129,47.457488],[33.9390234,47.5161112],[33.6436096,47.4845268],[33.6359662,47.5140686],[33.588445,47.5023016],[33.5759204,47.5286664],[33.5886516,47.5582341],[33.6090611,47.5618715],[33.5803214,47.600194],[33.473719,47.5873296],[33.4861004,47.5439264],[33.3226885,47.5235625],[33.3488161,47.4936669],[33.3141379,47.4825937],[33.3099756,47.5015974],[33.278779,47.5177444],[33.2872009,47.5433013],[33.2155108,47.5331085],[33.2326342,47.5776116],[33.1718551,47.5666814],[33.0926838,47.5788322],[33.0950145,47.5971097],[32.9595839,47.5931072],[32.9968841,47.6151206],[32.9722994,47.7226695],[33.0720927,47.7389395],[33.0499017,47.7818048],[33.0661808,47.7835752],[33.0608264,47.858987],[33.0861701,47.884908],[33.0783706,47.9204573],[33.0041257,47.9132389],[32.9945705,47.9843104],[33.0205379,47.9852287],[33.036952,48.0337805],[33.109175,48.0424559],[33.1090739,48.065609],[33.1431898,48.0639347],[33.1537542,48.0421922],[33.1416496,48.0765247],[33.2250584,48.0922047],[33.2355386,48.1134027],[33.1870989,48.1042245],[33.181681,48.1180973],[33.2321509,48.1271566],[33.2127238,48.1698789],[33.2428521,48.1725158],[33.2472448,48.1516151],[33.271753,48.153682],[33.2769907,48.1032988],[33.2933922,48.101973],[33.3165281,48.124455],[33.291361,48.149523],[33.4306064,48.1699393],[33.4301453,48.1887345],[33.4961675,48.202146],[33.4847526,48.2143047],[33.5006559,48.2318993],[33.5111682,48.2188807],[33.5459884,48.2348788],[33.5296946,48.2757412],[33.5128577,48.2781058],[33.5175368,48.329029],[33.4735583,48.329004],[33.4781858,48.3492877],[33.460723,48.3530078],[33.4684699,48.388193],[33.4971077,48.393669],[33.4724917,48.5449163],[33.509479,48.5681438],[33.6232085,48.5665173],[33.6092517,48.5994683],[33.6500646,48.5997633],[33.6613741,48.58621],[33.7624908,48.6246124],[33.7566241,48.6574445],[33.8018692,48.6627786],[33.8053568,48.6875783],[33.7503398,48.681167],[33.6819104,48.7231043],[33.6187843,48.7275595],[33.607564,48.7513511],[33.5851037,48.7547656],[33.5831319,48.7969551],[33.6381151,48.7902809],[33.6742008,48.8148154],[33.7152649,48.8137289],[33.7252513,48.7892112],[33.811374,48.8028204],[33.8190656,48.7760891],[33.8509542,48.7708127],[33.8477445,48.8025881],[33.8943109,48.9019481],[33.9259521,48.8803386],[34.0209598,48.8649649],[34.0748176,48.8239951],[34.1199008,48.8224512],[34.1278433,48.7837892],[34.2864463,48.7438899],[34.2953568,48.7235747],[34.3144425,48.7395117],[34.3089164,48.7652948],[34.3423131,48.7832051],[34.2980786,48.7845398],[34.2971606,48.8207337],[34.3385376,48.8204191],[34.3253467,48.8442983],[34.35061,48.8499726],[34.300152,48.8958351],[34.312023,48.9405911],[34.3531174,48.9838003],[34.3256542,48.9987287],[34.3603802,49.0333022],[34.4157888,49.0548183],[34.4019662,49.0936058],[34.4655688,49.0644361],[34.5155039,49.0719859],[34.5582025,49.0554068],[34.5739065,49.0632597],[34.5722795,49.0952183],[34.5948787,49.0941514],[34.5908903,49.1119573],[34.7490692,49.1406315],[34.7653563,49.1511942],[34.7583969,49.1683372],[34.7849281,49.179734],[34.8117366,49.1666705],[34.8240871,49.1884506],[34.9017383,49.1781245],[34.867184,49.1647966],[34.8993484,49.1490508],[34.9485112,49.1939422],[35.0114267,49.1489003],[35.0432547,49.1552938],[35.0531214,49.1769934],[35.0756038,49.170146],[35.086539,49.1413468],[35.122365,49.1644341],[35.1439962,49.1500608],[35.1879168,49.1626413],[35.209995,49.1510523],[35.1897705,49.1382456],[35.2282838,49.1266789],[35.1902869,49.110238],[35.2282574,49.1005998],[35.2578448,49.1133858],[35.2759232,49.0907467],[35.3069714,49.0919692],[35.3018862,49.0693869],[35.4012486,49.0304476],[35.4086493,49.013051],[35.4387405,49.0111778],[35.4855021,48.9725939],[35.6266838,48.9831815],[35.6285334,48.9671668],[35.6951155,48.9671557],[35.695998,48.9427585],[35.7241971,48.9665575],[35.7522901,48.9466732],[35.7891069,48.9544168],[35.8074365,48.9271799],[35.8295993,48.9501489],[35.8567153,48.9450491],[35.8838604,48.9752096],[35.9387829,48.9713022],[35.9399698,48.9990133],[35.9890893,48.9693509],[35.9773899,48.9596734],[36.0035164,48.9463562],[35.9955519,48.9393712],[36.0436846,48.9153848],[36.0117342,48.8880117],[36.04008,48.8735334],[36.0192844,48.8546717],[36.0756049,48.8332397],[36.0649955,48.8083981],[36.1235371,48.8085277],[36.1592194,48.7842264],[36.1594635,48.7680938],[36.1401103,48.7658944],[36.1618074,48.748951],[36.1430402,48.7243035],[36.2810903,48.6608545],[36.251138,48.620609],[36.319428,48.5872395],[36.271346,48.5437229],[36.2962497,48.531178],[36.3238878,48.5555752],[36.355173,48.5322871],[36.4241059,48.611917],[36.4459061,48.613845],[36.4193355,48.6340535],[36.4468109,48.6324184],[36.482913,48.6636476],[36.5906985,48.6027629],[36.7389079,48.6259487],[36.7453516,48.5964344],[36.7788749,48.6004272],[36.7880228,48.5669533],[36.8590236,48.5691675],[36.8847755,48.5417438],[36.9015433,48.5433428],[36.9065916,48.5208455],[36.8503227,48.517818],[36.8571514,48.4872014],[36.8298418,48.4846492],[36.8514919,48.4173789],[36.8245169,48.4146079],[36.8361041,48.4068471],[36.8205392,48.4051217],[36.827865,48.369503],[36.8122818,48.3684573],[36.8125275,48.3302366]]]]}},{"type":"Feature","properties":{"key":"donetska","name":"Донецька область"},"geometry":{"type":"MultiPolygon","coordinates":[[[[37.4375896,46.7158298],[37.2969758,46.687677],[37.1687215,46.710379],[37.0214221,46.9278993],[37.1411334,46.9819937],[37.0893372,47.0074623],[37.1249171,47.0391072],[37.0986952,47.0592489],[37.081212,47.0474791],[36.9854531,47.0797697],[37.0127873,47.0893668],[37.0017538,47.1276285],[36.9835274,47.1244045],[36.9495352,47.1586788],[36.8884834,47.1708321],[36.8547708,47.1991557],[36.9625814,47.2016615],[36.9260221,47.3194161],[37.0264564,47.3147836],[37.0361269,47.2999843],[37.1221769,47.3403728],[37.106553,47.3759571],[37.146039,47.3811051],[37.1619798,47.341438],[37.2034197,47.3557556],[37.1945741,47.3733558],[37.2451667,47.4691811],[37.189947,47.4691507],[37.1959706,47.4789319],[37.1797983,47.4836571],[37.1577018,47.4548597],[37.0742173,47.4936995],[37.0210271,47.5527976],[37.0015961,47.5388645],[36.9443387,47.5761317],[36.8934106,47.5449148],[36.8303171,47.6242291],[36.7481032,47.6065962],[36.7452576,47.6217404],[36.765849,47.6341133],[36.725195,47.6310934],[36.7182719,47.6588466],[36.7747236,47.665137],[36.7916444,47.6849218],[36.7133797,47.6788709],[36.6713057,47.7935819],[36.5878379,47.7845698],[36.6047014,47.8508377],[36.5847724,47.8473971],[36.5765553,47.8801693],[36.5493443,47.8773685],[36.5419522,47.9060131],[36.6402445,47.9203042],[36.6288135,47.9618257],[36.5851415,47.9566416],[36.5761042,47.9973816],[36.5867638,48.0008484],[36.5689448,48.0112058],[36.5909277,48.0201753],[36.5738709,48.0400286],[36.5872874,48.0523601],[36.5804583,48.0797255],[36.6501109,48.088002],[36.6361105,48.0940076],[36.6533545,48.1002126],[36.7187174,48.0846701],[36.7469473,48.0643429],[36.7436151,48.0504188],[36.8034774,48.0530088],[36.8545286,48.0346107],[36.8963385,48.0776058],[36.8727082,48.1841687],[36.9368344,48.1940214],[36.9120401,48.3091419],[36.8169129,48.3126134],[36.8087751,48.3478964],[36.8122818,48.3684573],[36.827865,48.369503],[36.8205392,48.4051217],[36.8361041,48.4068471],[36.8245679,48.4147094],[36.8514919,48.4173789],[36.8298418,48.4846492],[36.8571514,48.4872014],[36.8503227,48.517818],[36.9065916,48.5208455],[36.9015433,48.5433428],[36.8847755,48.5417438],[36.8590236,48.5691675],[36.7880228,48.5669533],[36.7788749,48.6004272],[36.7453516,48.5964344],[36.7118326,48.6925518],[36.7356495,48.7038903],[36.7091205,48.767446],[36.6893666,48.7760794],[36.7207933,48.8060797],[36.7905575,48.8019771],[36.7886624,48.7808424],[36.8212339,48.7713601],[36.8392986,48.7727018],[36.8542182,48.800445],[36.9528204,48.7952474],[37.035749,48.7460095],[37.0431197,48.7661786],[36.994919,48.7873734],[37.0237648,48.8178852],[37.0783612,48.8176962],[37.0988131,48.8507912],[37.1920963,48.8144756],[37.1931517,48.8811427],[37.2226721,48.9087399],[37.3283404,48.9221538],[37.3322457,48.9347819],[37.3073119,48.9469698],[37.3208249,48.9565342],[37.294625,48.9696536],[37.3246068,48.9827871],[37.3113835,48.9900319],[37.3443961,49.0034979],[37.3669159,48.9916652],[37.3753542,49.026272],[37.3919077,49.0250599],[37.385273,49.0483431],[37.4812049,49.057663],[37.5058865,49.0701829],[37.4873418,49.1017569],[37.5848991,49.1260061],[37.5409323,49.1456573],[37.5642568,49.1399758],[37.5537103,49.1668511],[37.502566,49.186479],[37.5610059,49.2280431],[37.6142746,49.2331348],[37.8435096,49.201336],[37.8745133,49.2339965],[37.8896007,49.2118835],[37.9425636,49.2141219],[37.9193732,49.2066285],[37.9349032,49.1916819],[37.8933772,49.1751721],[37.8928462,49.1606054],[37.9268901,49.1435746],[38.0397856,49.1265397],[38.043648,49.1504996],[38.0815852,49.148068],[38.0526388,49.0595841],[38.0984884,48.9924678],[38.0524671,48.9857249],[38.0537116,48.9648958],[38.0286759,48.973432],[38.0075289,48.9446747],[38.037377,48.9248644],[38.0537975,48.9395869],[38.1333625,48.92374],[38.2279914,48.9367431],[38.2212424,48.8392965],[38.3137518,48.8284843],[38.3167452,48.8057329],[38.2785505,48.8025566],[38.2831317,48.7734726],[38.2631332,48.7502753],[38.3198512,48.7334541],[38.3251351,48.7140328],[38.3041522,48.7108401],[38.3153021,48.6843592],[38.2259282,48.6527031],[38.22888,48.6340971],[38.2634819,48.6370174],[38.2737225,48.5453326],[38.3206317,48.5081625],[38.2995039,48.4896126],[38.3052224,48.4753823],[38.2881689,48.4761967],[38.3407992,48.4373299],[38.3721489,48.4425648],[38.3824003,48.4294141],[38.4331875,48.4476651],[38.4391053,48.3915523],[38.4868568,48.361872],[38.4334453,48.3392632],[38.4411454,48.3164583],[38.4270415,48.2782877],[38.5753142,48.2673126],[38.6134215,48.2042346],[38.6016265,48.1725099],[38.8203959,48.1162414],[38.806696,48.0882836],[38.8174818,48.0843192],[38.7995269,48.0747152],[38.8179226,48.0659146],[38.8293027,48.0774432],[38.8314692,48.0579098],[38.8126713,48.0479449],[38.8253525,48.0297743],[38.8612538,48.0147577],[39.0398439,48.0069404],[39.0385008,47.9563534],[39.0914413,47.9409895],[39.0651605,47.8960073],[39.0744035,47.8696799],[38.8430455,47.8654397],[38.8261396,47.8456495],[38.8288513,47.8154709],[38.7893209,47.8156041],[38.7838277,47.7880392],[38.796469,47.7734491],[38.7892699,47.7370938],[38.7712696,47.7267909],[38.7726054,47.6850793],[38.665832,47.6987997],[38.6657153,47.6695518],[38.6296731,47.6691914],[38.6164573,47.6445642],[38.4566981,47.6441856],[38.4566452,47.617016],[38.3507013,47.6167113],[38.3509106,47.576239],[38.3110401,47.5760896],[38.3065115,47.544685],[38.2850119,47.5442527],[38.3026314,47.391622],[38.2446595,47.3636875],[38.2209729,47.3054159],[38.3362596,47.3062526],[38.3226031,47.2814963],[38.3337182,47.2694874],[38.2880972,47.2564048],[38.288419,47.2387097],[38.2332252,47.2296195],[38.2427672,47.2171625],[38.2282497,47.1225926],[38.3381215,46.9807515],[38.1408636,46.8609996],[37.620074,46.8298909],[37.4375896,46.7158298]]]]}},{"type":"Feature","properties":{"key":"zakarpatska","name":"Закарпатська область"},"geometry":{"type":"MultiPolygon","coordinates":[[[[24.1314322,48.5288777],[24.1125094,48.5342569],[24.0318758,48.5007076],[24.0018086,48.5059885],[23.9659113,48.4584304],[23.9250494,48.4652716],[23.9083765,48.4831301],[23.9289158,48.5523017],[23.8599546,48.5545137],[23.8040131,48.5805843],[23.786535,48.6060369],[23.7889834,48.6406426],[23.7035452,48.6391312],[23.6260087,48.7065158],[23.5118596,48.7347223],[23.4718862,48.7182803],[23.3968405,48.7328638],[23.361996,48.7706253],[23.3257529,48.7533961],[23.2858766,48.7758814],[23.267999,48.7616659],[23.2015215,48.7604128],[23.1680128,48.8168054],[23.133557,48.8340725],[23.1325484,48.8521697],[23.0985234,48.8628344],[23.0000162,48.8304758],[22.974838,48.8446284],[22.970152,48.8744717],[22.8996376,48.903591],[22.8778633,48.93251],[22.8736946,48.9572826],[22.9190777,48.970365],[22.8980202,49.0050469],[22.847092,49.0023872],[22.8337495,49.0260768],[22.7654949,49.0535296],[22.6801837,49.0393819],[22.5824777,49.0973238],[22.553237,49.079483],[22.545495,49.006765],[22.477309,48.991182],[22.424921,48.929329],[22.421124,48.884602],[22.383536,48.86504],[22.387648,48.80004],[22.345697,48.766147],[22.361795,48.7302],[22.339611,48.683893],[22.250294,48.647399],[22.171379,48.587537],[22.137059,48.418795],[22.143973,48.403844],[22.2073947,48.425715],[22.2651338,48.409986],[22.2401744,48.386055],[22.2672826,48.3612219],[22.3178163,48.3545435],[22.3126578,48.3264085],[22.3370319,48.3075064],[22.3386764,48.2790289],[22.3847548,48.2339633],[22.4006408,48.249198],[22.5014498,48.2492092],[22.5311089,48.2094282],[22.5711443,48.1961428],[22.5613894,48.1815208],[22.5982449,48.144756],[22.5902764,48.1073415],[22.6729488,48.0917969],[22.7347193,48.1195795],[22.77037,48.1089087],[22.7716327,48.1216856],[22.8027897,48.1219346],[22.8050756,48.106174],[22.82417,48.1175352],[22.8364482,48.0803814],[22.8819934,48.0532824],[22.8655662,48.0120287],[22.8363041,47.9903102],[22.8956682,47.9541719],[22.9476952,47.9673562],[22.9201004,48.0069153],[22.9271159,48.0191626],[23.0135472,47.990551],[23.0906324,48.0058477],[23.1091022,48.0353401],[23.1054463,48.0659863],[23.1233707,48.0773735],[23.1138764,48.0871407],[23.1679344,48.1199956],[23.1895497,48.0977003],[23.2676437,48.1000756],[23.29102,48.07188],[23.2765371,48.059736],[23.2879691,48.04679],[23.4936132,47.9678237],[23.5297268,48.0217884],[23.5669827,48.0028614],[23.6389336,48.0020865],[23.665664,47.9835135],[23.7511867,47.998354],[23.8191132,47.9832191],[23.8647133,47.9316846],[24.0078958,47.9675026],[24.0978567,47.9370423],[24.1126028,47.9147512],[24.19533,47.91687],[24.221271,47.896894],[24.3249358,47.9260139],[24.3491371,47.9151885],[24.436135,47.9703831],[24.5042909,47.9520575],[24.552554,47.9585476],[24.5760995,48.0161952],[24.6274681,48.0471417],[24.5981826,48.0886719],[24.5035529,48.152684],[24.5186308,48.1745361],[24.5106724,48.186566],[24.5439218,48.2184349],[24.4851822,48.2432432],[24.488186,48.2798435],[24.416855,48.3320195],[24.3575496,48.3515885],[24.3583242,48.3732724],[24.3398835,48.3858187],[24.2874256,48.3979981],[24.2890187,48.3806582],[24.2582251,48.3496805],[24.1788062,48.3652384],[24.1519099,48.3892835],[24.1454481,48.4345163],[24.1266282,48.4521025],[24.1400473,48.48091],[24.1146162,48.4979251],[24.1314322,48.5288777]]]]}},{"type":"Feature","properties":{"key":"zaporizka","name":"Запорізька область"},"geometry":{"type":"MultiPolygon","coordinates":[[[[34.9468732,46.512555],[34.890103,46.5069564],[34.8907061,46.5631548],[34.7568736,46.5493492],[34.748275,46.5841895],[34.7232991,46.5814666],[34.7127641,46.6200738],[34.7563087,46.6269756],[34.7461772,46.6832188],[34.6322356,46.6876186],[34.6252257,46.723972],[34.7350052,46.7473443],[34.7501431,46.7805134],[34.7675765,46.7809131],[34.7581324,46.8227066],[34.8165539,46.8284506],[34.8046826,46.8825274],[34.7525692,46.8795369],[34.7364408,46.9613595],[34.6854556,46.9558631],[34.6809711,46.9791411],[34.6238427,46.9733971],[34.6174822,46.9933158],[34.5996222,46.9917725],[34.5916567,47.0267916],[34.5672697,47.0244915],[34.5534973,47.1059694],[34.5195021,47.1047491],[34.4909976,47.2406],[34.5300976,47.2507598],[34.5182002,47.2835488],[34.4877638,47.2799494],[34.4804555,47.3077858],[34.5161124,47.3184443],[34.5121847,47.3350429],[34.4138387,47.3234564],[34.4192258,47.3006584],[34.3987637,47.2982773],[34.4013965,47.2870834],[34.3302362,47.2904306],[34.2935203,47.2736457],[34.2426886,47.4338649],[34.1394646,47.4772499],[34.299975,47.5191405],[34.4688614,47.532118],[34.572379,47.5616158],[34.7963243,47.5370197],[34.8622727,47.5150718],[34.9580347,47.538279],[34.9610281,47.5607379],[34.9232089,47.5564082],[34.9593437,47.5631777],[34.9275494,47.5803095],[34.9420904,47.6010127],[34.9057129,47.6738848],[34.93824,47.6774],[34.9298855,47.7115927],[34.9560414,47.7123379],[34.9574977,47.7695877],[34.8936183,47.7602236],[34.8788837,47.8184011],[34.9033773,47.8295927],[34.8972316,47.8528148],[34.8708044,47.8506261],[34.860842,47.8805301],[34.8171129,47.8643294],[34.8019738,47.915638],[34.8516809,47.9209705],[34.8492,47.9377732],[34.8764227,47.9419506],[34.8810268,47.9289083],[34.9190894,47.9334607],[34.9048844,47.9857185],[34.8695389,47.9823938],[34.8583305,48.0151785],[34.8465192,48.0136198],[34.8392142,48.0505126],[34.8756638,48.0544638],[34.8551126,48.133049],[34.9158128,48.1306035],[34.9147229,48.0909369],[34.9297378,48.0903267],[35.0389152,48.0984461],[35.0579429,48.1204851],[35.1026633,48.1317639],[35.2842948,48.1449302],[35.4212624,48.1001881],[35.514657,48.096098],[35.5241386,48.0746014],[35.7034121,48.1402147],[35.7428249,48.0957479],[35.8059059,48.1004255],[35.8168631,48.0661227],[35.968644,48.0944313],[35.9854821,48.084501],[35.9694347,48.0731229],[35.9885154,48.058354],[35.9752911,48.043179],[36.0524844,48.0590719],[36.0655311,48.0251985],[36.0344335,48.0187162],[36.0619976,48.0010325],[36.0707449,47.9715179],[36.0479461,47.9655214],[36.0735698,47.9652124],[36.0850119,47.9303057],[36.1087035,47.9417691],[36.1197291,47.9278626],[36.1301856,47.8903331],[36.1192273,47.8647615],[36.0872019,47.8612274],[36.0807874,47.8832195],[36.0540611,47.8800013],[36.0736508,47.8488326],[36.1958241,47.8594481],[36.1902423,47.8365901],[36.2661856,47.833203],[36.2754525,47.8153599],[36.3326449,47.820649],[36.324133,47.8394667],[36.4759563,47.824198],[36.6047014,47.8508377],[36.5878379,47.7845698],[36.6713057,47.7935819],[36.7133797,47.6788709],[36.7916444,47.6849218],[36.7747236,47.665137],[36.7182719,47.6588466],[36.725195,47.6310934],[36.765849,47.6341133],[36.7452576,47.6217404],[36.7481032,47.6065962],[36.8303171,47.6242291],[36.8934106,47.5449148],[36.9443387,47.5761317],[37.0015961,47.5388645],[37.0210271,47.5527976],[37.0742173,47.4936995],[37.1577018,47.4548597],[37.1797983,47.4836571],[37.1959706,47.4789319],[37.189947,47.4691507],[37.2451667,47.4691811],[37.1945741,47.3733558],[37.2034197,47.3557556],[37.1619798,47.341438],[37.146039,47.3811051],[37.106553,47.3759571],[37.1221769,47.3403728],[37.0361269,47.2999843],[37.0264564,47.3147836],[36.9260221,47.3194161],[36.9625814,47.2016615],[36.8547708,47.1991557],[36.8884834,47.1708321],[36.9495352,47.1586788],[36.9835274,47.1244045],[37.0017538,47.1276285],[37.0127873,47.0893668],[36.9854531,47.0797697],[37.081212,47.0474791],[37.0986952,47.0592489],[37.1249171,47.0391072],[37.0893372,47.0074623],[37.1411334,46.9819937],[37.0214221,46.9278993],[37.1687215,46.710379],[37.097886,46.6898727],[37.024161,46.6389232],[36.9891574,46.5505902],[36.8927349,46.4839878],[36.7263834,46.4609744],[36.6288062,46.4836452],[36.5457041,46.5356505],[36.4987834,46.5281547],[36.4462598,46.4637262],[36.3584708,46.4178707],[36.2775441,46.3441003],[36.1182054,46.3005817],[35.9516906,46.3284899],[35.8444224,46.409999],[35.5819369,46.2628108],[35.4680391,46.1464862],[35.2780627,46.264581],[35.128223,46.3020878],[35.0720342,46.2995725],[35.0546771,46.4818658],[35.0213956,46.4789514],[34.9468732,46.512555]]]]}},{"type":"Feature","properties":{"key":"ivano-frankivska","name":"Івано-Франківська область"},"geometry":{"type":"MultiPolygon","coordinates":[[[[25.6042868,48.6509152],[25.6397523,48.668035],[25.6211058,48.6803485],[25.6525601,48.7016794],[25.6099477,48.7226431],[25.6405498,48.7481111],[25.5519389,48.7997645],[25.4554085,48.8308982],[25.464586,48.8608971],[25.4297154,48.8704424],[25.438904,48.8482925],[25.4268331,48.8430251],[25.3500345,48.8591317],[25.3254245,48.8377674],[25.2431523,48.8668595],[25.2109485,48.8462336],[25.2342541,48.9319971],[25.1908258,48.9270798],[25.1981439,48.9147253],[25.1675139,48.8937422],[25.1705651,48.8703733],[25.1426264,48.8678698],[25.1182455,48.9236093],[25.1474515,48.9436136],[25.1097598,48.9637789],[25.1194282,48.9948119],[25.0784253,48.9841232],[25.0174572,49.0113635],[24.9654863,48.9927996],[24.9695627,49.0113149],[24.9029265,49.054698],[24.9162995,49.0830878],[24.9912198,49.0712032],[24.9721039,49.0965038],[24.9853817,49.1167563],[24.8997975,49.1290557],[24.8564621,49.1635193],[24.8564072,49.1778128],[24.9338983,49.2331308],[24.8433199,49.2625519],[24.8285837,49.3207852],[24.8359683,49.340807],[24.8592875,49.3470144],[24.8332612,49.3632],[24.8290892,49.385184],[24.7755831,49.3775254],[24.771195,49.4311427],[24.7257309,49.4939231],[24.6400256,49.4971454],[24.5695913,49.5341219],[24.505327,49.5128466],[24.4875626,49.5477232],[24.4348914,49.5370975],[24.4398154,49.5116119],[24.4013917,49.4950409],[24.4180938,49.473818],[24.410474,49.4448809],[24.3598599,49.4307159],[24.3897592,49.4090804],[24.3870089,49.395005],[24.4300812,49.3770181],[24.4004994,49.3619071],[24.3807614,49.3078873],[24.3586958,49.3223664],[24.3414682,49.3103827],[24.3019053,49.3162908],[24.2992625,49.3005907],[24.3049558,49.2774402],[24.3389757,49.2919665],[24.3639187,49.2807444],[24.3409995,49.2432092],[24.3579039,49.2333716],[24.4468111,49.2306814],[24.4339873,49.2188362],[24.4349728,49.17381],[24.3566622,49.1858145],[24.2338885,49.1438173],[24.2072976,49.1484468],[24.1979369,49.1388471],[24.2130503,49.1333732],[24.1718168,49.144128],[24.1646304,49.127658],[24.0831149,49.1488487],[24.0184629,49.1173766],[23.9695063,49.137934],[23.9044927,49.0982005],[23.7590772,49.1221831],[23.7256408,49.0962636],[23.6907354,49.096291],[23.6733298,49.0362117],[23.6218094,49.0253087],[23.62361,49.0133845],[23.5658197,48.9745763],[23.586113,48.9545807],[23.5614709,48.910745],[23.6076115,48.8761053],[23.5764328,48.8673402],[23.5520107,48.8218729],[23.5791505,48.7844608],[23.5470764,48.7253908],[23.6301766,48.7043799],[23.6372327,48.684312],[23.7035452,48.6391312],[23.7889834,48.6406426],[23.791813,48.5921679],[23.8460976,48.5592129],[23.9289158,48.5523017],[23.9083765,48.4831301],[23.9250494,48.4652716],[23.9659113,48.4584304],[24.0018086,48.5059885],[24.0346258,48.5013128],[24.1241848,48.534142],[24.1328889,48.5241057],[24.1147147,48.4975439],[24.1400473,48.48091],[24.1266282,48.4521025],[24.1454481,48.4345163],[24.1519099,48.3892835],[24.1788062,48.3652384],[24.2582251,48.3496805],[24.2890187,48.3806582],[24.2848447,48.3957099],[24.304888,48.396606],[24.3502697,48.3813102],[24.3575496,48.3515885],[24.416855,48.3320195],[24.488186,48.2798435],[24.4848472,48.2436001],[24.5455697,48.216027],[24.5106724,48.186566],[24.5186308,48.1745361],[24.5035529,48.152684],[24.5981826,48.0886719],[24.6273941,48.0474602],[24.5745277,48.014288],[24.5629372,47.9686753],[24.5970154,47.9461889],[24.628475,47.9480106],[24.635075,47.9245072],[24.6739196,47.8963961],[24.6707318,47.865451],[24.7060689,47.8399448],[24.82773,47.82074],[24.8362408,47.7796892],[24.8783617,47.7526555],[24.8831486,47.7243679],[24.9225267,47.7267662],[24.9467367,47.7942449],[24.9974154,47.8554449],[24.9565366,47.8792792],[24.9444838,47.8986457],[24.9611632,47.9038771],[24.9570501,47.9199513],[24.9189622,47.9472274],[24.9292311,47.9535254],[24.9145803,47.9685915],[24.9114365,48.0266822],[24.9945237,48.0870843],[24.9814379,48.1129743],[25.0350616,48.1110668],[25.0400084,48.1283945],[25.0669265,48.1322425],[25.0669248,48.1573074],[25.093396,48.162235],[25.0897515,48.1824271],[25.1375377,48.1815034],[25.1065309,48.2252418],[25.1811111,48.2472468],[25.314749,48.3671382],[25.3823647,48.3924785],[25.4917716,48.402403],[25.621779,48.3787492],[25.6206098,48.4129993],[25.5988258,48.4131926],[25.6092023,48.5270566],[25.5873761,48.5898956],[25.5852734,48.6344621],[25.6042868,48.6509152]]]]}},{"type":"Feature","properties":{"key":"kyivska","name":"Київська область"},"geometry":{"type":"MultiPolygon","coordinates":[[[[30.6584793,51.5186366],[30.7822358,51.5120119],[30.789308,51.5251388],[30.7853608,51.5388484],[30.7088899,51.5531668],[30.7101451,51.5308866],[30.5857462,51.5159406],[30.6584793,51.5186366]]],[[[30.723595,50.5112203],[30.7510872,50.5245356],[30.7217145,50.5219732],[30.723595,50.5112203]]],[[[30.3438822,50.4986739],[30.3437004,50.4834799],[30.3173721,50.4920087],[30.3438822,50.4986739]]],[[[29.5352881,49.3238979],[29.6189189,49.3058315],[29.6076367,49.2995757],[29.6218564,49.2742129],[29.6130763,49.2655706],[29.6403734,49.2466115],[29.6899123,49.2374643],[29.7011975,49.2606401],[29.7161138,49.2358492],[29.7541296,49.2268784],[29.7274707,49.2081191],[29.7603021,49.1796938],[29.8205849,49.1786197],[29.8828813,49.1860685],[29.8768783,49.2002662],[29.9555578,49.2521576],[29.9471051,49.3121575],[30.0074222,49.315131],[30.0264808,49.3343837],[30.0783754,49.3224588],[30.0889081,49.2851361],[30.1123291,49.2703198],[30.1233349,49.289004],[30.1071414,49.3029173],[30.1366196,49.3313415],[30.2004215,49.328162],[30.1897437,49.2750853],[30.3665146,49.2552051],[30.3758619,49.2364118],[30.3978314,49.3034262],[30.4211241,49.3023807],[30.4139106,49.3304444],[30.4734596,49.3650013],[30.5155778,49.3277695],[30.5473941,49.3266149],[30.6071149,49.3703037],[30.7287195,49.3318835],[30.7999469,49.3539619],[30.9090149,49.3586178],[30.9366605,49.3946432],[30.9210956,49.4155958],[30.9936963,49.4224733],[31.0292932,49.4717513],[31.043914,49.4572739],[31.0401186,49.4737679],[31.0945648,49.4965212],[31.1090576,49.5571479],[31.1538449,49.5554094],[31.1397284,49.5720405],[31.1526976,49.5806129],[31.128754,49.5838776],[31.1356301,49.6037246],[31.2172779,49.6946845],[31.1963758,49.7015808],[31.2220092,49.7331515],[31.2049242,49.7571895],[31.2165089,49.7767907],[31.1897813,49.7902733],[31.2210363,49.8323358],[31.2078722,49.852244],[31.2471344,49.8680329],[31.2606901,49.8580382],[31.3104236,49.8918663],[31.3801579,49.907259],[31.3342738,49.9359058],[31.3475202,49.949126],[31.3342496,49.9558173],[31.2887594,49.9523762],[31.3053076,49.9725584],[31.2907657,49.9786275],[31.3829725,49.9928543],[31.4367112,49.9841657],[31.4450977,49.9742026],[31.4249519,49.9360291],[31.4340793,49.891807],[31.4966245,49.8598803],[31.5023639,49.8433268],[31.5147904,49.8688902],[31.5566061,49.8747815],[31.580868,49.9067395],[31.6126244,49.9061663],[31.6147053,49.8569405],[31.7178281,49.8525294],[31.7522795,49.8933895],[31.7739912,49.89373],[31.7706049,49.9203736],[31.8133873,49.9662075],[31.8897905,49.9624116],[31.9013949,49.9437454],[31.917853,49.9610248],[31.8999608,50.0192503],[31.9797333,50.038701],[31.9865417,50.0524735],[31.9040163,50.0560697],[31.9114146,50.1007745],[31.9752853,50.1252744],[31.9341184,50.1584553],[31.9653221,50.1516286],[31.9933348,50.2013518],[32.0562062,50.1877346],[32.0864231,50.2215584],[32.118106,50.2284028],[32.0894508,50.2469771],[32.1009103,50.2766062],[32.0838638,50.283214],[32.1399305,50.3046563],[32.1290183,50.31601],[32.1525195,50.3374675],[32.1411382,50.3541282],[32.1610264,50.3685532],[32.0746793,50.3748581],[32.1018673,50.4126107],[32.0565637,50.3973381],[32.0222295,50.4583633],[31.9727308,50.466977],[31.9790985,50.4818454],[31.9634825,50.4855274],[31.9867152,50.4966515],[32.0470794,50.4961864],[32.063743,50.511763],[32.0493811,50.5260444],[32.0633663,50.5408114],[31.9520024,50.5442145],[31.9128049,50.5962843],[31.8587741,50.6320519],[31.7822875,50.6056462],[31.7818557,50.5594459],[31.6834815,50.5630476],[31.6466746,50.5526703],[31.6303502,50.5208492],[31.552948,50.5196866],[31.5226043,50.5364646],[31.5217936,50.5220871],[31.4450923,50.5003676],[31.3642502,50.5308615],[31.3304253,50.5010433],[31.319232,50.5281334],[31.262058,50.5391401],[31.2464955,50.5670413],[31.1658194,50.5894873],[31.16594,50.6074628],[31.2277496,50.6132696],[31.1989431,50.6448016],[31.2236645,50.6674334],[31.2182611,50.69702],[31.1907391,50.7028024],[31.1907635,50.7245577],[31.1215943,50.7499831],[31.1268068,50.7744043],[31.0752729,50.7810384],[31.0695375,50.7647947],[30.9507331,50.7570055],[30.8893744,50.7736991],[30.8753499,50.7465891],[30.8375287,50.7439509],[30.8459966,50.7766864],[30.8705477,50.7861293],[30.8367936,50.764028],[30.738164,50.7723785],[30.7369515,50.8161654],[30.7609418,50.8104277],[30.7766964,50.8313478],[30.7716823,50.8743762],[30.6842175,50.9018553],[30.6445419,50.9638852],[30.6418688,51.0025142],[30.6031996,51.0096116],[30.6008304,51.0274558],[30.4993132,51.0191359],[30.4928407,51.0453164],[30.5101463,51.0737357],[30.4820663,51.0916468],[30.5171738,51.11126],[30.4949523,51.1322373],[30.4904982,51.1651396],[30.5410278,51.179703],[30.5172111,51.1871458],[30.5307169,51.2020707],[30.5052221,51.2268152],[30.5584102,51.2325523],[30.55521,51.25036],[30.5045067,51.2798337],[30.4535124,51.2734428],[30.4638195,51.3065926],[30.3975593,51.3127093],[30.3241759,51.3605058],[30.357542,51.3787387],[30.3517186,51.4229873],[30.2466733,51.4855282],[30.1801708,51.5125224],[30.16395,51.4889951],[30.1279763,51.5060565],[30.1173948,51.4873769],[30.0142289,51.5050873],[30.0149082,51.4902041],[29.9642404,51.4711295],[29.9323382,51.4920941],[29.8936282,51.4853141],[29.8813482,51.4462541],[29.8134582,51.4599941],[29.7944082,51.4581041],[29.7973282,51.4417141],[29.7442782,51.4574141],[29.7376682,51.5315741],[29.6727782,51.5029941],[29.6336482,51.5063441],[29.5793182,51.4623941],[29.5387982,51.4824741],[29.5232682,51.4237741],[29.4956883,51.3967677],[29.4215582,51.415104],[29.3605282,51.3876341],[29.3593877,51.3759191],[29.3934342,51.3794092],[29.3964355,51.3275122],[29.3472407,51.3238489],[29.3671779,51.3059679],[29.3544641,51.2744186],[29.2675489,51.2648114],[29.3174209,51.130432],[29.3291884,51.1266959],[29.3306014,51.157561],[29.3488983,51.1600001],[29.4274518,51.1239321],[29.5117379,51.060619],[29.4645617,51.018945],[29.4761712,50.9788998],[29.41378,50.983654],[29.4114766,50.9489313],[29.4674832,50.9247398],[29.4713189,50.9036449],[29.5213186,50.8688505],[29.4974716,50.8372841],[29.5421762,50.8283871],[29.5473784,50.8139025],[29.4881867,50.8122172],[29.5214833,50.7926341],[29.5070758,50.7746472],[29.4719593,50.7735966],[29.5702637,50.7715027],[29.5976293,50.7291076],[29.5764242,50.6991152],[29.5421929,50.6896876],[29.5217251,50.6615404],[29.4860114,50.6626495],[29.4722914,50.6282155],[29.4447373,50.6210648],[29.4983402,50.5898195],[29.5024022,50.5473408],[29.4581371,50.5394687],[29.4602177,50.5172533],[29.5070711,50.49988],[29.5108425,50.4707502],[29.4835292,50.459305],[29.4571438,50.4711127],[29.4467841,50.4527614],[29.4985012,50.440241],[29.4815295,50.4190046],[29.4425755,50.4154229],[29.454759,50.4014455],[29.5602398,50.4225009],[29.5903771,50.4003375],[29.5889815,50.3747518],[29.6376309,50.3725749],[29.6418163,50.358275],[29.6116258,50.3414701],[29.6259877,50.3300803],[29.6924045,50.3232406],[29.6755439,50.297601],[29.6886841,50.277236],[29.6655592,50.2649714],[29.703561,50.2300379],[29.6431484,50.1798054],[29.6921189,50.1522501],[29.6591354,50.1276466],[29.6699515,50.1137496],[29.6469242,50.1065546],[29.6970534,50.0685208],[29.6952236,50.0438828],[29.6715101,50.0322104],[29.7352238,49.9443586],[29.627186,49.8863787],[29.6666348,49.8739772],[29.6551358,49.8666594],[29.5468977,49.8354713],[29.5418946,49.8189979],[29.5090815,49.8350422],[29.4831652,49.8044026],[29.4386888,49.8055263],[29.462044,49.7619157],[29.4351659,49.7293503],[29.4453545,49.7134413],[29.4980338,49.7135546],[29.4889911,49.6689197],[29.5352411,49.6366637],[29.4992559,49.5937184],[29.5307082,49.5620631],[29.5391818,49.5209462],[29.5848928,49.506811],[29.5851329,49.4949951],[29.5432408,49.4845247],[29.5952597,49.4431365],[29.5423379,49.4015971],[29.5051574,49.3957052],[29.5026244,49.3705633],[29.5352881,49.3238979]]]]}},{"type":"Feature","properties":{"key":"kirovohradska","name":"Кіровоградська область"},"geometry":{"type":"MultiPolygon","coordinates":[[[[32.778725,47.9917038],[32.7956157,47.9939455],[32.8017303,47.9747103],[32.8941148,47.9857122],[32.8702838,48.0319424],[32.9892162,48.0484699],[33.004483,47.9890748],[33.0205379,47.9852287],[33.036952,48.0337805],[33.109175,48.0424559],[33.1090739,48.065609],[33.1431898,48.0639347],[33.1537542,48.0421922],[33.1416496,48.0765247],[33.2250584,48.0922047],[33.2355386,48.1134027],[33.1870989,48.1042245],[33.181681,48.1180973],[33.2321509,48.1271566],[33.2127238,48.1698789],[33.2428521,48.1725158],[33.2472448,48.1516151],[33.271753,48.153682],[33.2769907,48.1032988],[33.2933922,48.101973],[33.3165281,48.124455],[33.291361,48.149523],[33.4306064,48.1699393],[33.4301453,48.1887345],[33.4961675,48.202146],[33.4847526,48.2143047],[33.5006559,48.2318993],[33.5111682,48.2188807],[33.5459884,48.2348788],[33.5296946,48.2757412],[33.5128577,48.2781058],[33.5175368,48.329029],[33.4735583,48.329004],[33.4781858,48.3492877],[33.460723,48.3530078],[33.4684699,48.388193],[33.4971077,48.393669],[33.4724917,48.5449163],[33.509479,48.5681438],[33.6232085,48.5665173],[33.6092517,48.5994683],[33.6500646,48.5997633],[33.6604045,48.5859482],[33.7435559,48.6150433],[33.7637525,48.6263661],[33.7562961,48.6571585],[33.8018692,48.6627786],[33.8052421,48.6837603],[33.7503398,48.681167],[33.6819104,48.7231043],[33.6187843,48.7275595],[33.607564,48.7513511],[33.5851037,48.7547656],[33.5831319,48.7969551],[33.6381151,48.7902809],[33.6742008,48.8148154],[33.7152649,48.8137289],[33.7252513,48.7892112],[33.811374,48.8028204],[33.8190656,48.7760891],[33.8509542,48.7708127],[33.8477445,48.8025881],[33.8943109,48.9019481],[33.8149378,48.9379673],[33.6992036,48.9453287],[33.6651085,48.9784797],[33.6371895,48.9738312],[33.589323,48.916845],[33.5676745,48.9188297],[33.5751592,48.9110338],[33.5476551,48.9126572],[33.5373325,48.931362],[33.4742998,48.9147365],[33.4761202,48.9520329],[33.4036222,48.9597909],[33.4011984,48.9278424],[33.3518066,48.9529371],[33.3196157,48.9490147],[33.2975501,49.010521],[33.3278673,49.0247995],[33.3199614,49.0615503],[33.2620421,49.0919021],[33.3043011,49.118343],[33.2403531,49.1667405],[33.248669,49.0859309],[33.1998675,49.0736036],[33.1869663,49.0964106],[33.1558935,49.098792],[33.1580761,49.1296285],[33.1019995,49.1852126],[33.000247,49.1988547],[32.9831251,49.211463],[32.983447,49.2400955],[32.9290167,49.2296321],[32.8591216,49.2447143],[32.757271,49.1668461],[32.7771948,49.1420693],[32.8904096,49.1265557],[32.8961836,49.0948475],[32.8144669,49.0753207],[32.8293519,49.0747718],[32.8427046,49.0281641],[32.8290554,49.0093337],[32.8723038,48.9998371],[32.8454602,48.980692],[32.7333299,48.9648233],[32.6758347,48.9858251],[32.6798419,48.9573442],[32.6116197,48.9536051],[32.60781,48.9646045],[32.5821135,48.9508087],[32.5390454,48.9670191],[32.5517534,48.9418492],[32.5215471,48.9388939],[32.497842,49.0123932],[32.4711945,49.0096828],[32.4757196,49.0335256],[32.4428274,49.0525972],[32.3970497,49.0262164],[32.3708537,49.0385481],[32.3654377,49.0719301],[32.2826144,49.0845548],[32.2599789,49.078198],[32.2621929,49.0589202],[32.233714,49.0594719],[32.2181005,48.9868267],[32.1875691,48.9957845],[32.1777507,48.972709],[32.1346735,48.966203],[32.131103,48.9513113],[32.1535862,48.9446819],[32.1460206,48.9122758],[32.0863366,48.904873],[32.093307,48.9189018],[32.0489901,48.9163586],[32.0265394,48.9308372],[32.0066529,48.913153],[31.9543801,48.9103912],[31.9212745,48.8801156],[31.9182295,48.9062642],[31.8052944,48.9496396],[31.7510646,48.9260483],[31.6984618,48.9309838],[31.6895238,48.896414],[31.6389044,48.9080341],[31.5806873,48.8878597],[31.5948138,48.9061767],[31.5817229,48.9126803],[31.5668778,48.8999202],[31.5820052,48.8751823],[31.5591544,48.8630892],[31.5588747,48.8286888],[31.4227572,48.7637019],[31.4360105,48.7538411],[31.4242609,48.7429466],[31.4124087,48.7564507],[31.3930581,48.7349126],[31.3941557,48.7481435],[31.3838022,48.728089],[31.3575616,48.7417632],[31.3537199,48.7274823],[31.3295574,48.7258778],[31.3098009,48.7586564],[31.2614788,48.748442],[31.2482416,48.7668567],[31.1748318,48.7618039],[31.1136494,48.7276793],[31.0381146,48.7605407],[30.9436575,48.772238],[30.9456166,48.7589696],[30.9015335,48.7615647],[30.8819503,48.7438564],[30.83222,48.7496621],[30.8114254,48.7694825],[30.8038131,48.7568991],[30.6981482,48.7673974],[30.6369926,48.7518962],[30.6091075,48.7191185],[30.5759081,48.7207106],[30.6110338,48.6977707],[30.5986247,48.6630861],[30.5516312,48.6540717],[30.5294597,48.6277714],[30.5708909,48.6057062],[30.557694,48.5955285],[30.5665508,48.5672257],[30.4735449,48.5654117],[30.4528743,48.5832993],[30.4029125,48.573874],[30.3864863,48.5270213],[30.2547893,48.5054099],[30.2561097,48.4890708],[30.2205295,48.4798243],[30.1626455,48.5035196],[30.1137383,48.4521495],[30.0498295,48.4827495],[29.96786,48.4718036],[29.9571562,48.4508647],[29.8645681,48.4256897],[29.8729297,48.4169106],[29.7864111,48.3694983],[29.8111419,48.348764],[29.8039069,48.3321088],[29.784235,48.3300239],[29.7493056,48.2894556],[29.7722363,48.2721285],[29.7823386,48.2422708],[29.7708804,48.2263341],[29.7856548,48.2044966],[29.8434007,48.2122516],[29.891458,48.1857954],[29.9303634,48.2332855],[29.9752929,48.2168644],[29.9902007,48.2300256],[30.008769,48.209117],[30.0023178,48.1841168],[30.0320996,48.178794],[30.0492758,48.1504063],[30.1051837,48.1400999],[30.1874463,48.1550857],[30.3165713,48.1407371],[30.3271578,48.160332],[30.3674766,48.1745779],[30.4956417,48.1703479],[30.5046845,48.1582021],[30.527007,48.1795746],[30.5557412,48.1557513],[30.6178592,48.1560366],[30.6564591,48.1719647],[30.647191,48.1852116],[30.7167351,48.1955866],[30.7854417,48.1914431],[30.7925069,48.1679766],[30.8138696,48.1697051],[30.8192763,48.1880657],[30.8484801,48.1843664],[30.8550746,48.1610721],[30.9004736,48.1593688],[30.9304435,48.1662813],[30.9317281,48.1839697],[30.9893724,48.1844659],[30.9812229,48.2221771],[31.0527322,48.2322044],[31.0560989,48.2201329],[31.1641423,48.2224938],[31.1921851,48.1940157],[31.1817594,48.1789766],[31.2207565,48.1708125],[31.2364712,48.1169589],[31.3251945,48.1383135],[31.3301312,48.1140224],[31.3797896,48.1324637],[31.3951405,48.108328],[31.4868521,48.1295906],[31.4985336,48.0873897],[31.4764187,48.0831909],[31.4701323,48.0634245],[31.4880874,48.0653914],[31.4925401,48.0502899],[31.5094936,48.0688927],[31.5509943,48.0699355],[31.5405344,48.1077935],[31.5697221,48.0965008],[31.5842077,48.1055503],[31.582466,48.1287182],[31.6340116,48.1348427],[31.6420165,48.1149732],[31.6842941,48.1202722],[31.6945326,48.093348],[31.7673464,48.1021392],[31.7830732,48.0423319],[31.7290654,48.0355775],[31.7527849,47.9437813],[31.8439389,47.9636924],[31.8550209,47.9161497],[31.8766678,47.9194892],[31.8906963,47.8669388],[31.8572534,47.8646693],[31.8691185,47.8234751],[31.8274308,47.8165727],[31.8376686,47.7830536],[32.0548786,47.8173152],[32.1402589,47.7488944],[32.154689,47.7611116],[32.2316815,47.760423],[32.2225186,47.7915994],[32.2398978,47.7938631],[32.2365308,47.8148154],[32.248037,47.816465],[32.3037571,47.8239474],[32.3629765,47.7888589],[32.6575792,47.8195987],[32.6794286,47.8517554],[32.664442,47.8709697],[32.6855937,47.873001],[32.6766327,47.9072212],[32.6558598,47.9047994],[32.6517763,47.9214869],[32.7455728,47.932722],[32.7371024,47.9517741],[32.6971688,47.9466922],[32.6890579,47.9825853],[32.778725,47.9917038]]]]}},{"type":"Feature","properties":{"key":"luhanska","name":"Луганська область"},"geometry":{"type":"MultiPolygon","coordinates":[[[[39.8449391,48.0706684],[39.8337516,48.0668856],[39.8833913,48.0409777],[39.7760667,48.0389647],[39.8164406,48.0008096],[39.8247756,47.9553643],[39.8062851,47.9504876],[39.7937304,47.9194447],[39.7949159,47.870316],[39.7634865,47.8707446],[39.7635502,47.8464451],[39.7381604,47.8277272],[39.6265644,47.8391777],[39.520483,47.8254933],[39.4773933,47.8602607],[39.443002,47.8557867],[39.4124678,47.8299376],[39.3875527,47.8712597],[39.3553743,47.8727381],[39.1097657,47.8424812],[39.0744035,47.8696799],[39.0651605,47.8960073],[39.0914413,47.9409895],[39.0385008,47.9563534],[39.0398439,48.0069404],[38.8612538,48.0147577],[38.8253525,48.0297743],[38.8126713,48.0479449],[38.8314692,48.0579098],[38.8293027,48.0774432],[38.8179226,48.0659146],[38.7995269,48.0747152],[38.8174818,48.0843192],[38.806696,48.0882836],[38.8203959,48.1162414],[38.6016265,48.1725099],[38.6134215,48.2042346],[38.5746523,48.2676195],[38.4270415,48.2782877],[38.4411454,48.3164583],[38.4334453,48.3392632],[38.4868568,48.361872],[38.4391053,48.3915523],[38.4331875,48.4476651],[38.3824003,48.4294141],[38.3721489,48.4425648],[38.3407992,48.4373299],[38.2881689,48.4761967],[38.3052224,48.4753823],[38.2995039,48.4896126],[38.3206317,48.5081625],[38.2737225,48.5453326],[38.2634819,48.6370174],[38.22888,48.6340971],[38.2259282,48.6527031],[38.3153021,48.6843592],[38.3041522,48.7108401],[38.3251351,48.7140328],[38.3198512,48.7334541],[38.2631332,48.7502753],[38.2831317,48.7734726],[38.2785505,48.8025566],[38.3167452,48.8057329],[38.3137518,48.8284843],[38.2212424,48.8392965],[38.2279914,48.9367431],[38.1333625,48.92374],[38.0537975,48.9395869],[38.037377,48.9248644],[38.0075289,48.9446747],[38.0286759,48.973432],[38.0537116,48.9648958],[38.0524671,48.9857249],[38.0984884,48.9924678],[38.0526388,49.0595841],[38.0815852,49.148068],[38.043648,49.1504996],[38.0397856,49.1265397],[37.9268901,49.1435746],[37.8928462,49.1606054],[37.8933772,49.1751721],[37.9349032,49.1916819],[37.9193732,49.2066285],[37.9425636,49.2141219],[37.8896007,49.2118835],[37.8662869,49.2463704],[37.9117826,49.2595009],[37.8988744,49.2702854],[37.9137111,49.277715],[37.9584141,49.2851618],[37.948553,49.303627],[37.8834557,49.3126874],[37.8962713,49.4034895],[37.8783381,49.4134652],[37.8755942,49.4467491],[37.8440005,49.4452346],[37.8468168,49.5206187],[37.9174823,49.5340277],[37.9272576,49.5478595],[37.886433,49.549142],[37.9011744,49.5741737],[37.9523188,49.5685519],[37.9340905,49.5894807],[37.9443097,49.6112904],[37.9748306,49.6116033],[37.9959275,49.6477859],[38.0457938,49.657506],[37.9986513,49.70038],[38.0167106,49.7129176],[37.9747072,49.7084843],[37.9514337,49.731662],[37.9766813,49.7678],[37.9988497,49.7532542],[38.0525154,49.783448],[38.0095719,49.8127852],[38.017711,49.8370829],[38.093529,49.8460777],[38.0320896,49.8996608],[38.0458474,49.9148583],[38.1245957,49.9422697],[38.1270446,49.9221256],[38.2218117,49.9791893],[38.1859164,50.0226201],[38.1787737,50.079928],[38.2557397,50.0725124],[38.3293019,50.08544],[38.3498476,50.006984],[38.4163168,49.981692],[38.4335688,50.0012609],[38.469015,49.9952969],[38.4887955,49.9637401],[38.5276405,49.9587388],[38.5917655,49.9772558],[38.6471061,49.9559856],[38.6806726,49.9744476],[38.6868216,50.0072012],[38.7185508,49.9831856],[38.6859683,49.9621287],[38.6940656,49.9347989],[38.7909597,49.8782705],[38.9013031,49.8693871],[38.9184183,49.8586918],[38.9067024,49.8267974],[38.9305472,49.7968454],[39.0304984,49.8225476],[39.0668866,49.8155717],[39.1799184,49.8887192],[39.2262173,49.8400371],[39.2275866,49.8073073],[39.2513594,49.7763882],[39.2855875,49.7551815],[39.37833,49.7388021],[39.4428197,49.7603734],[39.6106823,49.7336425],[39.5914623,49.7189788],[39.6587093,49.6160723],[39.7502035,49.5974662],[39.8064088,49.5581257],[39.8914272,49.5587923],[39.9345732,49.5741232],[39.9516721,49.5976672],[40.064979,49.5989766],[40.135757,49.6169429],[40.1703866,49.5689372],[40.0390626,49.5206343],[40.0296187,49.4540906],[40.1142567,49.3858239],[40.2004606,49.3457723],[40.1864106,49.2812014],[40.2278093,49.2605138],[40.2218056,49.2511975],[40.1370558,49.2394483],[40.0776342,49.187047],[40.0310227,49.1794522],[39.9385911,49.0829448],[39.9378052,49.0563694],[39.8113632,49.0607476],[39.7665489,49.0398504],[39.6931931,49.0506126],[39.6722598,49.0405133],[39.6851036,49.0341023],[39.663949,49.0009298],[39.677867,48.9895444],[39.7034579,48.999486],[39.7266832,48.975638],[39.752191,48.9864272],[39.7780341,48.9516025],[39.7753894,48.9221054],[39.8190504,48.9078769],[39.8270085,48.8864235],[39.8383811,48.9032217],[39.8528999,48.8907603],[39.9250245,48.8958337],[39.9932215,48.8682343],[40.0041707,48.9013689],[40.0351158,48.9159109],[40.0608449,48.9093807],[40.0798362,48.8699514],[39.976136,48.7934566],[39.8000067,48.8426356],[39.7683701,48.7660734],[39.7437394,48.7703808],[39.7257552,48.7525601],[39.739425,48.7437217],[39.7043076,48.7205075],[39.723289,48.6838629],[39.7018448,48.6695154],[39.7161213,48.6547668],[39.6936369,48.6493038],[39.6606968,48.6094301],[39.6876973,48.5868145],[39.7898519,48.5932927],[39.8497724,48.5686954],[39.8670781,48.5071514],[39.8476213,48.5020724],[39.8458993,48.4750302],[39.8980254,48.4477103],[39.8890507,48.4416965],[39.9185228,48.3978563],[39.906131,48.3900805],[39.9248207,48.3752165],[39.9415255,48.3869135],[39.9317582,48.3644239],[39.9467075,48.3541298],[39.8461005,48.3326884],[39.8408125,48.3096602],[39.8871919,48.3092954],[39.9153873,48.2696662],[39.9904382,48.3171825],[40.0207043,48.2536483],[40.0095409,48.2246869],[39.9430194,48.2291844],[39.9369925,48.1810425],[39.9094918,48.1798568],[39.902495,48.1403415],[39.8712972,48.1172145],[39.8689824,48.0794552],[39.8449391,48.0706684]]]]}},{"type":"Feature","properties":{"key":"lvivska","name":"Львівська область"},"geometry":{"type":"MultiPolygon","coordinates":[[[[23.7381344,50.3907006],[23.7031117,50.3752858],[23.6863263,50.3316353],[23.6388487,50.3205064],[23.5810135,50.265997],[23.4701465,50.2178925],[23.2800844,50.1005448],[23.2793285,50.0862897],[23.2159873,50.0474664],[22.9954723,49.8421548],[22.9706985,49.8386462],[22.9619287,49.8047019],[22.9016035,49.7682569],[22.8477875,49.7100826],[22.8055619,49.693402],[22.6746896,49.549156],[22.6408214,49.5299899],[22.6512378,49.5083715],[22.6966855,49.495128],[22.7468489,49.3598976],[22.7396304,49.2473455],[22.7148875,49.2264901],[22.7476795,49.2156221],[22.7072649,49.1749798],[22.7190041,49.164986],[22.7561721,49.1826257],[22.7391328,49.1579778],[22.7891975,49.1577275],[22.7931002,49.1382901],[22.8312715,49.1109784],[22.8927565,49.094556],[22.8645314,49.0667861],[22.8919035,49.0089453],[22.8678265,49.0028681],[22.8980202,49.0050469],[22.9190777,48.970365],[22.8736946,48.9572826],[22.872759,48.942016],[22.8996376,48.903591],[22.970152,48.8744717],[22.9862672,48.836128],[23.0985234,48.8628344],[23.1325484,48.8521697],[23.133557,48.8340725],[23.1680128,48.8168054],[23.2017233,48.7603487],[23.267999,48.7616659],[23.2858766,48.7758814],[23.3257529,48.7533961],[23.3615816,48.7706896],[23.3968405,48.7328638],[23.4718862,48.7182803],[23.5116075,48.7347016],[23.5477937,48.7254274],[23.5791505,48.7844608],[23.5520107,48.8218729],[23.5764328,48.8673402],[23.6076115,48.8761053],[23.5614709,48.910745],[23.586113,48.9545807],[23.5658425,48.9747138],[23.62361,49.0133845],[23.6218094,49.0253087],[23.6733298,49.0362117],[23.6912253,49.0966148],[23.7189996,49.0937907],[23.7608153,49.1223446],[23.9044927,49.0982005],[23.9695063,49.137934],[24.0204584,49.1172818],[24.0831149,49.1488487],[24.1552802,49.128122],[24.1718168,49.144128],[24.2130503,49.1333732],[24.1979369,49.1388471],[24.2072976,49.1484468],[24.2338885,49.1438173],[24.3750654,49.1886781],[24.4349728,49.17381],[24.4339873,49.2188362],[24.4468111,49.2306814],[24.3579039,49.2333716],[24.3409995,49.2432092],[24.3639187,49.2807444],[24.3389757,49.2919665],[24.305422,49.2773065],[24.2987871,49.2958336],[24.3019053,49.3162908],[24.3414682,49.3103827],[24.3586958,49.3223664],[24.3807614,49.3078873],[24.4004994,49.3619071],[24.4293638,49.3732931],[24.3870089,49.395005],[24.3897592,49.4090804],[24.3598599,49.4307159],[24.410474,49.4448809],[24.4180938,49.473818],[24.4013917,49.4950409],[24.4398154,49.5116119],[24.4348914,49.5370975],[24.4875626,49.5477232],[24.505327,49.5128466],[24.5695913,49.5341219],[24.6400256,49.4971454],[24.7208261,49.4967597],[24.721255,49.5698165],[24.7915633,49.5728367],[24.8711318,49.6096967],[24.9426733,49.6092041],[24.9309715,49.6171593],[24.9543054,49.6159097],[24.9613621,49.6428418],[24.9879932,49.6432259],[25.022051,49.7351751],[25.0674447,49.7115007],[25.1118119,49.7414586],[25.0723704,49.7702238],[25.0899188,49.782484],[25.0838073,49.8284641],[25.1373142,49.8147375],[25.1747568,49.8370865],[25.2875415,49.8282399],[25.2990732,49.853673],[25.375037,49.8679764],[25.3872746,49.9326644],[25.4268694,49.9371035],[25.403801,49.9479417],[25.402346,49.9858916],[25.3194937,50.0156797],[25.1972475,50.1310292],[25.2150723,50.1795829],[25.165417,50.2091738],[25.1901276,50.2488166],[25.2067691,50.2473001],[25.2049392,50.2793035],[25.0542227,50.3009788],[25.0587799,50.3423377],[25.0168725,50.3416365],[24.9406026,50.3892649],[24.9293611,50.378121],[24.9368321,50.3457144],[24.8854736,50.344471],[24.887188,50.3588069],[24.8668826,50.3610932],[24.7786951,50.3394932],[24.7148915,50.3428563],[24.7219634,50.3732731],[24.7072769,50.3837259],[24.6543127,50.4101312],[24.5967046,50.4138503],[24.5994459,50.4561891],[24.5812278,50.4579671],[24.5974305,50.4784911],[24.5877637,50.4933891],[24.5545922,50.4940955],[24.5306178,50.5515668],[24.4890428,50.5564581],[24.4502741,50.5391609],[24.4064438,50.5602388],[24.3987056,50.5741136],[24.4133393,50.5866964],[24.3807168,50.6091548],[24.3234189,50.5998563],[24.3182286,50.5738842],[24.293198,50.5740566],[24.2304379,50.5836828],[24.2010266,50.6141208],[24.1734499,50.616461],[24.1548753,50.6466569],[24.1177754,50.6478519],[24.0920425,50.6233686],[24.0986497,50.5995336],[24.0701051,50.5033883],[23.997543,50.4121407],[23.7381344,50.3907006]]]]}},{"type":"Feature","properties":{"key":"mykolaivska","name":"Миколаївська область"},"geometry":{"type":"MultiPolygon","coordinates":[[[[31.9846645,46.6548104],[31.9300896,46.652885],[31.927471,46.5817546],[31.8480348,46.5004454],[31.804476,46.4791719],[31.8109129,46.3715694],[31.7974278,46.3490392],[31.3814661,46.4076023],[31.1590964,46.4096818],[31.1768805,46.6283352],[31.1904375,46.6476197],[31.1758592,46.6507501],[31.1971883,46.6602818],[31.1540348,46.7351697],[31.1778072,46.769368],[31.1531653,46.792222],[31.1562659,46.8353428],[31.1111509,46.8448318],[31.0928831,46.8810873],[31.0400672,46.8991214],[31.0173839,46.9610091],[31.1352248,46.9896657],[31.1415219,46.9789912],[31.242356,46.991323],[31.2294954,47.0217571],[31.2914197,47.0247331],[31.3018263,47.0834008],[31.2695325,47.1718815],[31.109965,47.1556144],[31.1089295,47.1877273],[31.1568469,47.1816542],[31.1463026,47.2182904],[31.1782045,47.223122],[31.1704805,47.266338],[31.0180868,47.2393124],[31.008083,47.2698405],[30.9890895,47.2673462],[30.9971579,47.2897998],[30.9075063,47.27738],[30.8930121,47.3206818],[30.8746575,47.3182224],[30.8678758,47.3343265],[30.9088173,47.3458803],[30.8848753,47.3590065],[30.8734869,47.4005042],[30.8934426,47.4033123],[30.8871446,47.4260139],[30.8515105,47.4204507],[30.8481527,47.4394191],[30.8648848,47.4441945],[30.8521781,47.5031277],[30.8832499,47.5077516],[30.8759523,47.5449512],[30.7731717,47.5463026],[30.7448445,47.5797813],[30.7794845,47.5840571],[30.7885201,47.6492321],[30.709005,47.6393413],[30.7198446,47.6087379],[30.6878634,47.6017609],[30.6600197,47.6008092],[30.6620616,47.6349131],[30.4711277,47.618083],[30.4640113,47.6402876],[30.4205912,47.6342307],[30.3886295,47.7524534],[30.4241423,47.7609484],[30.4160897,47.7872509],[30.4392262,47.7898921],[30.4360069,47.8007676],[30.4226196,47.8211607],[30.3303633,47.8109707],[30.2978048,47.9229094],[30.3074629,47.9298314],[30.2457711,47.9672324],[30.2257174,48.0119028],[30.2562703,48.0283884],[30.233668,48.0605626],[30.2068714,48.0677683],[30.2501322,48.0898027],[30.324776,48.0941039],[30.3147983,48.1058252],[30.3568829,48.1010306],[30.356816,48.1127288],[30.315363,48.1167244],[30.3083451,48.1419575],[30.3643211,48.1741202],[30.4956417,48.1703479],[30.5046845,48.1582021],[30.527007,48.1795746],[30.5557412,48.1557513],[30.6178592,48.1560366],[30.6564591,48.1719647],[30.647191,48.1852116],[30.7167351,48.1955866],[30.7854417,48.1914431],[30.7925069,48.1679766],[30.8138696,48.1697051],[30.8192763,48.1880657],[30.8484801,48.1843664],[30.8550746,48.1610721],[30.8999568,48.159321],[30.9304435,48.1662813],[30.9317281,48.1839697],[30.9893724,48.1844659],[30.9812229,48.2221771],[31.1380877,48.2292811],[31.1848563,48.2029137],[31.1817594,48.1789766],[31.2207565,48.1708125],[31.2364712,48.1169589],[31.3251945,48.1383135],[31.3301312,48.1140224],[31.3797896,48.1324637],[31.3951405,48.108328],[31.4868521,48.1295906],[31.4985336,48.0873897],[31.4764187,48.0831909],[31.4701323,48.0634245],[31.4880874,48.0653914],[31.4925401,48.0502899],[31.5094936,48.0688927],[31.5509943,48.0699355],[31.5405344,48.1077935],[31.5713612,48.0970356],[31.582466,48.1287182],[31.6340116,48.1348427],[31.6420165,48.1149732],[31.6842941,48.1202722],[31.6945326,48.093348],[31.7673464,48.1021392],[31.7830732,48.0423319],[31.7290654,48.0355775],[31.7527849,47.9437813],[31.8439389,47.9636924],[31.8550209,47.9161497],[31.8766678,47.9194892],[31.8906963,47.8669388],[31.8572534,47.8646693],[31.8691185,47.8234751],[31.8274308,47.8165727],[31.8376686,47.7830536],[32.0548786,47.8173152],[32.1402589,47.7488944],[32.154689,47.7611116],[32.2316815,47.760423],[32.2225186,47.7915994],[32.2398978,47.7938631],[32.2365308,47.8148154],[32.248037,47.816465],[32.3037571,47.8239474],[32.3629765,47.7888589],[32.6575792,47.8195987],[32.6794286,47.8517554],[32.664442,47.8709697],[32.6855937,47.873001],[32.6766327,47.9072212],[32.6558598,47.9047994],[32.6517763,47.9214869],[32.7455728,47.932722],[32.7371024,47.9517741],[32.6971688,47.9466922],[32.6890579,47.9825853],[32.8941148,47.9857122],[32.8702838,48.0319424],[32.9892162,48.0484699],[33.0011627,47.917957],[33.0783706,47.9204573],[33.0861701,47.884908],[33.0608264,47.858987],[33.0661808,47.7835752],[33.0499017,47.7818048],[33.0720927,47.7389395],[32.9722994,47.7226695],[32.9968841,47.6151206],[32.9595839,47.5931072],[33.0950145,47.5971097],[33.0949698,47.5276253],[33.1413235,47.5445215],[33.1468637,47.5146486],[33.1232429,47.5079417],[33.1378337,47.4195283],[33.0715543,47.4124492],[33.0690067,47.4752414],[33.0472559,47.4684701],[33.0538642,47.4440506],[33.0341304,47.4416307],[33.0294888,47.4212848],[33.0392937,47.3796948],[33.1225794,47.385216],[33.1372968,47.3336504],[33.1029147,47.3223493],[33.1052117,47.280462],[33.1836885,47.2380285],[33.1272546,47.2308989],[33.1425852,47.2103746],[33.1300077,47.202869],[33.0719918,47.2233615],[33.0378879,47.1782057],[33.0044164,47.1969024],[32.961355,47.1896302],[32.9178741,47.1434371],[32.9098444,47.0960706],[33.0269084,47.0396692],[33.0515956,47.0700634],[33.0729674,47.0624047],[33.102579,47.099811],[33.0819797,47.1075813],[33.1050252,47.1366073],[33.1557081,47.1174531],[33.0224893,46.9727807],[32.9496959,47.0031886],[32.9339743,46.9862828],[32.9496623,46.9465451],[32.9758582,46.9487523],[32.9798654,46.9336997],[32.8392106,46.8962844],[32.8383546,46.8825934],[32.9152698,46.883276],[32.9198948,46.8661432],[32.9491152,46.8579487],[32.8136251,46.8401364],[32.7715653,46.8207817],[32.7013967,46.8207644],[32.6878845,46.8620814],[32.5854524,46.8558401],[32.5704869,46.8725642],[32.5467399,46.869438],[32.5442811,46.8831729],[32.5337954,46.8814646],[32.5412735,46.8501696],[32.5250909,46.8483039],[32.5314968,46.82324],[32.4693254,46.816568],[32.4632807,46.8404296],[32.3653157,46.8292574],[32.3728903,46.7990798],[32.3415854,46.7954461],[32.2272245,46.8454517],[32.2522118,46.8196044],[32.2096967,46.8057258],[32.2186855,46.7713054],[32.1689531,46.7635024],[32.171543,46.7523229],[32.05715,46.7446436],[32.0609094,46.7279785],[32.0756701,46.7299759],[32.0868325,46.6835172],[32.0201421,46.6774969],[32.0298797,46.6689066],[31.9846645,46.6548104]]]]}},{"type":"Feature","properties":{"key":"odeska","name":"Одеська область"},"geometry":{"type":"MultiPolygon","coordinates":[[[[29.2948011,47.440682],[29.2437545,47.4153066],[29.2423457,47.4619687],[29.190968,47.4250576],[29.1893752,47.4672112],[29.1575637,47.4592329],[29.1876782,47.4753459],[29.1896722,47.5139663],[29.1515404,47.5065536],[29.1169452,47.5544243],[29.1846596,47.5719641],[29.2176647,47.6122875],[29.209605,47.628576],[29.2339567,47.6425893],[29.2093865,47.6422973],[29.2311065,47.6837634],[29.2043638,47.7190685],[29.2486064,47.7513391],[29.2761347,47.8037076],[29.2193075,47.7984346],[29.1984213,47.8198447],[29.2812682,47.8884345],[29.2158497,47.8859576],[29.2162098,47.8960737],[29.2006376,47.8843692],[29.1753154,47.9937782],[29.0928891,47.9830705],[29.0981213,47.9601256],[29.0794659,47.9714324],[29.0867456,47.9466677],[29.0737632,47.9438964],[29.0326337,47.9426417],[28.961602,47.97919],[28.9258472,47.9601399],[28.8776631,48.0008078],[28.9018878,48.0125575],[28.8394493,48.0349462],[28.8520313,48.060855],[28.8334151,48.0728476],[28.8692593,48.0690033],[28.868985,48.0815491],[28.9308193,48.0949152],[28.9453804,48.1567963],[29.0048975,48.150597],[29.0326818,48.1257944],[29.0646424,48.1950765],[29.157035,48.1479949],[29.1413159,48.1406135],[29.2092285,48.1342027],[29.250405,48.1501051],[29.2615672,48.130345],[29.2040742,48.1175172],[29.2279126,48.1032282],[29.2580294,48.1121622],[29.2672544,48.0933687],[29.311332,48.0859162],[29.371637,48.0904534],[29.3942439,48.1135456],[29.4434464,48.121834],[29.5699005,48.0987054],[29.587515,48.101924],[29.6024816,48.1329216],[29.663665,48.1075667],[29.6759424,48.162344],[29.6547025,48.1952453],[29.8406849,48.2126359],[29.891458,48.1857954],[29.9303634,48.2332855],[29.9752929,48.2168644],[29.9902007,48.2300256],[30.008769,48.209117],[30.0019187,48.1845835],[30.0320996,48.178794],[30.0492758,48.1504063],[30.3082281,48.1431095],[30.315363,48.1167244],[30.3571616,48.1125415],[30.3568829,48.1010306],[30.3147983,48.1058252],[30.324776,48.0941039],[30.2501322,48.0898027],[30.2068714,48.0677683],[30.233668,48.0605626],[30.2562703,48.0283884],[30.2257174,48.0119028],[30.2457711,47.9672324],[30.3074629,47.9298314],[30.2978048,47.9229094],[30.3303633,47.8109707],[30.4226196,47.8211607],[30.4360069,47.8007676],[30.4392262,47.7898921],[30.4160897,47.7872509],[30.4241423,47.7609484],[30.3886295,47.7524534],[30.4205912,47.6342307],[30.4640113,47.6402876],[30.4711277,47.618083],[30.6620616,47.6349131],[30.6600197,47.6008092],[30.6878634,47.6017609],[30.7198446,47.6087379],[30.709005,47.6393413],[30.7885201,47.6492321],[30.7794845,47.5840571],[30.7448445,47.5797813],[30.7731717,47.5463026],[30.8759523,47.5449512],[30.8832499,47.5077516],[30.8521781,47.5031277],[30.8648848,47.4441945],[30.8481527,47.4394191],[30.8515105,47.4204507],[30.8871446,47.4260139],[30.8934426,47.4033123],[30.8734869,47.4005042],[30.8848753,47.3590065],[30.9088173,47.3458803],[30.8678758,47.3343265],[30.8746575,47.3182224],[30.8930121,47.3206818],[30.9075063,47.27738],[30.9971579,47.2897998],[30.9890895,47.2673462],[31.008083,47.2698405],[31.0180868,47.2393124],[31.1704805,47.266338],[31.1782045,47.223122],[31.1463026,47.2182904],[31.1568469,47.1816542],[31.1089295,47.1877273],[31.109965,47.1556144],[31.2695325,47.1718815],[31.3018263,47.0834008],[31.2914197,47.0247331],[31.2294954,47.0217571],[31.242356,46.991323],[31.1415219,46.9789912],[31.1352248,46.9896657],[31.0173839,46.9610091],[31.0400672,46.8991214],[31.0928831,46.8810873],[31.1111509,46.8448318],[31.1562659,46.8353428],[31.1531653,46.792222],[31.1778072,46.769368],[31.1540348,46.7351697],[31.1971883,46.6602818],[31.1758592,46.6507501],[31.1904375,46.6476197],[31.1768805,46.6283352],[31.1590964,46.4096818],[31.047436,46.376862],[31.0243565,46.3013862],[30.9678431,46.2326236],[30.9534388,46.1749856],[30.9185464,46.1255551],[30.7658398,46.0038409],[30.6675873,45.9598603],[30.6280569,45.8991835],[30.434549,45.716597],[30.0663366,45.5058723],[30.0730156,45.4348232],[30.2032908,45.457226],[30.3131107,45.4419013],[30.4062116,45.3982373],[30.4684196,45.3328264],[30.4902641,45.2555717],[30.4684196,45.1782118],[30.4062116,45.1125469],[30.3467775,45.0803533],[30.2407483,45.0549331],[30.1290166,45.0601063],[30.0223274,45.0974538],[29.9520734,45.1696735],[29.6906352,45.1917235],[29.6621923,45.2389352],[29.678552,45.268243],[29.65093,45.3396186],[29.5507497,45.4088678],[29.4297317,45.4425841],[29.3635356,45.4361998],[29.326675,45.448369],[29.2907355,45.4274557],[29.238151,45.432705],[29.1674249,45.39433],[28.9658847,45.3309818],[28.941882,45.280499],[28.7961829,45.3347304],[28.780537,45.323045],[28.803259,45.303102],[28.752028,45.284082],[28.7925883,45.2434782],[28.7109378,45.2236659],[28.5612283,45.2500889],[28.349033,45.320399],[28.285348,45.399623],[28.280666,45.444068],[28.2139355,45.4671885],[28.3048003,45.5469078],[28.4207771,45.5126647],[28.4205776,45.4853455],[28.5151856,45.4998842],[28.491297,45.5711304],[28.5442136,45.5800309],[28.5158379,45.665324],[28.4864165,45.6604153],[28.4808577,45.6781565],[28.5198391,45.7369615],[28.5890917,45.7291894],[28.5811117,45.7707461],[28.7093574,45.779905],[28.6970129,45.817872],[28.7859644,45.8323044],[28.7543809,45.928739],[28.7567233,45.9571642],[28.7795635,45.9604311],[28.7763564,45.9705896],[28.9789995,46.0034735],[29.0055542,46.0493499],[28.9504641,46.093734],[29.0671142,46.1955029],[28.952275,46.2594504],[28.9853443,46.3183124],[29.0035336,46.3166654],[28.9308607,46.4577381],[29.0254762,46.462288],[29.0233177,46.4801617],[28.9840608,46.4778941],[28.981347,46.489047],[29.03348,46.4907461],[29.0629106,46.5125886],[29.1634854,46.5154171],[29.1618564,46.544472],[29.2358278,46.5582865],[29.2409242,46.4990443],[29.2552119,46.4854353],[29.2196698,46.4636089],[29.2468043,46.4166113],[29.206756,46.3863219],[29.2407054,46.3761769],[29.2677792,46.3936914],[29.2650817,46.4065279],[29.324102,46.4148169],[29.3078009,46.4648752],[29.3365096,46.4739927],[29.3315594,46.4959063],[29.3512806,46.5042009],[29.3961789,46.4252091],[29.3867233,46.4466237],[29.4484591,46.4986546],[29.5024603,46.4612869],[29.4843136,46.4474115],[29.494678,46.4281002],[29.5661326,46.4164774],[29.5803143,46.3609011],[29.6033516,46.3536731],[29.6787608,46.3613508],[29.6602999,46.4359837],[29.7346389,46.4350027],[29.7267899,46.4668279],[29.7412898,46.472979],[29.7763856,46.4545767],[29.7868229,46.419933],[29.8231401,46.3957558],[29.8052325,46.3856381],[29.8911359,46.3523887],[29.8869747,46.3716846],[29.9391763,46.4004698],[30.0211556,46.3830755],[30.0705442,46.396985],[30.0972367,46.375181],[30.1637143,46.4135329],[30.1569979,46.4290698],[30.1342788,46.4110181],[30.095724,46.4400692],[30.0975201,46.4266959],[30.0824843,46.4349136],[30.0783978,46.4239025],[30.0569858,46.4272695],[30.0641721,46.4429057],[30.0225685,46.4420884],[30.0250741,46.4536949],[29.99411,46.461987],[30.0232968,46.4687771],[29.995019,46.4734071],[30.0010931,46.49581],[29.9876895,46.4938549],[29.9867551,46.5101853],[29.9608287,46.4906299],[29.961496,46.5099987],[29.9371699,46.4937582],[29.9437634,46.5017639],[29.9063373,46.5143164],[29.9135179,46.5215879],[29.8759653,46.5467104],[29.9451926,46.5552545],[29.9361724,46.589094],[29.9632777,46.5837565],[29.9682979,46.5984221],[29.9458703,46.6481907],[29.9706778,46.6885129],[29.9752263,46.7539125],[29.9351748,46.805779],[29.978814,46.816202],[29.9685206,46.8321729],[29.9477401,46.8422168],[29.9051288,46.8202793],[29.8844581,46.849365],[29.8840737,46.8861272],[29.7495288,46.8610701],[29.7180636,46.932117],[29.6479227,46.9194283],[29.6396538,46.9551812],[29.5720914,46.9402462],[29.557411,46.9580908],[29.5957857,46.9635699],[29.6024826,47.0416336],[29.6286758,47.044726],[29.6129159,47.0982362],[29.5476253,47.0936589],[29.5497337,47.0758996],[29.5302017,47.0754494],[29.4947466,47.1315218],[29.5799248,47.1357635],[29.5521097,47.2513875],[29.5986932,47.2573916],[29.5740647,47.3704656],[29.4876534,47.3558608],[29.4857162,47.3058776],[29.4270454,47.2921482],[29.4236972,47.3047822],[29.3983616,47.300472],[29.3837407,47.3451482],[29.3980062,47.3536396],[29.3907218,47.3797607],[29.3373839,47.3704093],[29.3174901,47.4492004],[29.2948011,47.440682]]]]}},{"type":"Feature","properties":{"key":"poltavska","name":"Полтавська область"},"geometry":{"type":"MultiPolygon","coordinates":[[[[34.9342958,50.1257647],[34.9403583,50.1521815],[34.8473047,50.1656465],[34.7582951,50.145717],[34.7398713,50.1449366],[34.74951,50.1577533],[34.7344959,50.1603383],[34.7009752,50.1504286],[34.6952182,50.110581],[34.6767952,50.1110745],[34.6768156,50.1338993],[34.6608445,50.1108637],[34.5461646,50.1324772],[34.5233856,50.1773543],[34.5709169,50.2269955],[34.5143055,50.2483257],[34.519885,50.2807477],[34.4555508,50.2870016],[34.3996042,50.3184951],[34.4106621,50.3362071],[34.3767901,50.3587447],[34.3909906,50.3670125],[34.2520272,50.4408763],[34.2490298,50.5186109],[34.219562,50.5334484],[34.1200929,50.5100262],[34.0978529,50.4810374],[34.0821376,50.4883763],[34.1029193,50.504397],[34.0655849,50.516136],[34.028129,50.49864],[33.9550455,50.5475607],[33.9142684,50.5141592],[33.8925641,50.5335621],[33.8119995,50.5155922],[33.8505945,50.4992228],[33.7875065,50.4776973],[33.7865459,50.4608181],[33.733883,50.4584968],[33.5723017,50.4947326],[33.531636,50.4802578],[33.4641561,50.4925666],[33.4337945,50.4755113],[33.4135115,50.4990017],[33.3749714,50.4974952],[33.3738905,50.5211932],[33.3188259,50.520491],[33.2763648,50.5535118],[33.2426011,50.5389424],[33.2379713,50.5099858],[33.2212305,50.5034541],[33.1709893,50.5226381],[33.1187121,50.5052209],[33.0648556,50.5197576],[33.0231615,50.5023365],[33.016009,50.4708326],[32.9727357,50.4759815],[32.9656959,50.4448203],[32.9129786,50.4243314],[32.917473,50.409131],[32.7904397,50.3711401],[32.7932802,50.3466702],[32.6709225,50.3583949],[32.672089,50.370401],[32.526394,50.345716],[32.4865314,50.3686488],[32.4934586,50.3991925],[32.3977,50.4065466],[32.3389953,50.4276212],[32.2904362,50.3793453],[32.2516088,50.3738143],[32.2640846,50.3620823],[32.2545921,50.346965],[32.2179045,50.3582319],[32.1434038,50.3484349],[32.1525195,50.3374675],[32.1290183,50.31601],[32.1399305,50.3046563],[32.0838638,50.283214],[32.1009103,50.2766062],[32.0894508,50.2469771],[32.1254432,50.2247961],[32.1116221,50.2126044],[32.1770576,50.164899],[32.2988289,50.1416664],[32.3039186,50.1199374],[32.2502872,50.1147429],[32.2767172,50.0969205],[32.2616785,50.0825023],[32.3139339,50.0386887],[32.3337357,50.0583815],[32.3499856,50.0477091],[32.3788769,49.9809869],[32.4282925,49.9603795],[32.4142421,49.9034617],[32.43475,49.8882384],[32.3739945,49.8744485],[32.4495754,49.7963182],[32.5039357,49.8046272],[32.5143536,49.7742997],[32.5558342,49.7736363],[32.5726313,49.7529899],[32.5741913,49.7025437],[32.7086013,49.6568481],[32.7111844,49.6057816],[32.7534007,49.5789121],[32.7505219,49.5238192],[32.6776129,49.498672],[32.6730386,49.4479656],[32.651165,49.436147],[32.679171,49.4253579],[32.6901948,49.3851316],[32.7371389,49.372059],[32.7374875,49.3531128],[32.5465089,49.3814788],[32.5100121,49.4080116],[32.4625922,49.3493503],[32.4792773,49.3416832],[32.4679855,49.3279285],[32.5966003,49.2759056],[32.6103095,49.2534942],[32.7139514,49.2573496],[32.7639544,49.2328622],[32.8154952,49.2488307],[32.9290167,49.2296321],[32.983447,49.2400955],[32.9831251,49.211463],[33.000247,49.1988547],[33.1208716,49.1748415],[33.1580761,49.1296285],[33.1558935,49.098792],[33.1869663,49.0964106],[33.1998675,49.0736036],[33.248669,49.0859309],[33.2403531,49.1667405],[33.3043011,49.118343],[33.2620421,49.0919021],[33.3199614,49.0615503],[33.3278673,49.0247995],[33.2975501,49.010521],[33.3196157,48.9490147],[33.3518066,48.9529371],[33.4011984,48.9278424],[33.4036222,48.9597909],[33.4761202,48.9520329],[33.4742998,48.9147365],[33.5373325,48.931362],[33.5476551,48.9126572],[33.5751592,48.9110338],[33.5676745,48.9188297],[33.589323,48.916845],[33.6371895,48.9738312],[33.6651085,48.9784797],[33.6992036,48.9453287],[33.8191689,48.9369856],[33.9259521,48.8803386],[34.0209598,48.8649649],[34.072397,48.8248915],[34.1220188,48.8212061],[34.1320037,48.7815961],[34.2864463,48.7438899],[34.2941624,48.7233941],[34.3144425,48.7395117],[34.3089164,48.7652948],[34.3423131,48.7832051],[34.2980786,48.7845398],[34.2971606,48.8207337],[34.3385376,48.8204191],[34.3253467,48.8442983],[34.35061,48.8499726],[34.300152,48.8958351],[34.312023,48.9405911],[34.3531174,48.9838003],[34.3256542,48.9987287],[34.3603802,49.0333022],[34.4157888,49.0548183],[34.4019662,49.0936058],[34.4655688,49.0644361],[34.5155039,49.0719859],[34.5582025,49.0554068],[34.5739065,49.0632597],[34.5722795,49.0952183],[34.5948787,49.0941514],[34.5908903,49.1119573],[34.7490692,49.1406315],[34.7653563,49.1511942],[34.7586473,49.1684837],[34.8038648,49.1791236],[34.8117366,49.1666705],[34.8270681,49.1750402],[34.8201349,49.1868683],[34.8466,49.1912571],[34.9019243,49.178013],[34.867184,49.1647966],[34.8993484,49.1490508],[34.9485112,49.1939422],[35.0158017,49.1498851],[34.9803734,49.2501859],[35.0241127,49.3256017],[35.076381,49.318084],[35.0912383,49.3006085],[35.2417468,49.2970261],[35.2716587,49.2771222],[35.288161,49.2964952],[35.2791408,49.3181883],[35.375321,49.3982179],[35.3479958,49.4048248],[35.3638865,49.4469711],[35.3157812,49.4554599],[35.33168,49.5049098],[35.4845468,49.4908973],[35.484595,49.5165052],[35.4286648,49.5266585],[35.426806,49.5496193],[35.4049415,49.5553711],[35.4856818,49.5720132],[35.4256374,49.6560405],[35.433372,49.6734492],[35.3445109,49.6651737],[35.3301463,49.682025],[35.2436622,49.6935165],[35.2563781,49.708846],[35.2427321,49.7128872],[35.2644218,49.7165933],[35.259357,49.7334326],[35.2229809,49.7366411],[35.2054041,49.7564836],[35.2114544,49.7890932],[35.1995927,49.800448],[35.2221858,49.8070418],[35.2193739,49.829652],[35.1400557,49.8596952],[35.0679745,49.8586254],[35.046536,49.8723164],[35.0637556,49.8853611],[34.9705071,49.8852545],[34.912464,49.9352694],[34.859465,49.9496284],[34.8702568,49.9573318],[34.8563132,49.9870227],[34.9648948,50.0746106],[34.9373726,50.0957093],[34.9342958,50.1257647]]]]}},{"type":"Feature","properties":{"key":"rivnenska","name":"Рівненська область"},"geometry":{"type":"MultiPolygon","coordinates":[[[[27.2032622,50.9910624],[27.2382751,50.9454114],[27.2167638,50.9199379],[27.2568459,50.8959659],[27.2320444,50.8391985],[27.2337043,50.7954566],[27.2424293,50.7700573],[27.2715396,50.7612883],[27.2625732,50.7456074],[27.2753674,50.7212206],[27.2446065,50.6730678],[27.2037309,50.6661175],[27.2138026,50.6397043],[27.1864334,50.6254917],[27.2245663,50.6053579],[27.215192,50.5883184],[27.2304028,50.5666886],[27.1307029,50.5608491],[27.1179282,50.5947282],[27.0794747,50.58366],[27.0648183,50.5620733],[27.072822,50.5509714],[27.0175283,50.5589883],[26.9828002,50.5227292],[26.8996693,50.5463377],[26.8565512,50.5090003],[26.8272447,50.5230512],[26.8175262,50.50251],[26.7650469,50.4890675],[26.7616191,50.4704098],[26.7866021,50.4677334],[26.7427987,50.4615236],[26.7451779,50.4795862],[26.7344109,50.4772636],[26.7368066,50.4448198],[26.7173713,50.4457062],[26.7125941,50.4169476],[26.6923772,50.4199648],[26.682427,50.3891126],[26.6593108,50.3921171],[26.6481266,50.3647819],[26.601775,50.3681657],[26.5867233,50.3395937],[26.5527348,50.3302332],[26.5605662,50.3170092],[26.5265611,50.3107905],[26.4958916,50.2756877],[26.5023453,50.2620824],[26.3830232,50.2607566],[26.3239852,50.2311418],[26.2737474,50.1788563],[26.2297927,50.172126],[26.1790232,50.1973469],[26.1854855,50.2291424],[26.211846,50.2301964],[26.220969,50.2668879],[26.1912748,50.2627842],[26.1657402,50.2308596],[26.0650004,50.2574805],[26.0086714,50.2288735],[25.9630403,50.2563204],[25.927847,50.2555641],[25.8573708,50.1914727],[25.8217195,50.1805855],[25.7288149,50.1868062],[25.7241923,50.1729459],[25.6842354,50.1768741],[25.625489,50.1521931],[25.5757186,50.1764592],[25.5542019,50.150374],[25.4760526,50.1661423],[25.4492417,50.1504222],[25.4484366,50.1244059],[25.4890336,50.101817],[25.4540428,50.0942981],[25.4313862,50.052985],[25.3635652,50.0459184],[25.3465995,50.0040426],[25.1972475,50.1310292],[25.2150723,50.1795829],[25.165417,50.2091738],[25.1901276,50.2488166],[25.2067691,50.2473001],[25.2049392,50.2793035],[25.1015035,50.2950839],[25.1089933,50.312181],[25.166108,50.3309877],[25.1411137,50.3694749],[25.1689863,50.379721],[25.1791587,50.3623439],[25.1987354,50.3631414],[25.2099672,50.3810878],[25.1697754,50.3957592],[25.1586131,50.4288897],[25.1395248,50.4279387],[25.1535927,50.443208],[25.1382735,50.4609339],[25.0841286,50.4753845],[25.1514629,50.4664204],[25.1601992,50.5052718],[25.1226716,50.5282483],[25.1222643,50.5537674],[25.2563203,50.5326203],[25.2961779,50.539418],[25.3214908,50.5686287],[25.3187925,50.5835466],[25.3003603,50.57966],[25.2919757,50.6306207],[25.327515,50.612044],[25.4061409,50.6116682],[25.3516629,50.6415001],[25.3873685,50.657972],[25.3793258,50.6906481],[25.4045936,50.6689651],[25.459872,50.6621519],[25.4697049,50.6800497],[25.6016841,50.6962943],[25.6067247,50.7175583],[25.6942632,50.7248322],[25.694638,50.703857],[25.7221432,50.6835286],[25.7088346,50.6714007],[25.772751,50.6762183],[25.829291,50.6197402],[25.8444457,50.6310371],[25.8234903,50.6466156],[25.8785688,50.7085643],[25.8717866,50.7384433],[25.9024577,50.8317641],[26.0219631,50.8209095],[26.0395822,50.8417669],[25.9916053,50.8658091],[26.0007128,50.9352246],[25.9668209,50.9569366],[26.0847548,50.973315],[26.0856252,51.0027433],[26.1072604,51.0052074],[26.0876336,51.0524654],[26.0169394,51.0833802],[25.9409768,51.0844987],[25.9419083,51.1190775],[26.0587707,51.1425783],[26.0655041,51.1792942],[25.9958532,51.2277033],[25.9462646,51.2324529],[25.9380642,51.2778882],[25.8328239,51.3302802],[25.8211619,51.3456679],[25.8354935,51.3623281],[25.8242955,51.3659906],[25.8442707,51.3756593],[25.8310733,51.3870922],[25.7812192,51.374238],[25.7552737,51.3811237],[25.7596731,51.4003535],[25.724892,51.4000976],[25.7247512,51.3805838],[25.694955,51.3756698],[25.7038411,51.3839753],[25.6874205,51.4054452],[25.6465004,51.4168456],[25.6414964,51.4788272],[25.6180505,51.477255],[25.623788,51.4952847],[25.6021037,51.4931907],[25.6102304,51.5070831],[25.5554116,51.5007249],[25.5499835,51.5194145],[25.5953005,51.5246586],[25.5652253,51.5398009],[25.5986634,51.5809722],[25.555341,51.624373],[25.5319313,51.6139757],[25.5299224,51.6311051],[25.5776216,51.6246537],[25.6410946,51.6817479],[25.6829221,51.755873],[25.6695262,51.7732034],[25.6497102,51.7667481],[25.659371,51.7836328],[25.6316477,51.8041015],[25.6501557,51.8188508],[25.6401309,51.8492329],[25.7086476,51.8946784],[25.6282182,51.903493],[25.592838,51.9245265],[25.77221,51.9216115],[25.7654631,51.950066],[25.8238692,51.9430527],[25.8254818,51.924642],[25.9240427,51.9154915],[25.9990596,51.9330363],[26.0943917,51.9120258],[26.1416268,51.8743239],[26.1551008,51.8802335],[26.1551051,51.864223],[26.3719995,51.8622077],[26.3947831,51.87683],[26.395712,51.8311526],[26.4273648,51.8330671],[26.4708921,51.8004867],[26.5466977,51.7960247],[26.5926238,51.8303343],[26.6936048,51.8233042],[26.7493443,51.807994],[26.751763,51.7739174],[26.7909621,51.7570919],[26.8461863,51.7661813],[26.9482487,51.7360754],[26.9944366,51.7688237],[27.2023541,51.7732655],[27.2081942,51.6679319],[27.2730063,51.6544212],[27.2403601,51.6018071],[27.3592472,51.6159696],[27.4273114,51.6058721],[27.454721,51.6199543],[27.4684764,51.6066562],[27.4827232,51.6148657],[27.4815702,51.593922],[27.50315,51.5866609],[27.5265463,51.6072444],[27.5125356,51.6067838],[27.5172062,51.6376456],[27.6188516,51.6054089],[27.6530982,51.6175741],[27.7275982,51.6046141],[27.7268282,51.5666841],[27.6764085,51.5395063],[27.6687992,51.4969216],[27.5788379,51.4785298],[27.5826949,51.4298321],[27.5990295,51.4301732],[27.6137924,51.4031012],[27.5843579,51.4017358],[27.5375721,51.4284073],[27.5345305,51.4529807],[27.5036287,51.4519778],[27.494563,51.3746501],[27.5259528,51.3663968],[27.5275302,51.3533054],[27.4897397,51.3154648],[27.4407671,51.3105868],[27.4613115,51.2642209],[27.4470985,51.2547709],[27.4738669,51.2372421],[27.4006855,51.2007864],[27.3981321,51.1702169],[27.3639876,51.1429508],[27.3667288,51.097669],[27.3236257,51.0804325],[27.3258447,51.0422538],[27.2200012,51.0301236],[27.2262937,51.0079477],[27.2032622,50.9910624]]]]}},{"type":"Feature","properties":{"key":"sumska","name":"Сумська область"},"geometry":{"type":"MultiPolygon","coordinates":[[[[33.4954679,52.3562052],[33.5183961,52.3548492],[33.51952,52.3426775],[33.4817381,52.3138678],[33.5598732,52.3022553],[33.5646717,52.3133221],[33.5440911,52.3241316],[33.5818172,52.3108275],[33.6039618,52.3340361],[33.70816,52.3627881],[33.8364718,52.3613887],[33.8552985,52.332873],[33.8390248,52.3203553],[33.9211781,52.3050042],[33.944782,52.2834725],[33.9379249,52.2498279],[34.0006256,52.2272606],[33.9988438,52.2109932],[34.0163436,52.2018983],[34.052827,52.2013946],[34.0593057,52.1665971],[34.1165103,52.1410444],[34.0859547,52.108772],[34.0941193,52.0850545],[34.0622838,52.0729483],[34.1013873,52.0414992],[34.0967426,52.0048487],[34.1402829,51.9996027],[34.1292,51.9845167],[34.143244,51.9680607],[34.1896141,51.9690423],[34.2191173,51.9203863],[34.2614916,51.9092818],[34.2453611,51.8816703],[34.3036616,51.8872099],[34.4155526,51.8257791],[34.4092816,51.7822437],[34.4404811,51.74334],[34.4228533,51.7223269],[34.3089885,51.720309],[34.2910185,51.7050711],[34.1281673,51.68957],[34.0803623,51.6662788],[34.1046326,51.6664331],[34.1296856,51.6427688],[34.1671184,51.6456286],[34.1821142,51.5970031],[34.2111907,51.600498],[34.2166044,51.5746617],[34.2387146,51.5840716],[34.2596951,51.5333432],[34.3075867,51.519417],[34.2899783,51.51],[34.2909888,51.4803186],[34.2452216,51.4566644],[34.2547635,51.4398189],[34.2209449,51.4170156],[34.2277041,51.3995236],[34.2924719,51.3881073],[34.2852026,51.3746804],[34.3055177,51.37904],[34.3386644,51.3560818],[34.3151253,51.3293345],[34.2848204,51.337407],[34.2822844,51.3108132],[34.2376399,51.2925275],[34.2549227,51.28219],[34.2304829,51.265097],[34.3057027,51.2383001],[34.3842389,51.2738226],[34.4843098,51.2449121],[34.541308,51.2528404],[34.5796994,51.234196],[34.6029815,51.2536685],[34.6626432,51.2474418],[34.6687639,51.1977678],[34.7165421,51.1714211],[34.7845964,51.1849494],[34.8348031,51.1693405],[34.833315,51.183249],[34.8623139,51.1991556],[34.8982872,51.1930169],[34.9799591,51.2355426],[35.0380416,51.2178112],[35.0387556,51.2044206],[35.0717792,51.2345064],[35.119607,51.2315033],[35.1502664,51.2234198],[35.1229727,51.1650862],[35.1415622,51.1338882],[35.1746482,51.1215882],[35.1630494,51.108965],[35.173502,51.0872388],[35.1476163,51.0826362],[35.1901586,51.0539591],[35.2757853,51.0585547],[35.3043821,51.0787376],[35.4061621,51.0482286],[35.4093137,51.026721],[35.3746663,51.008638],[35.3228178,51.01367],[35.3523878,50.974248],[35.3257629,50.9468253],[35.4000735,50.9141463],[35.4037294,50.9027981],[35.3798926,50.8957115],[35.4018773,50.8794762],[35.3823763,50.8700793],[35.4191177,50.843828],[35.4114062,50.802563],[35.4887132,50.7768038],[35.4638767,50.734965],[35.4731539,50.725539],[35.4594576,50.68925],[35.4961851,50.6788724],[35.4858424,50.6559295],[35.4627568,50.6663096],[35.392902,50.6500043],[35.4256755,50.6031905],[35.3904639,50.5800052],[35.4278732,50.5621439],[35.4351863,50.5319134],[35.4766855,50.4886921],[35.5860914,50.4485373],[35.5836144,50.3951071],[35.6119229,50.3746325],[35.6015557,50.3673887],[35.6926624,50.3456316],[35.6886612,50.3347382],[35.6502278,50.3097534],[35.5939337,50.3312547],[35.5159175,50.3172416],[35.5353313,50.3020062],[35.5244478,50.2901141],[35.4390285,50.316894],[35.4234871,50.3350487],[35.3790932,50.3205345],[35.3822305,50.2944786],[35.3300292,50.3186529],[35.2965161,50.2895163],[35.3298884,50.2741183],[35.2661274,50.2652909],[35.2603892,50.2344283],[35.1926064,50.2282248],[35.1480809,50.2422051],[35.0700952,50.2058684],[35.0398747,50.1647254],[35.0325083,50.1802657],[34.9643004,50.184696],[34.9736237,50.1584901],[34.9403583,50.1521815],[34.8473047,50.1656465],[34.7466506,50.1446532],[34.74951,50.1577533],[34.7344959,50.1603383],[34.6998585,50.1496921],[34.6982666,50.111184],[34.6767952,50.1110745],[34.6768156,50.1338993],[34.6654777,50.1111304],[34.6330839,50.1119949],[34.5461646,50.1324772],[34.5233856,50.1773543],[34.5709169,50.2269955],[34.5143055,50.2483257],[34.519885,50.2807477],[34.4555508,50.2870016],[34.3996042,50.3184951],[34.4106621,50.3362071],[34.3767901,50.3587447],[34.3909906,50.3670125],[34.2520272,50.4408763],[34.2490298,50.5186109],[34.219562,50.5334484],[34.1200929,50.5100262],[34.0978529,50.4810374],[34.0821376,50.4883763],[34.1029193,50.504397],[34.0655849,50.516136],[34.028129,50.49864],[33.9550455,50.5475607],[33.9142684,50.5141592],[33.8925641,50.5335621],[33.8119995,50.5155922],[33.8505945,50.4992228],[33.7875065,50.4776973],[33.7865459,50.4608181],[33.733883,50.4584968],[33.5723017,50.4947326],[33.531636,50.4802578],[33.4641561,50.4925666],[33.4337945,50.4755113],[33.4135115,50.4990017],[33.3749714,50.4974952],[33.3738905,50.5211932],[33.3188259,50.520491],[33.2763648,50.5535118],[33.2426011,50.5389424],[33.2379713,50.5099858],[33.2212305,50.5034541],[33.1726309,50.5226357],[33.1187121,50.5052209],[33.0598362,50.5222167],[33.0496645,50.5419562],[33.1242353,50.5983549],[33.1030341,50.6024316],[33.1173518,50.6477802],[33.1467737,50.6548165],[33.1512099,50.6936423],[33.1360216,50.7105702],[33.2402392,50.7323541],[33.1898927,50.746551],[33.1563345,50.7922566],[33.1692106,50.7995041],[33.155365,50.8283036],[33.1851737,50.8486881],[33.1695442,50.8508669],[33.1835742,50.8677584],[33.1703424,50.8880235],[33.210932,50.9014404],[33.1970994,50.9202295],[33.2003096,50.9616213],[33.1369976,50.9614883],[33.1179099,51.0067092],[33.0793189,50.9808205],[33.0403278,50.9921875],[33.0850758,51.0374699],[33.0601376,51.0492012],[33.0693178,51.0691977],[32.9426042,51.0896908],[32.9928151,51.1434354],[32.9604635,51.1626837],[32.9863371,51.183946],[32.9770689,51.1882644],[33.0418314,51.205688],[33.029696,51.2273253],[33.0688213,51.2550329],[33.0582476,51.2665186],[33.0762417,51.2900298],[33.0415193,51.2917597],[33.0768359,51.3127112],[33.0685999,51.3318478],[33.0809647,51.3391678],[33.0419772,51.3432877],[33.0169524,51.3960496],[33.0457636,51.4104297],[33.0565465,51.4043013],[33.0386172,51.3909909],[33.0621567,51.3705287],[33.1077792,51.3659937],[33.1103863,51.3804816],[33.0924016,51.3900097],[33.1329556,51.3822418],[33.1353731,51.3996059],[33.1186199,51.4040226],[33.1346645,51.4166821],[33.1129916,51.4283593],[33.1363104,51.4942028],[33.1932041,51.5137088],[33.1585447,51.5693732],[33.2220368,51.5801704],[33.1545638,51.607318],[33.1543778,51.6419458],[33.1261238,51.6448517],[33.1410711,51.6783168],[33.1660244,51.6806339],[33.1439005,51.6910843],[33.1704773,51.6996691],[33.0785363,51.775798],[33.1468163,51.8161736],[33.1234764,51.8635242],[33.1799187,51.8859376],[33.1716477,51.9017205],[33.1876839,51.9124824],[33.2208682,51.9049677],[33.2521423,51.9262684],[33.3552,51.9309872],[33.3713797,51.9529473],[33.3942383,51.9545281],[33.3489217,51.9988243],[33.3044998,52.0127676],[33.3172152,52.0318981],[33.4020634,52.0514256],[33.4287238,52.0257264],[33.5000385,52.0383243],[33.4997424,52.0892317],[33.4383976,52.0878587],[33.4449467,52.0974218],[33.4101193,52.1157531],[33.4172931,52.1229878],[33.3393969,52.1469302],[33.3289415,52.1399382],[33.3419808,52.1352333],[33.3236877,52.1361603],[33.3371168,52.1616458],[33.3102427,52.1848036],[33.3314603,52.2017825],[33.3167933,52.2165959],[33.3670655,52.2327],[33.3590354,52.2584295],[33.3861691,52.2674942],[33.3863783,52.2969451],[33.4021306,52.3027481],[33.3866461,52.3156866],[33.4018673,52.3131851],[33.4287445,52.3456787],[33.4468122,52.3426564],[33.4393772,52.3529424],[33.4551102,52.365307],[33.4954679,52.3562052]]]]}},{"type":"Feature","properties":{"key":"ternopilska","name":"Тернопільська область"},"geometry":{"type":"MultiPolygon","coordinates":[[[[26.20919,49.1672134],[26.1899149,49.1715782],[26.1832581,49.195077],[26.2014777,49.2432802],[26.2432584,49.2428764],[26.2584668,49.2638121],[26.2413024,49.2753418],[26.2576317,49.2772113],[26.2516895,49.3093956],[26.2255485,49.3310653],[26.244813,49.3692702],[26.2195373,49.3779653],[26.2355581,49.4002151],[26.1933396,49.4300975],[26.1881763,49.4811322],[26.1423169,49.5094531],[26.1756533,49.5493269],[26.2191081,49.5512563],[26.1992682,49.6086606],[26.231412,49.6366522],[26.2625142,49.6375401],[26.2724552,49.656975],[26.2411414,49.6937894],[26.1908981,49.7141704],[26.2435558,49.7453027],[26.2407615,49.7755967],[26.1782462,49.8473273],[26.2010069,49.8663108],[26.1327293,49.898469],[26.1662384,49.9221861],[26.141898,49.9718531],[26.1717777,49.9935172],[26.202068,49.9925515],[26.210723,50.0159937],[26.1758709,50.0252665],[26.2270689,50.0476012],[26.2008938,50.0673179],[26.1990621,50.0978235],[26.2735469,50.1028732],[26.2348712,50.1311847],[26.2435246,50.1434191],[26.2085322,50.1545984],[26.2188721,50.1813503],[26.1790232,50.1973469],[26.1854855,50.2291424],[26.211846,50.2301964],[26.220969,50.2668879],[26.1912748,50.2627842],[26.1657402,50.2308596],[26.0650004,50.2574805],[26.0086714,50.2288735],[25.9630403,50.2563204],[25.927847,50.2555641],[25.8573708,50.1914727],[25.7288149,50.1868062],[25.7241923,50.1729459],[25.6842354,50.1768741],[25.625489,50.1521931],[25.5757186,50.1764592],[25.5542019,50.150374],[25.4760526,50.1661423],[25.4492417,50.1504222],[25.4484366,50.1244059],[25.4890336,50.101817],[25.4540428,50.0942981],[25.4313862,50.052985],[25.3635652,50.0459184],[25.3492329,50.0177999],[25.3466915,50.0040452],[25.402346,49.9858916],[25.403801,49.9479417],[25.4270041,49.9431564],[25.3872746,49.9326644],[25.375037,49.8679764],[25.2990732,49.853673],[25.2859671,49.8279945],[25.1747568,49.8370865],[25.1373142,49.8147375],[25.0838073,49.8284641],[25.0899188,49.782484],[25.0723704,49.7702238],[25.114973,49.7456373],[25.0674447,49.7115007],[25.022051,49.7351751],[24.9971985,49.6965663],[24.9983705,49.6598261],[24.9826384,49.6365698],[24.9596207,49.6414399],[24.9543054,49.6159097],[24.9079639,49.6146898],[24.9009141,49.5997025],[24.8711318,49.6096967],[24.7915633,49.5728367],[24.721255,49.5698165],[24.7161724,49.4961785],[24.771195,49.4311427],[24.7755831,49.3775254],[24.8280529,49.3857903],[24.8332612,49.3632],[24.8592875,49.3470144],[24.8335358,49.3367088],[24.8280908,49.2853678],[24.8433199,49.2625519],[24.9334307,49.2349261],[24.8564072,49.1778128],[24.8564621,49.1635193],[24.8997975,49.1290557],[24.9853817,49.1167563],[24.9721039,49.0965038],[24.9912198,49.0712032],[24.9162995,49.0830878],[24.9028067,49.0527513],[24.9695627,49.0113149],[24.9654863,48.9927996],[25.0174572,49.0113635],[25.0784253,48.9841232],[25.1194282,48.9948119],[25.1097598,48.9637789],[25.1474515,48.9436136],[25.1182455,48.9236093],[25.1392567,48.8691325],[25.1705651,48.8703733],[25.1675139,48.8937422],[25.1981439,48.9147253],[25.1908258,48.9270798],[25.2311911,48.9325437],[25.2109485,48.8462336],[25.2604539,48.866679],[25.3254245,48.8377674],[25.3535367,48.8595595],[25.4326615,48.843554],[25.4271504,48.8677939],[25.4394275,48.8715546],[25.4692983,48.8571095],[25.4554085,48.8308982],[25.5519389,48.7997645],[25.6405498,48.7481111],[25.6097903,48.7246563],[25.6530017,48.7051344],[25.6275254,48.6730814],[25.7111769,48.6633446],[25.7379572,48.6332455],[25.7666417,48.6701162],[25.799178,48.6706572],[25.8550574,48.6196617],[25.8490802,48.5970976],[25.9090353,48.5868944],[25.9752205,48.6208758],[26.0209667,48.6103153],[26.0318903,48.6430039],[26.0484062,48.6486252],[26.0658521,48.607129],[26.0443174,48.5852662],[26.0908638,48.5391504],[26.1270502,48.5543855],[26.0959491,48.599541],[26.1182618,48.6200287],[26.1445912,48.5982311],[26.145879,48.5499899],[26.1631236,48.5305798],[26.267827,48.5399626],[26.299579,48.5098725],[26.356625,48.5078],[26.3920833,48.5349216],[26.4426973,48.5423385],[26.4092966,48.5418185],[26.3796221,48.5647345],[26.3605184,48.5417135],[26.3637958,48.5595513],[26.3364774,48.5694508],[26.359843,48.5880359],[26.2929989,48.6230522],[26.3237894,48.6296859],[26.2879094,48.6402059],[26.3075929,48.657605],[26.2732217,48.6472063],[26.2793866,48.6682166],[26.2478818,48.6679339],[26.2453774,48.6840262],[26.2195594,48.689005],[26.237819,48.6970002],[26.2289948,48.7089099],[26.244498,48.7364951],[26.2234804,48.7521887],[26.2459153,48.7557609],[26.2073828,48.797442],[26.2334201,48.7900073],[26.2255695,48.8131905],[26.258556,48.8154802],[26.2336002,48.8189963],[26.1998812,48.8589926],[26.2144311,48.8818363],[26.2042922,48.8964803],[26.2238745,48.9101427],[26.1964146,48.9035807],[26.1839061,48.9155414],[26.1985741,48.9184315],[26.2083055,48.955075],[26.1774167,48.9737262],[26.2119608,48.9828569],[26.1761257,48.9955811],[26.2156218,49.0048879],[26.1833746,49.0563526],[26.2156051,49.0721229],[26.1919534,49.0776575],[26.205687,49.1327],[26.1899718,49.1583687],[26.20919,49.1672134]]]]}},{"type":"Feature","properties":{"key":"kharkivska","name":"Харківська область"},"geometry":{"type":"MultiPolygon","coordinates":[[[[37.8745133,49.2339965],[37.8435096,49.201336],[37.5684732,49.2314008],[37.5024426,49.187026],[37.5537103,49.1668511],[37.5642568,49.1399758],[37.5409323,49.1456573],[37.5848991,49.1260061],[37.4873418,49.1017569],[37.5058865,49.0701829],[37.4812049,49.057663],[37.385273,49.0483431],[37.3919077,49.0250599],[37.3753542,49.026272],[37.3669159,48.9916652],[37.3443961,49.0034979],[37.3113835,48.9900319],[37.3246068,48.9827871],[37.294625,48.9696536],[37.3208249,48.9565342],[37.3073119,48.9469698],[37.3322457,48.9347819],[37.3283404,48.9221538],[37.2226721,48.9087399],[37.1931517,48.8811427],[37.1920963,48.8144756],[37.0988131,48.8507912],[37.0783612,48.8176962],[37.0237648,48.8178852],[36.994919,48.7873734],[37.0431197,48.7661786],[37.035749,48.7460095],[36.9660115,48.793779],[36.8542182,48.800445],[36.8392986,48.7727018],[36.8212339,48.7713601],[36.7886624,48.7808424],[36.7905575,48.8019771],[36.7207933,48.8060797],[36.6893666,48.7760794],[36.7091205,48.767446],[36.7356495,48.7038903],[36.7118326,48.6925518],[36.7389079,48.6259487],[36.5906985,48.6027629],[36.482913,48.6636476],[36.4468109,48.6324184],[36.4193355,48.6340535],[36.4459061,48.613845],[36.4241059,48.611917],[36.355173,48.5322871],[36.3238878,48.5555752],[36.2962497,48.531178],[36.271346,48.5437229],[36.319428,48.5872395],[36.251138,48.620609],[36.2810903,48.6608545],[36.1430402,48.7243035],[36.1618074,48.748951],[36.1401103,48.7658944],[36.1594635,48.7680938],[36.1592194,48.7842264],[36.1235371,48.8085277],[36.0649955,48.8083981],[36.0756049,48.8332397],[36.0192844,48.8546717],[36.04008,48.8735334],[36.0117342,48.8880117],[36.0436846,48.9153848],[35.9955519,48.9393712],[36.0035164,48.9463562],[35.9773899,48.9596734],[35.9897273,48.9690724],[35.9399698,48.9990133],[35.9387829,48.9713022],[35.8838604,48.9752096],[35.8567153,48.9450491],[35.8295993,48.9501489],[35.8074365,48.9271799],[35.7891069,48.9544168],[35.7522901,48.9466732],[35.7241971,48.9665575],[35.695998,48.9427585],[35.6951155,48.9671557],[35.6285334,48.9671668],[35.6266838,48.9831815],[35.4855021,48.9725939],[35.4387405,49.0111778],[35.4086493,49.013051],[35.4012486,49.0304476],[35.3018862,49.0693869],[35.3069714,49.0919692],[35.2759232,49.0907467],[35.2578448,49.1133858],[35.2282574,49.1005998],[35.1902869,49.110238],[35.2282838,49.1266789],[35.1897705,49.1382456],[35.209995,49.1510523],[35.1879168,49.1626413],[35.1439962,49.1500608],[35.122365,49.1644341],[35.086539,49.1413468],[35.0756038,49.170146],[35.0531214,49.1769934],[35.0432547,49.1552938],[35.0178946,49.1507738],[34.9803734,49.2501859],[35.0241127,49.3256017],[35.076381,49.318084],[35.0912383,49.3006085],[35.2417468,49.2970261],[35.2716587,49.2771222],[35.288161,49.2964952],[35.2791408,49.3181883],[35.375321,49.3982179],[35.3479958,49.4048248],[35.3638865,49.4469711],[35.3157812,49.4554599],[35.33168,49.5049098],[35.481305,49.4840718],[35.484595,49.5165052],[35.4286648,49.5266585],[35.426806,49.5496193],[35.4049474,49.557156],[35.4856818,49.5720132],[35.4256374,49.6560405],[35.433372,49.6734492],[35.3445109,49.6651737],[35.3301463,49.682025],[35.2436622,49.6935165],[35.2563781,49.708846],[35.2427321,49.7128872],[35.2644218,49.7165933],[35.259357,49.7334326],[35.2229809,49.7366411],[35.2054041,49.7564836],[35.2114544,49.7890932],[35.1995927,49.800448],[35.2221858,49.8070418],[35.2193739,49.829652],[35.1400557,49.8596952],[35.0679745,49.8586254],[35.046536,49.8723164],[35.0637556,49.8853611],[35.014287,49.8759836],[34.9614725,49.8889675],[34.912464,49.9352694],[34.859465,49.9496284],[34.8702568,49.9573318],[34.8563132,49.9870227],[34.9648948,50.0746106],[34.9373726,50.0957093],[34.9327884,50.1347073],[34.9403583,50.1521815],[34.9736237,50.1584901],[34.9621449,50.1845789],[35.0325083,50.1802657],[35.0398747,50.1647254],[35.0700952,50.2058684],[35.1480809,50.2422051],[35.1926064,50.2282248],[35.2603892,50.2344283],[35.2661274,50.2652909],[35.3298884,50.2741183],[35.2965161,50.2895163],[35.3300292,50.3186529],[35.3822305,50.2944786],[35.3790932,50.3205345],[35.4234871,50.3350487],[35.4390285,50.316894],[35.5244478,50.2901141],[35.5353313,50.3020062],[35.5159175,50.3172416],[35.5939337,50.3312547],[35.6502278,50.3097534],[35.6926624,50.3456316],[35.6580016,50.3511483],[35.7387239,50.3546016],[35.8027106,50.3979249],[35.7928415,50.4158101],[35.8319584,50.4338511],[35.8725269,50.4226512],[35.8892957,50.4391127],[35.9360191,50.4307857],[36.06572,50.4512366],[36.1496007,50.434536],[36.1769618,50.4015937],[36.1932155,50.4036322],[36.2838531,50.3355539],[36.2739667,50.3241205],[36.2957047,50.2917904],[36.3642097,50.2874902],[36.4334535,50.3306376],[36.4399794,50.3110596],[36.4877844,50.3115624],[36.5241793,50.2862699],[36.584757,50.2861174],[36.5907748,50.2707589],[36.5605393,50.2507244],[36.647948,50.217656],[36.6792297,50.2372934],[36.6888079,50.2673201],[36.8700084,50.3361537],[37.1510796,50.3563135],[37.2922513,50.4010999],[37.3299725,50.4362674],[37.4127576,50.4330496],[37.4903997,50.4573946],[37.4848921,50.4312702],[37.4630084,50.4228167],[37.4721846,50.3683759],[37.5769637,50.3063439],[37.635743,50.3108121],[37.6142925,50.2197757],[37.6435094,50.1908441],[37.6403081,50.1760375],[37.7101555,50.1337222],[37.7554896,50.0787078],[37.7975819,50.0842467],[37.9254475,50.0346313],[37.9649775,49.9789703],[38.0053422,49.9674265],[38.0443709,49.9326817],[38.0206025,49.9257674],[38.0217451,49.9101067],[38.093529,49.8460777],[38.017711,49.8370829],[38.0095719,49.8127852],[38.0525154,49.783448],[37.9988497,49.7532542],[37.9766813,49.7678],[37.9514337,49.731662],[37.9747072,49.7084843],[38.0167106,49.7129176],[37.9986513,49.70038],[38.0457079,49.6573758],[37.9959275,49.6477859],[37.9748306,49.6116033],[37.9443097,49.6112904],[37.9340905,49.5894807],[37.9523188,49.5685519],[37.9011744,49.5741737],[37.886433,49.549142],[37.9272576,49.5478595],[37.9174823,49.5340277],[37.8468168,49.5206187],[37.8420103,49.5077233],[37.8440005,49.4452346],[37.8755942,49.4467491],[37.8783381,49.4134652],[37.8962713,49.4034895],[37.8834557,49.3126874],[37.948553,49.303627],[37.9584141,49.2851618],[37.8988744,49.2702854],[37.9117826,49.2595009],[37.8662869,49.2463704],[37.8745133,49.2339965]]]]}},{"type":"Feature","properties":{"key":"zhytomyrska","name":"Житомирська область"},"geometry":{"type":"MultiPolygon","coordinates":[[[[28.9854355,49.6029575],[29.1167416,49.5836448],[29.2129954,49.5876265],[29.2415363,49.6034981],[29.2757057,49.5900906],[29.2757808,49.6271199],[29.3799712,49.6198319],[29.4099221,49.6592075],[29.4311848,49.662138],[29.5052255,49.6491931],[29.5134814,49.6628506],[29.4889911,49.6689197],[29.4980338,49.7135546],[29.4453545,49.7134413],[29.4351659,49.7293503],[29.462044,49.7619157],[29.4386888,49.8055263],[29.4831652,49.8044026],[29.5090815,49.8350422],[29.5418946,49.8189979],[29.5468977,49.8354713],[29.6551358,49.8666594],[29.6666348,49.8739772],[29.627186,49.8863787],[29.7352238,49.9443586],[29.6715101,50.0322104],[29.6952236,50.0438828],[29.6970534,50.0685208],[29.6469242,50.1065546],[29.6699515,50.1137496],[29.6591354,50.1276466],[29.6921189,50.1522501],[29.6431484,50.1798054],[29.703561,50.2300379],[29.6655592,50.2649714],[29.6886841,50.277236],[29.6755439,50.297601],[29.6924045,50.3232406],[29.6259877,50.3300803],[29.6116258,50.3414701],[29.6418163,50.358275],[29.6376309,50.3725749],[29.5889815,50.3747518],[29.5903771,50.4003375],[29.5602398,50.4225009],[29.454759,50.4014455],[29.4425755,50.4154229],[29.4815295,50.4190046],[29.4985012,50.440241],[29.4467841,50.4527614],[29.4571438,50.4711127],[29.4835292,50.459305],[29.5108425,50.4707502],[29.5070711,50.49988],[29.4602177,50.5172533],[29.4581371,50.5394687],[29.5024022,50.5473408],[29.4983402,50.5898195],[29.4447373,50.6210648],[29.4722914,50.6282155],[29.4860114,50.6626495],[29.5217251,50.6615404],[29.5421929,50.6896876],[29.5764242,50.6991152],[29.5976293,50.7291076],[29.5702637,50.7715027],[29.4719593,50.7735966],[29.5070758,50.7746472],[29.5214833,50.7926341],[29.4881867,50.8122172],[29.5473784,50.8139025],[29.5421762,50.8283871],[29.4974716,50.8372841],[29.5213186,50.8688505],[29.4713189,50.9036449],[29.4674832,50.9247398],[29.4114766,50.9489313],[29.41378,50.983654],[29.4761712,50.9788998],[29.4645617,51.018945],[29.5117379,51.060619],[29.4274518,51.1239321],[29.3488983,51.1600001],[29.3306014,51.157561],[29.3291884,51.1266959],[29.3113703,51.1428096],[29.2675489,51.2648114],[29.3544641,51.2744186],[29.3671779,51.3059679],[29.3472407,51.3238489],[29.3964355,51.3275122],[29.3934342,51.3794092],[29.3261982,51.3776741],[29.3091182,51.454234],[29.2753882,51.4587841],[29.2510082,51.4956141],[29.2521278,51.5671774],[29.2138482,51.5667386],[29.2043435,51.6074128],[29.1775305,51.6075963],[29.1887148,51.6278496],[29.1560365,51.6267134],[29.1755371,51.6511627],[29.1224475,51.6504278],[29.1175363,51.661638],[29.0904069,51.6276636],[28.9993779,51.5735218],[28.9695212,51.5916213],[28.9125477,51.5902026],[28.8196328,51.5588208],[28.7616083,51.4873512],[28.7860779,51.4552938],[28.7529308,51.4145633],[28.7336698,51.434556],[28.7365781,51.4664115],[28.6838178,51.4442642],[28.6512346,51.5233624],[28.6468234,51.5504497],[28.6601177,51.5623167],[28.6478955,51.572694],[28.5543316,51.5722168],[28.4674425,51.5931192],[28.352452,51.5399722],[28.3426513,51.5767948],[28.281337,51.6235777],[28.2561285,51.6196693],[28.269646,51.6711764],[28.2593843,51.6811359],[28.1707759,51.6445812],[28.1527951,51.6065964],[28.1292803,51.6084913],[28.117615,51.5835544],[28.0494227,51.5667451],[27.9457882,51.5581841],[27.9749185,51.5940535],[27.9202579,51.5778883],[27.9119102,51.6133139],[27.8657877,51.6288507],[27.8365247,51.6164704],[27.8247961,51.5768259],[27.8483987,51.5437988],[27.8068383,51.5331204],[27.7636482,51.474494],[27.6688082,51.5178441],[27.6687992,51.4969216],[27.5788379,51.4785298],[27.5826949,51.4298321],[27.5990295,51.4301732],[27.6137924,51.4031012],[27.5843579,51.4017358],[27.5375721,51.4284073],[27.5345305,51.4529807],[27.5036287,51.4519778],[27.494563,51.3746501],[27.5259528,51.3663968],[27.5275302,51.3533054],[27.4897397,51.3154648],[27.4407671,51.3105868],[27.4613115,51.2642209],[27.4470985,51.2547709],[27.4738669,51.2372421],[27.4006855,51.2007864],[27.3981321,51.1702169],[27.3639876,51.1429508],[27.3667288,51.097669],[27.3236257,51.0804325],[27.3258447,51.0422538],[27.2200012,51.0301236],[27.2262937,51.0079477],[27.1998969,51.0001324],[27.2382751,50.9454114],[27.2167638,50.9199379],[27.2568459,50.8959659],[27.2320444,50.8391985],[27.2337043,50.7954566],[27.2424293,50.7700573],[27.2715396,50.7612883],[27.2625732,50.7456074],[27.2753727,50.7210508],[27.2446065,50.6730678],[27.2037309,50.6661175],[27.2138026,50.6397043],[27.1864173,50.625364],[27.2245663,50.6053579],[27.215192,50.5883184],[27.2308727,50.567107],[27.1964899,50.5620765],[27.2074024,50.5318219],[27.2589358,50.5131082],[27.2677959,50.4917841],[27.3013301,50.493127],[27.2483691,50.3927607],[27.3212009,50.3677737],[27.3155756,50.3317396],[27.3636736,50.3330485],[27.4165743,50.3074602],[27.3954724,50.2875086],[27.4447371,50.2754372],[27.4426361,50.2611654],[27.4809931,50.2572024],[27.5209864,50.2254569],[27.5974589,50.2585407],[27.5929794,50.2156565],[27.6227956,50.1994889],[27.6213184,50.1696167],[27.665003,50.1933799],[27.6616678,50.1716722],[27.6776765,50.1578509],[27.6314297,50.1462539],[27.6258873,50.1224528],[27.6391136,50.1150537],[27.6154447,50.0861911],[27.6686525,50.077496],[27.6811811,50.0340492],[27.6420187,50.0367497],[27.6116882,50.005711],[27.5712753,50.0196607],[27.546477,50.0115817],[27.5756258,49.9486026],[27.5477154,49.9348233],[27.548226,49.9015599],[27.5697891,49.9097487],[27.5957866,49.8901687],[27.6253697,49.8923954],[27.6099979,49.875646],[27.6447948,49.8074298],[27.6622613,49.7944524],[27.6680612,49.8078243],[27.7172545,49.8057799],[27.7237049,49.7903323],[27.7036566,49.7689962],[27.7901579,49.7266977],[27.8358037,49.7558549],[27.9604911,49.7785136],[28.044877,49.7705527],[28.2261284,49.7851912],[28.2493898,49.8150445],[28.2626483,49.7995359],[28.3790964,49.7803565],[28.406665,49.7919769],[28.421866,49.8249026],[28.4694868,49.8227535],[28.4819698,49.8071598],[28.528529,49.8204857],[28.5698352,49.7740313],[28.6011352,49.7818806],[28.6022153,49.8101529],[28.6363941,49.8173172],[28.7256547,49.7965532],[28.7589755,49.8183008],[28.7507105,49.8444329],[28.8439089,49.8599461],[28.8572808,49.8885749],[28.8807905,49.8883196],[28.9537469,49.8399143],[28.9444017,49.8195432],[28.9702209,49.803634],[28.9421847,49.7838344],[29.002173,49.7385919],[29.0047973,49.7265993],[28.9457578,49.6791227],[29.0100628,49.6325427],[28.9854355,49.6029575]]]]}},{"type":"Feature","properties":{"key":"khersonska","name":"Херсонська область"},"geometry":{"type":"MultiPolygon","coordinates":[[[[32.9687926,45.8740416],[32.8714205,45.833181],[32.733545,45.8297573],[32.4467873,45.8707248],[31.8924887,45.9971252],[31.6162327,46.0357073],[31.477504,46.0708518],[31.3933895,46.1072043],[31.2845662,46.1934741],[31.2422354,46.2701679],[31.2372722,46.4031776],[31.1590964,46.4096818],[31.3814661,46.4076023],[31.7974278,46.3490392],[31.8109129,46.3715694],[31.804476,46.4791719],[31.8480348,46.5004454],[31.927471,46.5817546],[31.9300896,46.652885],[32.0868325,46.6835172],[32.0756701,46.7299759],[32.0609094,46.7279785],[32.05715,46.7446436],[32.171543,46.7523229],[32.1689531,46.7635024],[32.2186855,46.7713054],[32.2096967,46.8057258],[32.2522118,46.8196044],[32.2272245,46.8454517],[32.3415854,46.7954461],[32.3728903,46.7990798],[32.3653157,46.8292574],[32.4632807,46.8404296],[32.4693254,46.816568],[32.5314968,46.82324],[32.5250909,46.8483039],[32.5412735,46.8501696],[32.5337954,46.8814646],[32.5442811,46.8831729],[32.5467399,46.869438],[32.5704869,46.8725642],[32.5854524,46.8558401],[32.6878845,46.8620814],[32.7013967,46.8207644],[32.7715653,46.8207817],[32.8136251,46.8401364],[32.9491152,46.8579487],[32.9198948,46.8661432],[32.9152698,46.883276],[32.8383546,46.8825934],[32.8392106,46.8962844],[32.9798654,46.9336997],[32.9758582,46.9487523],[32.9496623,46.9465451],[32.9339743,46.9862828],[32.9496959,47.0031886],[33.0224893,46.9727807],[33.1557081,47.1174531],[33.1050252,47.1366073],[33.0819797,47.1075813],[33.102579,47.099811],[33.0729674,47.0624047],[33.0515956,47.0700634],[33.0269084,47.0396692],[32.9147786,47.0888454],[32.9178741,47.1434371],[32.961355,47.1896302],[33.0044164,47.1969024],[33.0378879,47.1782057],[33.0719918,47.2233615],[33.1300077,47.202869],[33.1425852,47.2103746],[33.1272546,47.2308989],[33.1836885,47.2380285],[33.1052117,47.280462],[33.1029147,47.3223493],[33.1372968,47.3336504],[33.1225794,47.385216],[33.0392937,47.3796948],[33.0359379,47.3911547],[33.0341304,47.4416307],[33.0538642,47.4440506],[33.0472559,47.4684701],[33.0667949,47.4749215],[33.0715543,47.4124492],[33.1378337,47.4195283],[33.1232429,47.5079417],[33.1468637,47.5146486],[33.1417425,47.5434739],[33.0949698,47.5276253],[33.0926838,47.5788322],[33.1718551,47.5666814],[33.2334173,47.5773653],[33.2155108,47.5331085],[33.2872009,47.5433013],[33.278779,47.5177444],[33.3099756,47.5015974],[33.3141379,47.4825937],[33.3488161,47.4936669],[33.3226885,47.5235625],[33.4861004,47.5439264],[33.473719,47.5873296],[33.5803214,47.600194],[33.6090611,47.5618715],[33.5886516,47.5582341],[33.5759204,47.5286664],[33.588445,47.5023016],[33.6359662,47.5140686],[33.6436096,47.4845268],[33.9381432,47.5161609],[33.9547773,47.4575536],[34.1394646,47.4772499],[34.2184503,47.452729],[34.2445527,47.4304716],[34.3053474,47.269141],[34.3302362,47.2904306],[34.4013965,47.2870834],[34.3987637,47.2982773],[34.4192258,47.3006584],[34.4138387,47.3234564],[34.5121847,47.3350429],[34.5161124,47.3184443],[34.4804555,47.3077858],[34.4877638,47.2799494],[34.5182002,47.2835488],[34.5300976,47.2507598],[34.4909976,47.2406],[34.5195021,47.1047491],[34.5534973,47.1059694],[34.5672697,47.0244915],[34.5916567,47.0267916],[34.5996222,46.9917725],[34.6174822,46.9933158],[34.6238427,46.9733971],[34.6809711,46.9791411],[34.6854556,46.9558631],[34.7364408,46.9613595],[34.7525692,46.8795369],[34.8046826,46.8825274],[34.8165539,46.8284506],[34.7581324,46.8227066],[34.7675765,46.7809131],[34.7501431,46.7805134],[34.7350052,46.7473443],[34.6252257,46.723972],[34.6322356,46.6876186],[34.7461772,46.6832188],[34.7563087,46.6269756],[34.7127641,46.6200738],[34.7232991,46.5814666],[34.748275,46.5841895],[34.7568736,46.5493492],[34.8907061,46.5631548],[34.890103,46.5069564],[34.9468732,46.512555],[35.0213956,46.4789514],[35.0546771,46.4818658],[35.0720342,46.2995725],[35.128223,46.3020878],[35.2780627,46.264581],[35.4680391,46.1464862],[35.3273733,45.9852651],[35.2418565,45.9453848],[35.1509695,45.9315235],[35.2334204,45.7917299],[34.9597746,45.7565682],[34.7990874,45.8104643],[34.8021689,45.9006479],[34.7540112,45.9088363],[34.628541,45.9864034],[34.5611691,45.9943843],[34.5109022,45.9480281],[34.4762212,45.9441393],[34.320021,46.0682092],[34.2521968,46.0531749],[34.1843736,46.0668628],[34.1218931,46.1057194],[33.9982336,46.1264504],[33.8486859,46.1996667],[33.7968936,46.2030156],[33.7399776,46.1852474],[33.6467708,46.22958],[33.6152408,46.2262179],[33.6135506,46.2139172],[33.6412746,46.1424429],[33.5721329,46.1025643],[33.5911874,46.0612472],[33.5407189,46.0120312],[32.9687926,45.8740416]]]]}},{"type":"Feature","properties":{"key":"khmelnytska","name":"Хмельницька область"},"geometry":{"type":"MultiPolygon","coordinates":[[[[27.5477154,49.9348233],[27.5756258,49.9486026],[27.546477,50.0115817],[27.5712753,50.0196607],[27.6116882,50.005711],[27.6420187,50.0367497],[27.6811811,50.0340492],[27.6686525,50.077496],[27.6154447,50.0861911],[27.6391136,50.1150537],[27.6258873,50.1224528],[27.6314297,50.1462539],[27.6776765,50.1578509],[27.6616678,50.1716722],[27.665003,50.1933799],[27.6213184,50.1696167],[27.6227956,50.1994889],[27.5929794,50.2156565],[27.5974589,50.2585407],[27.5209864,50.2254569],[27.4809931,50.2572024],[27.4426361,50.2611654],[27.4447371,50.2754372],[27.3954724,50.2875086],[27.4165743,50.3074602],[27.3636736,50.3330485],[27.3155756,50.3317396],[27.3212009,50.3677737],[27.2483691,50.3927607],[27.3013301,50.493127],[27.2677959,50.4917841],[27.2589358,50.5131082],[27.2074024,50.5318219],[27.1964899,50.5620765],[27.1307029,50.5608491],[27.1179282,50.5947282],[27.0794747,50.58366],[27.0648183,50.5620733],[27.072822,50.5509714],[27.0175283,50.5589883],[26.9828002,50.5227292],[26.8996693,50.5463377],[26.8565512,50.5090003],[26.8272447,50.5230512],[26.8175262,50.50251],[26.7783904,50.5021014],[26.7600861,50.4766702],[26.7866021,50.4677334],[26.7427987,50.4615236],[26.7451779,50.4795862],[26.7344109,50.4772636],[26.7368066,50.4448198],[26.7173713,50.4457062],[26.7125941,50.4169476],[26.6923772,50.4199648],[26.682427,50.3891126],[26.6593108,50.3921171],[26.6481266,50.3647819],[26.601775,50.3681657],[26.5867233,50.3395937],[26.5527348,50.3302332],[26.5605662,50.3170092],[26.5228736,50.3069665],[26.4958916,50.2756877],[26.5023453,50.2620824],[26.3961634,50.2652112],[26.3239852,50.2311418],[26.2870968,50.1844987],[26.2113781,50.1750782],[26.2209602,50.1646693],[26.2088983,50.1540734],[26.2435246,50.1434191],[26.2348712,50.1311847],[26.2735469,50.1028732],[26.1990621,50.0978235],[26.2008938,50.0673179],[26.2270689,50.0476012],[26.1758709,50.0252665],[26.210723,50.0159937],[26.202068,49.9925515],[26.1717777,49.9935172],[26.141898,49.9718531],[26.1662384,49.9221861],[26.1327293,49.898469],[26.2010069,49.8663108],[26.1782462,49.8473273],[26.2407615,49.7755967],[26.2435558,49.7453027],[26.1908981,49.7141704],[26.2411414,49.6937894],[26.2724552,49.656975],[26.2625142,49.6375401],[26.231412,49.6366522],[26.1992682,49.6086606],[26.2191081,49.5512563],[26.1756533,49.5493269],[26.1423169,49.5094531],[26.1881763,49.4811322],[26.1933396,49.4300975],[26.2355581,49.4002151],[26.21943,49.3784194],[26.2446293,49.3696208],[26.2320402,49.3579371],[26.2438048,49.3478012],[26.22738,49.3496148],[26.2260855,49.3279309],[26.2595585,49.2896878],[26.2414752,49.2770305],[26.2584454,49.2641133],[26.2449109,49.2446826],[26.2028163,49.244603],[26.1832148,49.1959295],[26.1899149,49.1715782],[26.2110829,49.1616613],[26.1899718,49.1583687],[26.205687,49.1327],[26.1919534,49.0776575],[26.2156291,49.0722888],[26.183401,49.0557264],[26.2156869,49.005615],[26.1776438,48.9976699],[26.2119608,48.9828569],[26.1770268,48.9698961],[26.2083055,48.955075],[26.1856374,48.9104796],[26.2246353,48.9086683],[26.2042922,48.8964803],[26.2144311,48.8818363],[26.1998812,48.8589926],[26.2336002,48.8189963],[26.258556,48.8154802],[26.2255695,48.8131905],[26.2334201,48.7900073],[26.2073828,48.797442],[26.2459153,48.7557609],[26.2234804,48.7521887],[26.244498,48.7364951],[26.2289948,48.7089099],[26.237819,48.6970002],[26.2198301,48.6883356],[26.2453774,48.6840262],[26.2478818,48.6679339],[26.2793866,48.6682166],[26.2732217,48.6472063],[26.3075929,48.657605],[26.2879094,48.6402059],[26.3237894,48.6296859],[26.2929989,48.6230522],[26.359843,48.5880359],[26.3364774,48.5694508],[26.3637958,48.5595513],[26.3584146,48.5433063],[26.3757566,48.5457775],[26.3796221,48.5647345],[26.4114979,48.5411342],[26.4876765,48.5451476],[26.5544143,48.4582523],[26.5975168,48.4510834],[26.6258571,48.4640453],[26.6124994,48.5066983],[26.6692751,48.4856172],[26.7130884,48.4951262],[26.6752387,48.5386145],[26.6235261,48.5375068],[26.6226544,48.5548724],[26.6614707,48.5600098],[26.7271026,48.533048],[26.7431053,48.5559763],[26.720297,48.5787201],[26.7286753,48.5872579],[26.7616222,48.5491535],[26.7798538,48.5477931],[26.7945468,48.5674888],[26.7788531,48.5945258],[26.8006344,48.609177],[26.8237902,48.6058418],[26.8206689,48.5807634],[26.8759938,48.5426966],[26.9250667,48.5770165],[26.9667326,48.5765519],[26.9811665,48.5910534],[26.997056,48.5733134],[27.0886159,48.5572887],[27.1704037,48.5831026],[27.2513782,48.5685842],[27.2600127,48.5828082],[27.2465174,48.6147484],[27.2723435,48.6230151],[27.3336189,48.6040002],[27.3510252,48.6275257],[27.3716586,48.6289522],[27.390072,48.6805058],[27.4139838,48.6986593],[27.399291,48.7268592],[27.416905,48.739612],[27.3895436,48.764455],[27.4271883,48.7944997],[27.4110092,48.8116554],[27.4151959,48.8816715],[27.3934414,48.9004739],[27.3923038,48.9381673],[27.4173685,48.954283],[27.4180149,48.9716197],[27.3815564,49.0073705],[27.4166945,49.0546581],[27.4354038,49.0701942],[27.5029669,49.0698946],[27.4800138,49.0875648],[27.5054215,49.110234],[27.4926617,49.1213998],[27.532787,49.1253958],[27.5349452,49.138474],[27.5775559,49.1215883],[27.5977552,49.1348624],[27.6032977,49.1624072],[27.6398235,49.1680078],[27.6868114,49.14172],[27.7405979,49.1386354],[27.7825463,49.1730157],[27.7760375,49.1898863],[27.7910546,49.1744987],[27.8148604,49.1894587],[27.8548763,49.1706542],[27.8980839,49.1861364],[27.8935454,49.2100458],[27.8665303,49.2132184],[27.8560102,49.2356407],[27.8724942,49.246001],[27.849279,49.2638086],[27.8624465,49.2795257],[27.8578311,49.3285334],[27.8115038,49.3661421],[27.8290885,49.3677482],[27.8119676,49.3883301],[27.8336695,49.3911628],[27.8514797,49.4271553],[27.7504916,49.439866],[27.7637836,49.4785293],[27.7913667,49.4888503],[27.7349861,49.4965424],[27.7429086,49.5316255],[27.7751696,49.5203064],[27.79414,49.5307482],[27.7904102,49.5569821],[27.7583295,49.5763039],[27.8122938,49.6183208],[27.8115797,49.6445014],[27.7660225,49.6664265],[27.7625993,49.6972532],[27.8117178,49.7019583],[27.8371073,49.7297983],[27.7811896,49.7283826],[27.7520475,49.7556912],[27.7036566,49.7689962],[27.727053,49.7995454],[27.716497,49.8061699],[27.6580225,49.7967282],[27.6226414,49.8384553],[27.6099979,49.875646],[27.6253697,49.8923954],[27.5957866,49.8901687],[27.5697891,49.9097487],[27.5494374,49.9006321],[27.5477154,49.9348233]]]]}},{"type":"Feature","properties":{"key":"cherkaska","name":"Черкаська область"},"geometry":{"type":"MultiPolygon","coordinates":[[[[31.1211016,49.5613168],[31.1538449,49.5554094],[31.1397284,49.5720405],[31.1526976,49.5806129],[31.128754,49.5838776],[31.1356301,49.6037246],[31.2172779,49.6946845],[31.1963758,49.7015808],[31.2220092,49.7331515],[31.2049242,49.7571895],[31.2165089,49.7767907],[31.1897813,49.7902733],[31.2210363,49.8323358],[31.2078722,49.852244],[31.2471344,49.8680329],[31.2606901,49.8580382],[31.3104236,49.8918663],[31.3801579,49.907259],[31.3342738,49.9359058],[31.3475202,49.949126],[31.3342496,49.9558173],[31.2887594,49.9523762],[31.3053076,49.9725584],[31.2907657,49.9786275],[31.3829725,49.9928543],[31.4367112,49.9841657],[31.4450977,49.9742026],[31.4249519,49.9360291],[31.4340793,49.891807],[31.4966245,49.8598803],[31.5023639,49.8433268],[31.5147904,49.8688902],[31.5566061,49.8747815],[31.580868,49.9067395],[31.6126244,49.9061663],[31.6147053,49.8569405],[31.7171397,49.8522301],[31.7522795,49.8933895],[31.7739912,49.89373],[31.7706049,49.9203736],[31.8133873,49.9662075],[31.8897905,49.9624116],[31.9013949,49.9437454],[31.9184071,49.9912191],[31.8999608,50.0192503],[31.9797333,50.038701],[31.9865417,50.0524735],[31.9040163,50.0560697],[31.9114146,50.1007745],[31.9752853,50.1252744],[31.9341184,50.1584553],[31.9653221,50.1516286],[31.9933348,50.2013518],[32.0562062,50.1877346],[32.0864231,50.2215584],[32.118106,50.2284028],[32.1116221,50.2126044],[32.1770576,50.164899],[32.2988289,50.1416664],[32.3039186,50.1199374],[32.2502872,50.1147429],[32.2767172,50.0969205],[32.2616785,50.0825023],[32.3139339,50.0386887],[32.3337357,50.0583815],[32.3499856,50.0477091],[32.3788769,49.9809869],[32.4282925,49.9603795],[32.4142421,49.9034617],[32.43475,49.8882384],[32.3739945,49.8744485],[32.4495754,49.7963182],[32.5039357,49.8046272],[32.5143536,49.7742997],[32.5558342,49.7736363],[32.572487,49.7533334],[32.5741913,49.7025437],[32.7086013,49.6568481],[32.707192,49.6156387],[32.7534007,49.5789121],[32.7555427,49.5396175],[32.7166446,49.5020166],[32.6776129,49.498672],[32.6730386,49.4479656],[32.651165,49.436147],[32.679171,49.4253579],[32.6901948,49.3851316],[32.7371389,49.372059],[32.7377987,49.3534412],[32.6740158,49.3526375],[32.5465089,49.3814788],[32.5100121,49.4080116],[32.4621842,49.3434989],[32.4792773,49.3416832],[32.4679855,49.3279285],[32.4969769,49.3111924],[32.5966003,49.2759056],[32.6079814,49.2540537],[32.7139514,49.2573496],[32.7639544,49.2328622],[32.8591216,49.2447143],[32.757271,49.1668461],[32.7771948,49.1420693],[32.8904096,49.1265557],[32.8961836,49.0948475],[32.8144669,49.0753207],[32.8293519,49.0747718],[32.8427046,49.0281641],[32.8280061,49.0107256],[32.8739558,48.9923909],[32.7333299,48.9648233],[32.6758347,48.9858251],[32.6798419,48.9573442],[32.653406,48.953315],[32.60781,48.9646045],[32.5821135,48.9508087],[32.5390454,48.9670191],[32.5517534,48.9418492],[32.5215471,48.9388939],[32.497842,49.0123932],[32.4732549,49.0074615],[32.4654874,49.0317183],[32.4757196,49.0335256],[32.4428274,49.0525972],[32.3970497,49.0262164],[32.3717265,49.0375404],[32.3654377,49.0719301],[32.3485796,49.0792993],[32.2644738,49.081339],[32.2621929,49.0589202],[32.233714,49.0594719],[32.2181005,48.9868267],[32.1875691,48.9957845],[32.1777507,48.972709],[32.1346735,48.966203],[32.131103,48.9513113],[32.1535862,48.9446819],[32.1460206,48.9122758],[32.0863366,48.904873],[32.093307,48.9189018],[32.0489901,48.9163586],[32.0265394,48.9308372],[32.0066529,48.913153],[31.9543801,48.9103912],[31.9212745,48.8801156],[31.9182295,48.9062642],[31.8052944,48.9496396],[31.7510646,48.9260483],[31.6984618,48.9309838],[31.6895238,48.896414],[31.6389044,48.9080341],[31.5806873,48.8878597],[31.5948138,48.9061767],[31.5817229,48.9126803],[31.5668778,48.8999202],[31.5820052,48.8751823],[31.5591544,48.8630892],[31.5588747,48.8286888],[31.4227572,48.7637019],[31.4360105,48.7538411],[31.4242609,48.7429466],[31.4124087,48.7564507],[31.3930581,48.7349126],[31.3941557,48.7481435],[31.3838022,48.728089],[31.3575616,48.7417632],[31.3537199,48.7274823],[31.3295574,48.7258778],[31.3096534,48.7587218],[31.2614788,48.748442],[31.2495947,48.7665164],[31.2161016,48.7684628],[31.1136494,48.7276793],[31.0381146,48.7605407],[30.9436575,48.772238],[30.9456166,48.7589696],[30.9015335,48.7615647],[30.8834744,48.7439029],[30.83222,48.7496621],[30.8114254,48.7694825],[30.8038131,48.7568991],[30.7530995,48.7701335],[30.6369926,48.7518962],[30.6091075,48.7191185],[30.5759081,48.7207106],[30.6110338,48.6977707],[30.5986247,48.6630861],[30.5516312,48.6540717],[30.5294597,48.6277714],[30.5708909,48.6057062],[30.557694,48.5955285],[30.5665508,48.5672257],[30.4735449,48.5654117],[30.4528743,48.5832993],[30.4029125,48.573874],[30.3864863,48.5270213],[30.2547893,48.5054099],[30.2561097,48.4890708],[30.2205295,48.4798243],[30.1626455,48.5035196],[30.1109638,48.4519816],[30.0498295,48.4827495],[29.961448,48.4727422],[29.9666088,48.4915601],[30.0006166,48.4921663],[30.0064708,48.5134516],[29.9931176,48.5199507],[30.0207736,48.5192342],[30.0059271,48.5731875],[29.947866,48.5943884],[29.951217,48.6087592],[29.9898385,48.6136769],[29.992721,48.632116],[29.9447613,48.6576782],[29.9468584,48.6699179],[29.8609142,48.6995937],[29.867617,48.7345967],[29.8844077,48.7371126],[29.8665526,48.7632659],[29.7658627,48.7862224],[29.7615052,48.8471323],[29.7317092,48.8545668],[29.7272934,48.8860132],[29.7094765,48.8975353],[29.7356332,48.9081989],[29.6870676,48.9121743],[29.6519968,48.9368946],[29.6520649,48.9598535],[29.6958259,49.0005433],[29.6847613,49.0269781],[29.6392842,49.0117825],[29.6060329,49.0566111],[29.6304694,49.0470942],[29.6505051,49.0966755],[29.687158,49.088799],[29.6780629,49.1122603],[29.7335589,49.1228607],[29.7120053,49.1423313],[29.7259191,49.202913],[29.7041132,49.2253239],[29.7541296,49.2268784],[29.7274707,49.2081191],[29.7603021,49.1796938],[29.8828813,49.1860685],[29.8768783,49.2002662],[29.9555578,49.2521576],[29.9471051,49.3121575],[30.0074222,49.315131],[30.0264808,49.3343837],[30.0707372,49.3251751],[30.1123291,49.2703198],[30.1233349,49.289004],[30.1071414,49.3029173],[30.1366196,49.3313415],[30.2004215,49.328162],[30.1897437,49.2750853],[30.3665146,49.2552051],[30.3758619,49.2364118],[30.3978314,49.3034262],[30.4211241,49.3023807],[30.4139106,49.3304444],[30.4734596,49.3650013],[30.5155778,49.3277695],[30.5473941,49.3266149],[30.6071149,49.3703037],[30.7287195,49.3318835],[30.7999469,49.3539619],[30.9090149,49.3586178],[30.9366605,49.3946432],[30.9210956,49.4155958],[30.9936963,49.4224733],[31.0292932,49.4717513],[31.0444263,49.4574883],[31.0401186,49.4737679],[31.0945648,49.4965212],[31.0976124,49.543545],[31.1211016,49.5613168]]]]}},{"type":"Feature","properties":{"key":"chernivetska","name":"Чернівецька область"},"geometry":{"type":"MultiPolygon","coordinates":[[[[27.013479,48.4203791],[27.0847731,48.4346715],[27.0874478,48.4129101],[27.1241493,48.3790862],[27.1923268,48.3948664],[27.2356588,48.3729901],[27.2862145,48.3715596],[27.3197236,48.443607],[27.3735195,48.4417261],[27.3838606,48.4106012],[27.4467703,48.4090508],[27.4665942,48.4486194],[27.5342699,48.4701365],[27.4786202,48.5068476],[27.4794391,48.5457945],[27.4460118,48.6009738],[27.3652971,48.629759],[27.3230142,48.6018252],[27.2571263,48.622633],[27.2443539,48.6118668],[27.2600127,48.5828082],[27.2513782,48.5685842],[27.1704037,48.5831026],[27.0886159,48.5572887],[26.997056,48.5733134],[26.9811665,48.5910534],[26.9667326,48.5765519],[26.9250667,48.5770165],[26.8792962,48.5424713],[26.8409613,48.557873],[26.8202188,48.5817247],[26.8237902,48.6058418],[26.8006344,48.609177],[26.7788531,48.5945258],[26.7945468,48.5674888],[26.7798538,48.5477931],[26.7616222,48.5491535],[26.7286753,48.5872579],[26.720297,48.5787201],[26.7431053,48.5559763],[26.7271026,48.533048],[26.6614707,48.5600098],[26.6226544,48.5548724],[26.6235261,48.5375068],[26.6752387,48.5386145],[26.7130884,48.4951262],[26.6692751,48.4856172],[26.6124994,48.5066983],[26.6258571,48.4640453],[26.5944457,48.451119],[26.5544143,48.4582523],[26.4820524,48.5465608],[26.3920833,48.5349216],[26.3548899,48.5074845],[26.299579,48.5098725],[26.267827,48.5399626],[26.1686714,48.5283177],[26.1473288,48.5451266],[26.1445912,48.5982311],[26.1182618,48.6200287],[26.0959491,48.599541],[26.1270502,48.5543855],[26.091846,48.53874],[26.0443174,48.5852662],[26.0658521,48.607129],[26.0484062,48.6486252],[26.0318903,48.6430039],[26.0209667,48.6103153],[25.9752205,48.6208758],[25.9090353,48.5868944],[25.8490802,48.5970976],[25.8550574,48.6196617],[25.799178,48.6706572],[25.7666417,48.6701162],[25.7379572,48.6332455],[25.7111769,48.6633446],[25.6392306,48.6700511],[25.5852412,48.634024],[25.6092023,48.5270566],[25.5988258,48.4131926],[25.6206098,48.4129993],[25.621779,48.3787492],[25.4441455,48.4033607],[25.314749,48.3671382],[25.1929982,48.2546188],[25.1065309,48.2252418],[25.1397797,48.1949988],[25.1368923,48.1808925],[25.0897515,48.1824271],[25.093396,48.162235],[25.0669248,48.1573074],[25.0669265,48.1322425],[25.0400084,48.1283945],[25.0350616,48.1110668],[24.9814379,48.1129743],[24.9945237,48.0870843],[24.9115827,48.0270013],[24.9145803,47.9685915],[24.9292311,47.9535254],[24.9189622,47.9472274],[24.9570501,47.9199513],[24.9611632,47.9038771],[24.9444838,47.8986457],[24.9565366,47.8792792],[24.9974252,47.856735],[24.9467367,47.7942449],[24.9206357,47.730862],[25.0397492,47.725341],[25.0545917,47.7458329],[25.1155779,47.7548305],[25.1346144,47.7824202],[25.1709735,47.7963123],[25.1803182,47.8259271],[25.2220145,47.8588223],[25.2298904,47.8927922],[25.269772,47.8923136],[25.3111278,47.9142923],[25.6255351,47.9487906],[25.7749863,47.9394492],[25.8503648,47.9691455],[25.8920419,47.9612138],[25.9149992,47.9775177],[26.1009704,47.978256],[26.1843731,47.9946644],[26.212258,48.0508927],[26.2667366,48.0766675],[26.2981526,48.1337288],[26.3341734,48.1594944],[26.333738,48.1851019],[26.3771202,48.1988728],[26.4045598,48.1894439],[26.4740038,48.217764],[26.5325241,48.2100442],[26.5496311,48.2253254],[26.5720032,48.2194056],[26.5864384,48.2464592],[26.6220555,48.2409112],[26.6147411,48.2513336],[26.629137,48.247193],[26.630225,48.2596252],[26.6164054,48.2741528],[26.695942,48.3272072],[26.6826272,48.355569],[26.6945327,48.3599461],[26.7367701,48.312917],[26.7577333,48.323687],[26.7669404,48.3023602],[26.8173641,48.2952386],[26.831018,48.3130061],[26.8241215,48.3444234],[26.7649204,48.3536858],[26.7161666,48.4090252],[26.7536604,48.3989351],[26.7752709,48.4184228],[26.8705953,48.4201932],[26.9013109,48.3969812],[26.8946036,48.383582],[26.9317618,48.3633256],[26.9952994,48.3594554],[27.0048539,48.3803362],[27.0466814,48.376389],[27.0400388,48.4108484],[27.013479,48.4203791]]]]}},{"type":"Feature","properties":{"key":"chernihivska","name":"Чернігівська область"},"geometry":{"type":"MultiPolygon","coordinates":[[[[33.049,50.5408409],[33.0649554,50.5198231],[33.0231615,50.5023365],[33.016009,50.4708326],[32.9727357,50.4759815],[32.9656959,50.4448203],[32.9129786,50.4243314],[32.917473,50.409131],[32.7904397,50.3711401],[32.7932802,50.3466702],[32.6709225,50.3583949],[32.672089,50.370401],[32.526394,50.345716],[32.4865314,50.3686488],[32.4934586,50.3991925],[32.3977,50.4065466],[32.3389953,50.4276212],[32.2904362,50.3793453],[32.2516088,50.3738143],[32.2640846,50.3620823],[32.2545921,50.346965],[32.2179045,50.3582319],[32.1434038,50.3484349],[32.15475,50.37609],[32.0746793,50.3748581],[32.1018673,50.4126107],[32.0462914,50.4018783],[32.0222295,50.4583633],[31.9732876,50.4665586],[31.9790985,50.4818454],[31.9634825,50.4855274],[32.0470794,50.4961864],[32.063743,50.511763],[32.0493811,50.5260444],[32.0633663,50.5408114],[31.9520024,50.5442145],[31.9128049,50.5962843],[31.8587741,50.6320519],[31.7822875,50.6056462],[31.7818557,50.5594459],[31.6834815,50.5630476],[31.6466746,50.5526703],[31.6303502,50.5208492],[31.552948,50.5196866],[31.5226043,50.5364646],[31.5217936,50.5220871],[31.4450923,50.5003676],[31.3642502,50.5308615],[31.3304253,50.5010433],[31.319232,50.5281334],[31.262058,50.5391401],[31.2464955,50.5670413],[31.1658194,50.5894873],[31.16594,50.6074628],[31.2277496,50.6132696],[31.1989431,50.6448016],[31.2236645,50.6674334],[31.2182611,50.69702],[31.1907391,50.7028024],[31.1907635,50.7245577],[31.1215943,50.7499831],[31.1268068,50.7744043],[31.0752729,50.7810384],[31.0695375,50.7647947],[30.9507331,50.7570055],[30.8893744,50.7736991],[30.8753499,50.7465891],[30.8375287,50.7439509],[30.8459966,50.7766864],[30.8705477,50.7861293],[30.8367936,50.764028],[30.7676767,50.7797781],[30.7399619,50.7713411],[30.7369515,50.8161654],[30.7609418,50.8104277],[30.7766964,50.8313478],[30.7716823,50.8743762],[30.6842175,50.9018553],[30.6445419,50.9638852],[30.6418688,51.0025142],[30.6031996,51.0096116],[30.6008304,51.0274558],[30.4993132,51.0191359],[30.4928407,51.0453164],[30.5101463,51.0737357],[30.4820663,51.0916468],[30.5171738,51.11126],[30.4949523,51.1322373],[30.4904982,51.1651396],[30.5410278,51.179703],[30.5172111,51.1871458],[30.5307169,51.2020707],[30.5052221,51.2268152],[30.5584102,51.2325523],[30.5386247,51.2626864],[30.6134908,51.2835798],[30.6224897,51.3046774],[30.5936021,51.3118422],[30.6567478,51.3431793],[30.634861,51.3591804],[30.6556975,51.376181],[30.622327,51.4284466],[30.5921066,51.4238616],[30.5790818,51.4464516],[30.6226945,51.4661865],[30.5929935,51.4763726],[30.5683495,51.5114437],[30.582354,51.5482699],[30.5457168,51.5416335],[30.5267627,51.5695835],[30.5537348,51.5788656],[30.5062489,51.5981062],[30.5572674,51.6065778],[30.5093192,51.6267791],[30.535293,51.6583565],[30.5185989,51.6711468],[30.5712819,51.6675448],[30.5603286,51.7041415],[30.6231428,51.7117199],[30.6512089,51.7600271],[30.6137273,51.7668477],[30.6562309,51.773354],[30.6697608,51.7911117],[30.6539747,51.8262414],[30.6946268,51.8374584],[30.7068876,51.8684611],[30.7496733,51.9035841],[30.8025788,51.8990555],[30.8249802,51.9207486],[30.8051378,51.9468528],[30.8589504,51.9721125],[30.8900136,51.9693774],[30.8855911,51.9850056],[30.9111681,51.988605],[30.8955512,52.0028575],[30.9398515,52.0134997],[30.9335288,52.0401011],[30.9487185,52.0551486],[30.9321556,52.0722525],[30.9522131,52.075189],[30.9497126,52.0896803],[30.9929779,52.0781807],[31.1399176,52.1031134],[31.1611855,52.0779498],[31.2157497,52.0710624],[31.2193365,52.0509257],[31.2529956,52.0422288],[31.2975208,52.051623],[31.3251412,52.1064126],[31.4319753,52.1434018],[31.4834387,52.1165571],[31.6607324,52.1168551],[31.7219383,52.0959632],[31.7725391,52.1118081],[31.8195294,52.0984681],[31.8676203,52.1105049],[31.9606308,52.0746376],[31.9164607,52.0422631],[31.9622326,52.0531964],[32.096163,52.0336141],[32.101558,52.0456038],[32.1338312,52.0439093],[32.1472084,52.069143],[32.1994177,52.0660926],[32.2244177,52.0871723],[32.2905185,52.1031247],[32.3203575,52.1366185],[32.3679031,52.1464958],[32.3238261,52.151584],[32.3471832,52.183356],[32.3243952,52.2237281],[32.3467487,52.2446591],[32.4016711,52.2477934],[32.3830765,52.2699662],[32.3933628,52.2783708],[32.3694938,52.2769562],[32.3516706,52.3165226],[32.3765977,52.3375688],[32.4893939,52.3145394],[32.5017113,52.327295],[32.5501969,52.3268633],[32.5772341,52.3002509],[32.6078618,52.3047493],[32.700678,52.2479477],[32.7548093,52.2672431],[32.8170525,52.258938],[32.8335132,52.2792573],[32.884535,52.2740333],[32.8873384,52.245358],[32.901966,52.2452865],[32.9615271,52.2736295],[32.9959836,52.2724638],[32.9965007,52.2880058],[33.0447582,52.307877],[33.0595726,52.3307695],[33.0729943,52.3252191],[33.0674207,52.3029575],[33.1339614,52.345008],[33.1695627,52.3408457],[33.1699082,52.3730916],[33.1886614,52.3795277],[33.306382,52.3501427],[33.4069963,52.3668716],[33.4287445,52.3456787],[33.4018673,52.3131851],[33.3866461,52.3156866],[33.4021306,52.3027481],[33.3863783,52.2969451],[33.3861691,52.2674942],[33.3590354,52.2584295],[33.3670655,52.2327],[33.3145537,52.2145158],[33.3314603,52.2017825],[33.3102427,52.1848036],[33.3378571,52.1573348],[33.3236877,52.1361603],[33.3419808,52.1352333],[33.3289415,52.1399382],[33.3393969,52.1469302],[33.4172931,52.1229878],[33.4101193,52.1157531],[33.4449467,52.0974218],[33.4383976,52.0878587],[33.4997424,52.0892317],[33.5000385,52.0383243],[33.4287238,52.0257264],[33.4020634,52.0514256],[33.3172152,52.0318981],[33.3044998,52.0127676],[33.3489217,51.9988243],[33.3942383,51.9545281],[33.3713797,51.9529473],[33.3552,51.9309872],[33.2521423,51.9262684],[33.2208682,51.9049677],[33.1876839,51.9124824],[33.1716477,51.9017205],[33.1799187,51.8859376],[33.1234764,51.8635242],[33.1468163,51.8161736],[33.0793571,51.7732541],[33.1704773,51.6996691],[33.1439005,51.6910843],[33.1660244,51.6806339],[33.1410711,51.6783168],[33.1261238,51.6448517],[33.1543778,51.6419458],[33.1545638,51.607318],[33.2220368,51.5801704],[33.1585447,51.5693732],[33.1932041,51.5137088],[33.1363104,51.4942028],[33.1129916,51.4283593],[33.1346645,51.4166821],[33.1186199,51.4040226],[33.1353731,51.3996059],[33.1329556,51.3822418],[33.0924016,51.3900097],[33.1103863,51.3804816],[33.1077792,51.3659937],[33.0621567,51.3705287],[33.0386172,51.3909909],[33.0565465,51.4043013],[33.0457636,51.4104297],[33.0169524,51.3960496],[33.0419772,51.3432877],[33.0809647,51.3391678],[33.0685999,51.3318478],[33.0768359,51.3127112],[33.0415193,51.2917597],[33.0762417,51.2900298],[33.0582476,51.2665186],[33.0688213,51.2550329],[33.029696,51.2273253],[33.0418314,51.205688],[32.9770689,51.1882644],[32.9863371,51.183946],[32.9604635,51.1626837],[32.9928151,51.1434354],[32.9426042,51.0896908],[33.0693178,51.0691977],[33.0601376,51.0492012],[33.0850758,51.0374699],[33.0403278,50.9921875],[33.0793189,50.9808205],[33.1179099,51.0067092],[33.1369976,50.9614883],[33.2003096,50.9616213],[33.1970994,50.9202295],[33.210932,50.9014404],[33.1703424,50.8880235],[33.1835742,50.8677584],[33.1695442,50.8508669],[33.1851737,50.8486881],[33.155365,50.8283036],[33.1692106,50.7995041],[33.1563345,50.7922566],[33.1898927,50.746551],[33.2402392,50.7323541],[33.1360216,50.7105702],[33.1512099,50.6936423],[33.1467737,50.6548165],[33.1173518,50.6477802],[33.1030341,50.6024316],[33.1230497,50.5956879],[33.049,50.5408409]]]]}},{"type":"Feature","properties":{"key":"kyiv","name":"Київ"},"geometry":{"type":"MultiPolygon","coordinates":[[[[30.649302,50.2915876],[30.6718454,50.2764469],[30.6095931,50.278675],[30.6435516,50.2260905],[30.5926614,50.2132422],[30.563785,50.2772768],[30.5536222,50.2697443],[30.5463749,50.2910255],[30.5276376,50.2907369],[30.5335835,50.3171084],[30.475114,50.3333488],[30.4682435,50.3600987],[30.4374998,50.3569636],[30.4302718,50.3718645],[30.4425788,50.3814158],[30.3664473,50.4232188],[30.3581032,50.4452337],[30.2813786,50.4473313],[30.269261,50.4262956],[30.2361453,50.4268097],[30.251669,50.4848427],[30.270083,50.4982362],[30.2601765,50.5100079],[30.3025182,50.5334296],[30.298026,50.5544188],[30.3412187,50.5564009],[30.3072295,50.5704924],[30.3706473,50.573564],[30.3708094,50.5864925],[30.4631088,50.5843452],[30.5656585,50.5157585],[30.5569711,50.540275],[30.6540359,50.5341711],[30.6700143,50.5537407],[30.714,50.55565],[30.719819,50.5908142],[30.8158409,50.5639723],[30.8233496,50.5371286],[30.7524954,50.5185383],[30.7619215,50.509033],[30.7376052,50.498925],[30.759833,50.48355],[30.7425803,50.4584656],[30.8263593,50.4040635],[30.7759894,50.394895],[30.7621264,50.3750563],[30.7168528,50.3824011],[30.7130866,50.3546293],[30.69675,50.34725],[30.6686032,50.3598431],[30.6791925,50.3714023],[30.6359163,50.3611286],[30.6420063,50.3378189],[30.6113333,50.3464106],[30.649302,50.2915876]]]]}},{"type":"Feature","properties":{"key":"krym","name":"Автономна Республіка Крим"},"geometry":{"type":"MultiPolygon","coordinates":[[[[32.9687926,45.8740416],[32.8714205,45.833181],[32.7727018,45.8266419],[32.5890615,45.7123247],[32.3218024,45.5969383],[32.23115,45.4915401],[32.2062983,45.4386318],[32.2027213,45.3829294],[32.229222,45.2890568],[32.2862554,45.2157904],[32.3800301,45.1645297],[32.6313994,45.1120768],[32.729727,45.1208441],[32.8314558,45.1507864],[32.8902144,45.0890467],[33.0279839,45.0074406],[33.192902,44.9506562],[33.2951871,44.9405202],[33.5621787,44.8410979],[33.5866523,44.807848],[33.6772085,44.7861542],[33.6823606,44.7699841],[33.6136625,44.7497551],[33.6161203,44.711976],[33.7050933,44.7049158],[33.7265921,44.716636],[33.7769711,44.690265],[33.7176817,44.6375914],[33.7162703,44.6204383],[33.735653,44.6009246],[33.7795796,44.6131096],[33.7872108,44.5856602],[33.8272108,44.5712636],[33.8401482,44.5304315],[33.8572702,44.5258757],[33.8456566,44.519124],[33.8971535,44.4787873],[33.9262025,44.4213251],[33.781585,44.4057444],[33.7623083,44.3900862],[33.696591,44.1910397],[33.9713201,44.1854172],[34.2375152,44.2321868],[34.5414024,44.3954029],[34.6661359,44.547163],[34.735755,44.5848013],[34.9291911,44.6108698],[35.0602428,44.5838827],[35.1774068,44.5973337],[35.3171962,44.6585585],[35.3975542,44.7373268],[35.5511876,44.7834757],[35.6322493,44.8491155],[35.7230689,44.8074017],[35.8198798,44.7923437],[36.013533,44.8071728],[36.1028199,44.8336163],[36.2558416,44.821864],[36.4913688,44.869256],[36.6097225,44.9406672],[36.530486,45.1992024],[36.5941742,45.252542],[36.6030245,45.3093876],[36.6635019,45.3599397],[36.6815681,45.4566115],[36.6684499,45.6266206],[36.3387005,45.6715002],[35.9817734,45.6167329],[35.8881949,45.6434567],[35.785215,45.643321],[35.6502154,45.5926212],[35.6002625,45.5436256],[35.5747509,45.4895333],[35.459695,45.5603381],[35.4198817,45.6278035],[35.3373014,45.6827713],[35.299254,45.7445762],[35.2334204,45.7917299],[34.9597746,45.7565682],[34.7990874,45.8104643],[34.8021689,45.9006479],[34.7540112,45.9088363],[34.628541,45.9864034],[34.5611691,45.9943843],[34.5109022,45.9480281],[34.4762212,45.9441393],[34.320021,46.0682092],[34.2521968,46.0531749],[34.1843736,46.0668628],[34.1218931,46.1057194],[33.9982336,46.1264504],[33.8486859,46.1996667],[33.7968936,46.2030156],[33.7399776,46.1852474],[33.6467708,46.22958],[33.6152408,46.2262179],[33.6135506,46.2139172],[33.6412746,46.1424429],[33.5721329,46.1025643],[33.5911874,46.0612472],[33.5407189,46.0120312],[32.9687926,45.8740416]]]]}}]}