{"type":"FeatureCollection","features":[{"type":"Feature","properties":{"oblast":"vinnytska","name":"Вінницький район","match":"вінницький"},"geometry":{"type":"MultiPolygon","coordinates":[[[[29.0055547,49.5284535],[28.9766873,49.5522803],[28.9854355,49.6029575],[29.0267814,49.5904308],[29.1050655,49.5933369],[29.1167416,49.5836448],[29.1507524,49.5930193],[29.2129954,49.5876265],[29.2415363,49.6034981],[29.2525343,49.5901193],[29.2757057,49.5900906],[29.2757808,49.6271199],[29.3277593,49.6280498],[29.3399577,49.6142667],[29.3543373,49.6277913],[29.3799712,49.6198319],[29.4099221,49.6592075],[29.5204997,49.645126],[29.5352411,49.6366637],[29.4962874,49.6000044],[29.5307082,49.5620631],[29.5461909,49.5314753],[29.5391818,49.5209462],[29.5699227,49.5032238],[29.5848928,49.506811],[29.5851329,49.4949951],[29.5598397,49.4980142],[29.5432408,49.4845247],[29.5952597,49.4431365],[29.5725578,49.4334029],[29.5423379,49.4015971],[29.5051574,49.3957052],[29.5026244,49.3705633],[29.5198909,49.3606446],[29.5226656,49.3373794],[29.5352881,49.3238979],[29.5732212,49.3240066],[29.6189189,49.3058315],[29.6076367,49.2995757],[29.6189744,49.281213],[29.6141655,49.275573],[29.6218564,49.2742129],[29.6130763,49.2655706],[29.638697,49.247489],[29.6624512,49.2500465],[29.6899123,49.2374643],[29.7011975,49.2606401],[29.7203048,49.243737],[29.7161138,49.2358492],[29.7365532,49.2283612],[29.7040693,49.2247925],[29.7106308,49.2071472],[29.7259191,49.202913],[29.7120053,49.1423313],[29.7335589,49.1228607],[29.6780629,49.1122603],[29.687158,49.088799],[29.6505051,49.0966755],[29.6343302,49.0608127],[29.6395443,49.0539417],[29.6295052,49.0467802],[29.6060693,49.0575683],[29.5956141,49.046488],[29.5435648,49.0483624],[29.549542,49.0706523],[29.5202576,49.1146122],[29.4984968,49.1173399],[29.4966043,49.1061298],[29.4779674,49.1122403],[29.4867935,49.1244124],[29.4634486,49.1283831],[29.4707061,49.1226639],[29.4635621,49.1134554],[29.4063885,49.0850214],[29.403567,49.0723207],[29.4151316,49.0608684],[29.39736,49.0429321],[29.3782584,49.0549275],[29.3450311,49.0394831],[29.3575883,49.022163],[29.3443795,49.0141194],[29.3121613,49.0151238],[29.2846559,49.0016537],[29.282067,48.9872588],[29.2523121,48.9771206],[29.2202859,48.9840338],[29.1733361,48.9564713],[29.1673095,48.9689244],[29.1107157,48.9950741],[29.0617096,49.0011332],[29.0357478,48.9524896],[28.9823981,48.9351887],[29.0030015,48.9257424],[28.9969532,48.9138698],[28.9796809,48.9199167],[28.9767466,48.9137121],[28.9951213,48.9049229],[28.9627745,48.902316],[28.9312647,48.914116],[28.9047246,48.9076903],[28.9146758,48.8986791],[28.909044,48.8957959],[28.9176518,48.8880144],[28.9090388,48.88149],[28.918581,48.8656001],[28.8936406,48.8524803],[28.9031695,48.8329306],[28.8728518,48.8490273],[28.8269164,48.8463835],[28.8275837,48.8742429],[28.8110974,48.8720231],[28.8073142,48.8950862],[28.7955447,48.9029476],[28.7290066,48.8575311],[28.7087801,48.8743249],[28.6674097,48.8701667],[28.6551253,48.888174],[28.6325839,48.8943507],[28.6501336,48.9167006],[28.6400421,48.9305161],[28.625053,48.9329897],[28.5971485,48.881984],[28.5637905,48.8843147],[28.5507377,48.8946675],[28.5175534,48.8749845],[28.5366111,48.8552433],[28.5261982,48.8402069],[28.4885555,48.8421683],[28.4438243,48.8685442],[28.4401586,48.8546021],[28.3959772,48.8669107],[28.4018914,48.858376],[28.3809957,48.8651031],[28.3763756,48.8429788],[28.3575929,48.836982],[28.3495713,48.8221212],[28.2910347,48.8597275],[28.2899396,48.8778556],[28.300588,48.8736834],[28.3086935,48.8862107],[28.2521433,48.9251476],[28.2727059,48.9272714],[28.2916404,48.9749081],[28.2832751,48.9840432],[28.2962172,48.9862481],[28.2737361,49.0002662],[28.24931,48.9928654],[28.2377816,48.9982214],[28.228044,48.9862495],[28.2216805,49.0084197],[28.234018,49.0135037],[28.2057398,49.0275091],[28.2116097,49.031733],[28.2045012,49.036379],[28.2156841,49.0374379],[28.188485,49.0588617],[28.1988081,49.0734513],[28.1909758,49.0802282],[28.2330324,49.0794521],[28.2292528,49.0873942],[28.2511827,49.0908002],[28.2347702,49.0892798],[28.2314844,49.1076178],[28.2134819,49.1231587],[28.1978834,49.1227361],[28.2033675,49.1359434],[28.1555674,49.1623718],[28.1767359,49.1726309],[28.1630211,49.1792986],[28.1353798,49.1741612],[28.0946128,49.1943708],[28.1073718,49.1992153],[28.1053832,49.2308982],[28.1200048,49.231619],[28.0795048,49.2513196],[27.9873562,49.2619261],[27.8871518,49.2133678],[27.8665303,49.2132184],[27.8560102,49.2356407],[27.8719279,49.2494723],[27.849279,49.2638086],[27.8624465,49.2795257],[27.8517388,49.3120233],[27.8579061,49.3283574],[27.8115038,49.3661421],[27.8290885,49.3677482],[27.8113668,49.3790176],[27.8119676,49.3883301],[27.8336695,49.3911628],[27.8349996,49.4086766],[27.850095,49.4209997],[27.8825586,49.4123808],[27.9308409,49.4304597],[27.9961462,49.4087079],[27.9938931,49.4377136],[27.9611177,49.4513131],[27.969517,49.4675191],[27.9814807,49.4715529],[27.9863297,49.4522316],[28.021647,49.4560496],[28.0293149,49.4492986],[28.0495493,49.4520904],[28.0544704,49.4694983],[28.097194,49.4567635],[28.1395936,49.4627735],[28.1487598,49.4464466],[28.2042227,49.4353116],[28.2530252,49.4433452],[28.2974817,49.4224623],[28.2915559,49.4157488],[28.2977904,49.3985781],[28.330936,49.3971462],[28.3680864,49.3791329],[28.3690516,49.3675618],[28.3908623,49.3479971],[28.4081577,49.3484525],[28.4024432,49.3578718],[28.4112648,49.3649708],[28.4186715,49.3549313],[28.4370818,49.3716016],[28.4549388,49.3714856],[28.4486445,49.3808339],[28.4744021,49.4009863],[28.4946341,49.3926949],[28.4891586,49.3817023],[28.5192713,49.3777599],[28.5191146,49.3544996],[28.5447201,49.3546556],[28.5375348,49.3729407],[28.5854002,49.3442657],[28.6095062,49.3552321],[28.6622766,49.3375797],[28.6810866,49.3595966],[28.6204714,49.4026073],[28.646818,49.4272161],[28.68506,49.4195549],[28.7670584,49.4329731],[28.780472,49.4204227],[28.7913331,49.4368788],[28.803027,49.4290774],[28.8855401,49.440625],[28.8650188,49.4547989],[28.8724593,49.4633039],[28.8905111,49.4450611],[28.9648631,49.4479423],[28.9585592,49.4523086],[28.9664073,49.4647545],[28.981172,49.4614014],[29.0020718,49.4722634],[29.0014315,49.4835175],[28.969292,49.5054898],[29.0055547,49.5284535]]]]}},{"type":"Feature","properties":{"oblast":"vinnytska","name":"Хмільницький район","match":"хмільницький"},"geometry":{"type":"MultiPolygon","coordinates":[[[[29.0055547,49.5284535],[28.9766873,49.5522803],[28.9851131,49.6033924],[29.0100966,49.6325611],[28.9823718,49.6447502],[28.9636986,49.6725719],[28.9457412,49.678826],[28.9644689,49.6995184],[28.9760564,49.6981745],[28.9956572,49.7275418],[29.0047973,49.7265993],[29.002173,49.7385919],[28.9640647,49.7549733],[28.965803,49.7764963],[28.9421847,49.7838344],[28.9702209,49.803634],[28.9608282,49.8208747],[28.9444017,49.8195432],[28.9537469,49.8399143],[28.9029149,49.8634433],[28.9100809,49.8665214],[28.8955011,49.8731831],[28.8987358,49.8817681],[28.868057,49.8890807],[28.8572808,49.8885749],[28.8439089,49.8599461],[28.7839097,49.8515749],[28.7848203,49.8426035],[28.7507105,49.8444329],[28.7502605,49.8227639],[28.7589755,49.8183008],[28.7461337,49.8175979],[28.7339902,49.7982339],[28.7063002,49.8095414],[28.6875229,49.8049405],[28.6900831,49.7994223],[28.6363941,49.8173172],[28.6397755,49.8092951],[28.6022153,49.8101529],[28.6011352,49.7818806],[28.5698352,49.7740313],[28.528529,49.8204857],[28.4819698,49.8071598],[28.4694868,49.8227535],[28.421866,49.8249026],[28.406665,49.7919769],[28.3790964,49.7803565],[28.297482,49.8014065],[28.2626483,49.7995359],[28.2618132,49.8100458],[28.2493898,49.8150445],[28.2447995,49.7975765],[28.2282347,49.7949607],[28.2261284,49.7851912],[28.1541745,49.7890948],[28.1096666,49.7736331],[28.0421653,49.7704903],[27.9803703,49.7801209],[27.8995135,49.7672604],[27.8863349,49.7563951],[27.8358037,49.7558549],[27.835757,49.7448995],[27.8174021,49.7429184],[27.8169106,49.7346451],[27.8371073,49.7297983],[27.8071027,49.7094851],[27.8117178,49.7019583],[27.7625993,49.6972532],[27.7660225,49.6664265],[27.8115797,49.6445014],[27.8122938,49.6183208],[27.8003112,49.6216039],[27.7922773,49.6038165],[27.7733728,49.5967784],[27.7583295,49.5763039],[27.7904102,49.5569821],[27.7852917,49.5449879],[27.79414,49.5307482],[27.7751696,49.5203064],[27.7429086,49.5316255],[27.7349861,49.4965424],[27.7913667,49.4888503],[27.7770394,49.4749098],[27.7637836,49.4785293],[27.7453782,49.4507329],[27.7504916,49.439866],[27.804995,49.4393051],[27.8274233,49.4214486],[27.8462607,49.4312171],[27.8622186,49.4148682],[27.8825586,49.4123808],[27.9291265,49.4305651],[27.9961462,49.4087079],[27.9938931,49.4377136],[27.9611177,49.4513131],[27.9814807,49.4715529],[27.9862669,49.4522536],[28.021647,49.4560496],[28.0293149,49.4492986],[28.0495493,49.4520904],[28.0544704,49.4694983],[28.097194,49.4567635],[28.1298806,49.4645287],[28.1487598,49.4464466],[28.2042227,49.4353116],[28.2530252,49.4433452],[28.2974817,49.4224623],[28.2915559,49.4157488],[28.2977904,49.3985781],[28.330936,49.3971462],[28.3680864,49.3791329],[28.3690516,49.3675618],[28.3908623,49.3479971],[28.4081577,49.3484525],[28.4024432,49.3578718],[28.4112648,49.3649708],[28.4186715,49.3549313],[28.4370818,49.3716016],[28.4549388,49.3714856],[28.4486445,49.3808339],[28.4744021,49.4009863],[28.4946341,49.3926949],[28.4891586,49.3817023],[28.5192713,49.3777599],[28.5191146,49.3544996],[28.5447201,49.3546556],[28.5375348,49.3729407],[28.5854002,49.3442657],[28.6095062,49.3552321],[28.6622766,49.3375797],[28.6810866,49.3595966],[28.6204714,49.4026073],[28.646818,49.4272161],[28.68506,49.4195549],[28.7670584,49.4329731],[28.780472,49.4204227],[28.7913331,49.4368788],[28.803027,49.4290774],[28.8855401,49.440625],[28.8650188,49.4547989],[28.8724593,49.4633039],[28.8905111,49.4450611],[28.9648631,49.4479423],[28.9585592,49.4523086],[28.9664073,49.4647545],[28.981172,49.4614014],[29.0020718,49.4722634],[29.0014315,49.4835175],[28.969292,49.5054898],[29.0055547,49.5284535]]]]}},{"type":"Feature","properties":{"oblast":"vinnytska","name":"Гайсинський район","match":"гайсинський"},"geometry":{"type":"MultiPolygon","coordinates":[[[[29.6660547,48.9263737],[29.6870676,48.9121743],[29.7356332,48.9081989],[29.7094765,48.8975353],[29.7272934,48.8860132],[29.7317092,48.8545668],[29.7615052,48.8471323],[29.7658627,48.7862224],[29.8665526,48.7632659],[29.8596275,48.7585472],[29.8844077,48.7371126],[29.867617,48.7345967],[29.8560775,48.7138548],[29.8655972,48.708095],[29.8609142,48.6995937],[29.8726742,48.7027786],[29.9172502,48.6715542],[29.9468584,48.6699179],[29.9447613,48.6576782],[29.9562911,48.6586231],[29.9776984,48.6351719],[29.9897693,48.6365968],[29.9898385,48.6136769],[29.951217,48.6087592],[29.947866,48.5943884],[29.9564815,48.5838601],[30.0059271,48.5731875],[30.0033598,48.5517267],[30.0201127,48.5394929],[30.0207736,48.5192342],[29.9890021,48.5163691],[30.0064708,48.5134516],[30.0006166,48.4921663],[29.9666088,48.4915601],[29.9644867,48.4611074],[29.9531816,48.4615943],[29.9571562,48.4508647],[29.8645681,48.4256897],[29.8729297,48.4169106],[29.7864111,48.3694983],[29.8111419,48.348764],[29.8005812,48.3487651],[29.8039069,48.3321088],[29.784235,48.3300239],[29.781974,48.3148765],[29.7630153,48.296354],[29.7504924,48.2993085],[29.7493056,48.2894556],[29.7722363,48.2721285],[29.7707517,48.2568042],[29.7823386,48.2422708],[29.7708123,48.2267894],[29.7796027,48.2054505],[29.7174021,48.2012263],[29.6824341,48.188042],[29.6547025,48.1952453],[29.6759424,48.162344],[29.6749939,48.1278228],[29.6566959,48.1188015],[29.6682759,48.1163852],[29.663665,48.1075667],[29.6378742,48.1116312],[29.6404151,48.122822],[29.6024816,48.1329216],[29.5983313,48.119897],[29.5812942,48.1110439],[29.587515,48.101924],[29.5699005,48.0987054],[29.4950475,48.1025808],[29.4778059,48.1077277],[29.4723141,48.1221198],[29.4434464,48.121834],[29.3942439,48.1135456],[29.3823462,48.1026365],[29.3868571,48.094958],[29.371637,48.0904534],[29.3522886,48.089408],[29.352339,48.0973218],[29.311332,48.0859162],[29.2672544,48.0933687],[29.2580294,48.1121622],[29.2279126,48.1032282],[29.2040742,48.1175172],[29.2615672,48.130345],[29.250405,48.1501051],[29.2405599,48.1405544],[29.2133383,48.1431276],[29.2092285,48.1342027],[29.1413159,48.1406135],[29.157035,48.1479949],[29.1342821,48.1525389],[29.0776389,48.1938222],[29.0614528,48.196088],[29.074355,48.2370261],[29.0936814,48.2464694],[29.0998082,48.2680795],[29.1118218,48.273333],[29.1034295,48.2913995],[29.0812371,48.2990931],[29.0781729,48.3129686],[29.1067935,48.3211164],[29.1019042,48.3386559],[29.0810738,48.327838],[29.0323379,48.3558579],[29.0475076,48.3779506],[29.0362505,48.3997258],[29.0391469,48.414615],[29.0765188,48.4131539],[29.0962313,48.426285],[29.0948925,48.4485582],[28.9931838,48.4548788],[28.9932284,48.486751],[28.9617583,48.5043642],[28.9706576,48.5087032],[28.9631293,48.5203855],[28.9311803,48.5042516],[28.9168529,48.523148],[28.8771442,48.5208404],[28.8761007,48.5365438],[28.8925206,48.5515622],[28.924753,48.5587109],[28.9939264,48.5536653],[29.018538,48.5569954],[29.0118812,48.5599125],[29.0359825,48.5718747],[29.0738792,48.5661967],[29.0536359,48.5804716],[29.0701884,48.5810869],[29.0732747,48.5895307],[29.1052495,48.5921204],[29.1241414,48.5789253],[29.1545355,48.5750171],[29.1422414,48.6082703],[29.1650323,48.6144443],[29.1579898,48.6300097],[29.1753073,48.6605398],[29.1739418,48.6715095],[29.1417954,48.6729216],[29.1200408,48.6916885],[29.0880989,48.6855712],[29.0623173,48.7226612],[29.078243,48.7272362],[29.1225004,48.7084102],[29.1445989,48.7215261],[29.0996446,48.7315785],[29.075495,48.7528424],[29.0976477,48.774629],[29.1167332,48.7756766],[29.1197912,48.7900616],[29.1037226,48.814899],[29.1453253,48.8152698],[29.1347128,48.8286732],[29.0965485,48.8357061],[29.0103764,48.8278505],[29.001835,48.8500671],[29.0108696,48.8546392],[28.9607012,48.8548257],[28.9646113,48.8643108],[28.9523675,48.8705806],[28.9624125,48.8721333],[28.9678496,48.9008032],[28.9951213,48.9049229],[28.9767466,48.9137121],[28.9793961,48.9197914],[29.0027187,48.9188096],[29.0016953,48.9276547],[28.9823981,48.9351887],[29.0357478,48.9524896],[29.0617096,49.0011332],[29.1107157,48.9950741],[29.1673095,48.9689244],[29.1733361,48.9564713],[29.2202859,48.9840338],[29.2523121,48.9771206],[29.282067,48.9872588],[29.2846559,49.0016537],[29.3121613,49.0151238],[29.3563143,49.0201084],[29.3496776,49.0425535],[29.3790103,49.055117],[29.4016831,49.0458785],[29.4151316,49.0608684],[29.403567,49.0723207],[29.4063885,49.0850214],[29.4635621,49.1134554],[29.4707061,49.1226639],[29.4634486,49.1283831],[29.4867935,49.1244124],[29.4779674,49.1122403],[29.4966043,49.1061298],[29.4984968,49.1173399],[29.5202576,49.1146122],[29.549542,49.0706523],[29.5435648,49.0483624],[29.5956141,49.046488],[29.6060329,49.0566111],[29.6392842,49.0117825],[29.6847613,49.0269781],[29.6824502,49.0134756],[29.6906716,49.0122108],[29.6835683,49.0063323],[29.6958259,49.0005433],[29.6520649,48.9598535],[29.6607474,48.9483976],[29.6519968,48.9368946],[29.6660547,48.9263737]]]]}},{"type":"Feature","properties":{"oblast":"vinnytska","name":"Тульчинський район","match":"тульчинський"},"geometry":{"type":"MultiPolygon","coordinates":[[[[28.5773463,48.1824491],[28.5669808,48.1790355],[28.5611909,48.1899652],[28.585157,48.1984556],[28.5908089,48.2119327],[28.562914,48.2212564],[28.5719636,48.2360387],[28.5403487,48.2602004],[28.5007236,48.2660533],[28.5115791,48.2823539],[28.5072216,48.3225811],[28.4641335,48.3460096],[28.4758769,48.3635592],[28.4494861,48.375793],[28.4651226,48.4230736],[28.457772,48.4300487],[28.3931669,48.409672],[28.3712959,48.4395083],[28.3784639,48.442674],[28.3373822,48.4729597],[28.3475683,48.4860796],[28.3179832,48.4888901],[28.3196723,48.5066912],[28.3503772,48.5196785],[28.2963462,48.5565251],[28.2998372,48.5730894],[28.3514271,48.6143597],[28.3667681,48.6115311],[28.3831175,48.6270497],[28.3916912,48.6167171],[28.4052238,48.6307452],[28.3936086,48.6452124],[28.4709194,48.680357],[28.4513757,48.6979268],[28.4603181,48.7302575],[28.4167034,48.7594818],[28.3985832,48.7529134],[28.3774425,48.7640456],[28.3832776,48.7687684],[28.3717781,48.7736892],[28.4015976,48.7890818],[28.3835575,48.7871136],[28.335377,48.8223479],[28.3495713,48.8221212],[28.3575929,48.836982],[28.3763756,48.8429788],[28.3809957,48.8651031],[28.4018914,48.858376],[28.3959772,48.8669107],[28.4401586,48.8546021],[28.4438243,48.8685442],[28.4885555,48.8421683],[28.5261982,48.8402069],[28.5366111,48.8552433],[28.5175534,48.8749845],[28.5507377,48.8946675],[28.5637905,48.8843147],[28.5971485,48.881984],[28.625053,48.9329897],[28.6400421,48.9305161],[28.6501336,48.9167006],[28.633822,48.8929666],[28.6551253,48.888174],[28.667561,48.8701188],[28.7087801,48.8743249],[28.7253293,48.8573617],[28.7442593,48.8620327],[28.7713636,48.8928925],[28.7955447,48.9029476],[28.8073142,48.8950862],[28.8110974,48.8720231],[28.8275837,48.8742429],[28.8269164,48.8463835],[28.8728518,48.8490273],[28.9031695,48.8329306],[28.8936406,48.8524803],[28.918581,48.8656001],[28.9090388,48.88149],[28.9176518,48.8880144],[28.909044,48.8957959],[28.9146758,48.8986791],[28.9047246,48.9076903],[28.9333132,48.9139984],[28.9720953,48.90232],[28.9624125,48.8721333],[28.9523675,48.8705806],[28.9646113,48.8643108],[28.9607012,48.8548257],[28.9815989,48.8489923],[29.0108696,48.8546392],[29.001835,48.8500671],[29.0103764,48.8278505],[29.0761217,48.836685],[29.1347128,48.8286732],[29.1449493,48.8135741],[29.102568,48.8128722],[29.1197912,48.7900616],[29.1167332,48.7756766],[29.0976477,48.774629],[29.075495,48.7528424],[29.0996446,48.7315785],[29.1445989,48.7215261],[29.1225004,48.7084102],[29.078243,48.7272362],[29.0623173,48.7226612],[29.0880989,48.6855712],[29.1200408,48.6916885],[29.1417954,48.6729216],[29.1739418,48.6715095],[29.1579898,48.6300097],[29.1650323,48.6144443],[29.1422414,48.6082703],[29.1545355,48.5750171],[29.1241414,48.5789253],[29.1052495,48.5921204],[29.0732747,48.5895307],[29.0701884,48.5810869],[29.0536359,48.5804716],[29.0738792,48.5661967],[29.0359825,48.5718747],[29.0118812,48.5599125],[29.018538,48.5569954],[28.9939264,48.5536653],[28.924753,48.5587109],[28.8925206,48.5515622],[28.8761007,48.5365438],[28.8771442,48.5208404],[28.9168529,48.523148],[28.9311803,48.5042516],[28.9631293,48.5203855],[28.9706576,48.5087032],[28.9617583,48.5043642],[28.9932284,48.486751],[28.9931838,48.4548788],[29.0948925,48.4485582],[29.0962313,48.426285],[29.0765188,48.4131539],[29.0391469,48.414615],[29.0362505,48.3997258],[29.0475076,48.3779506],[29.0330398,48.3550786],[29.0810738,48.327838],[29.0880235,48.3275012],[29.08352,48.3358055],[29.1045868,48.3360539],[29.1071963,48.3178274],[29.0781729,48.3129686],[29.0790503,48.3029926],[29.1034295,48.2913995],[29.1118218,48.273333],[29.0998082,48.2680795],[29.0936814,48.2464694],[29.074355,48.2370261],[29.0597861,48.1797611],[29.0457957,48.1737448],[29.0498914,48.1502457],[29.0368758,48.1300782],[29.0190496,48.1313379],[29.0048975,48.150597],[28.9843783,48.1449967],[28.9453804,48.1567963],[28.9308193,48.0949152],[28.868985,48.0815491],[28.8692593,48.0690033],[28.847724,48.0787348],[28.8575486,48.1028625],[28.8334871,48.1288117],[28.8139344,48.1243021],[28.8064751,48.1345472],[28.7718651,48.1248244],[28.7546413,48.1361071],[28.6877883,48.1246255],[28.682087,48.1467916],[28.6475004,48.1432913],[28.6491322,48.1519992],[28.6113827,48.1570835],[28.5919225,48.1732898],[28.5793649,48.1666307],[28.5705503,48.1741022],[28.5773463,48.1824491]]]]}},{"type":"Feature","properties":{"oblast":"vinnytska","name":"Жмеринський район","match":"жмеринський"},"geometry":{"type":"MultiPolygon","coordinates":[[[[28.1978834,49.1227361],[28.2134819,49.1231587],[28.2314844,49.1076178],[28.2347702,49.0892798],[28.2511827,49.0908002],[28.2292528,49.0873942],[28.2330324,49.0794521],[28.1907845,49.0800951],[28.1988081,49.0734513],[28.188485,49.0588617],[28.2156841,49.0374379],[28.2045012,49.036379],[28.2116097,49.031733],[28.2057398,49.0275091],[28.234018,49.0135037],[28.2216805,49.0084197],[28.2279498,48.9863166],[28.2377816,48.9982214],[28.24931,48.9928654],[28.2737361,49.0002662],[28.2962172,48.9862481],[28.2832751,48.9840432],[28.2916404,48.9749081],[28.2727059,48.9272714],[28.2521433,48.9251476],[28.3086935,48.8862107],[28.300588,48.8736834],[28.2899396,48.8778556],[28.2876451,48.8641982],[28.3391249,48.829393],[28.3368884,48.8168045],[28.3457875,48.8098654],[28.3746928,48.7997863],[28.3835575,48.7871136],[28.4015976,48.7890818],[28.3717781,48.7736892],[28.3832776,48.7687684],[28.3774425,48.7640456],[28.3985832,48.7529134],[28.4167034,48.7594818],[28.4603181,48.7302575],[28.4513757,48.6979268],[28.4709194,48.680357],[28.3936086,48.6452124],[28.4052238,48.6307452],[28.3916912,48.6167171],[28.3831175,48.6270497],[28.3667681,48.6115311],[28.3514271,48.6143597],[28.2998372,48.5730894],[28.2440594,48.6039666],[28.2262553,48.597309],[28.1961797,48.6134527],[28.174632,48.6068135],[28.1730692,48.6194724],[28.0981394,48.6231538],[28.0842827,48.6498606],[28.0581293,48.6520086],[28.0332192,48.6399495],[27.9753555,48.6415659],[27.9588091,48.677976],[27.9035455,48.685004],[27.9132099,48.6910147],[27.9157287,48.7103675],[27.9054356,48.7239212],[27.8884485,48.719572],[27.8765654,48.7614404],[27.8813998,48.7724994],[27.8986414,48.7741137],[27.8958535,48.7846339],[27.8636524,48.7905081],[27.8427327,48.8103172],[27.8133548,48.8143976],[27.8089818,48.836304],[27.7867067,48.8384839],[27.7722873,48.8117651],[27.7505429,48.8007363],[27.7332643,48.8080282],[27.7017421,48.8022927],[27.610027,48.8427678],[27.5890419,48.8763283],[27.5940065,48.8856507],[27.5733822,48.8823958],[27.5423138,48.9062833],[27.5199073,48.9020181],[27.4877109,48.9229004],[27.4546985,48.8997419],[27.4156899,48.8902214],[27.3934536,48.900339],[27.3923038,48.9381673],[27.4029635,48.9528013],[27.4173685,48.954283],[27.4111705,48.9608183],[27.4180149,48.9716197],[27.3815564,49.0073705],[27.4060133,49.0293878],[27.4166945,49.0546581],[27.427184,49.0529112],[27.4354038,49.0701942],[27.5029669,49.0698946],[27.4800138,49.0875648],[27.5054215,49.110234],[27.4926617,49.1213998],[27.5076159,49.1315366],[27.532787,49.1253958],[27.5349452,49.138474],[27.5775559,49.1215883],[27.5977552,49.1348624],[27.5941145,49.1546734],[27.6032977,49.1624072],[27.6398235,49.1680078],[27.6868114,49.14172],[27.7197303,49.1461043],[27.7409497,49.1386698],[27.7581418,49.1537605],[27.7521448,49.1605582],[27.7825463,49.1730157],[27.7760375,49.1898863],[27.7979247,49.1814977],[27.7910546,49.1744987],[27.8148604,49.1894587],[27.852133,49.1708944],[27.8808648,49.1773755],[27.8983712,49.1866419],[27.8871518,49.2133678],[27.9873562,49.2619261],[28.0795048,49.2513196],[28.111357,49.2377667],[28.1200048,49.231619],[28.1053832,49.2308982],[28.1073718,49.1992153],[28.0946128,49.1943708],[28.1353798,49.1741612],[28.1630211,49.1792986],[28.1767359,49.1726309],[28.1555674,49.1623718],[28.2033675,49.1359434],[28.1978834,49.1227361]]]]}},{"type":"Feature","properties":{"oblast":"vinnytska","name":"Могилів-Подільський район","match":"могилів-подільський"},"geometry":{"type":"MultiPolygon","coordinates":[[[[28.4946544,48.071912],[28.4981212,48.114693],[28.4914719,48.1193138],[28.5211366,48.1382553],[28.50294,48.150789],[28.5297215,48.1532651],[28.5449628,48.1693734],[28.5704992,48.1762485],[28.5773463,48.1824491],[28.5669808,48.1790355],[28.5611909,48.1899652],[28.585157,48.1984556],[28.5908089,48.2119327],[28.562914,48.2212564],[28.5719636,48.2360387],[28.5403487,48.2602004],[28.5007236,48.2660533],[28.5115791,48.2823539],[28.5072216,48.3225811],[28.4641335,48.3460096],[28.4758769,48.3635592],[28.4494861,48.375793],[28.4651226,48.4230736],[28.457772,48.4300487],[28.3931669,48.409672],[28.3712959,48.4395083],[28.3784639,48.442674],[28.3373822,48.4729597],[28.3475683,48.4860796],[28.3179832,48.4888901],[28.3196723,48.5066912],[28.3503772,48.5196785],[28.2963462,48.5565251],[28.2998372,48.5730894],[28.2440594,48.6039666],[28.2262553,48.597309],[28.1961797,48.6134527],[28.174632,48.6068135],[28.1730692,48.6194724],[28.0981394,48.6231538],[28.0842827,48.6498606],[28.0581293,48.6520086],[28.0332192,48.6399495],[27.9753555,48.6415659],[27.9588091,48.677976],[27.9035455,48.685004],[27.9132099,48.6910147],[27.9157287,48.7103675],[27.9054356,48.7239212],[27.8884485,48.719572],[27.8765654,48.7614404],[27.8813998,48.7724994],[27.8986414,48.7741137],[27.8958535,48.7846339],[27.8636524,48.7905081],[27.8427327,48.8103172],[27.8133548,48.8143976],[27.8089818,48.836304],[27.7867067,48.8384839],[27.7722873,48.8117651],[27.7505429,48.8007363],[27.7332643,48.8080282],[27.7017421,48.8022927],[27.610027,48.8427678],[27.5890419,48.8763283],[27.5940065,48.8856507],[27.5733822,48.8823958],[27.5423138,48.9062833],[27.5199073,48.9020181],[27.4877109,48.9229004],[27.4546985,48.8997419],[27.4051142,48.888724],[27.4151959,48.8816715],[27.4183266,48.8195272],[27.4110092,48.8116554],[27.4275478,48.7972727],[27.4034497,48.7734483],[27.4089854,48.7676223],[27.3895579,48.7646465],[27.416905,48.739612],[27.399291,48.7268592],[27.4139838,48.6986593],[27.390072,48.6805058],[27.3716586,48.6289522],[27.4215917,48.615253],[27.4572321,48.5895453],[27.4823824,48.5367469],[27.4786202,48.5068476],[27.4979052,48.48392],[27.5315173,48.4696062],[27.5985382,48.4910454],[27.6046857,48.4849898],[27.5912612,48.4611745],[27.6436076,48.4418167],[27.6830052,48.4407312],[27.7474239,48.4580771],[27.7863339,48.4465906],[27.8200308,48.4193988],[27.8717036,48.4054772],[27.8881372,48.3670769],[27.9544086,48.3281375],[28.0417818,48.3260284],[28.0748217,48.3166837],[28.0934334,48.2936801],[28.0804765,48.2414546],[28.1002385,48.2312006],[28.1364676,48.2460094],[28.1444924,48.2626245],[28.1777119,48.2570226],[28.1868279,48.2512302],[28.1861193,48.216156],[28.2083342,48.2047564],[28.3031682,48.2414274],[28.3217035,48.2330417],[28.3547454,48.2455696],[28.3699888,48.2214403],[28.3618252,48.191125],[28.3074183,48.1605764],[28.3058667,48.1403055],[28.3492554,48.1356886],[28.3831572,48.1751043],[28.4283707,48.172392],[28.4398783,48.1444836],[28.4211396,48.123715],[28.4369934,48.0976182],[28.4600772,48.0753422],[28.5005964,48.0667583],[28.4946544,48.071912]]]]}},{"type":"Feature","properties":{"oblast":"volynska","name":"Луцький район","match":"луцький"},"geometry":{"type":"MultiPolygon","coordinates":[[[[25.3884981,50.6686772],[25.3720504,50.6850765],[25.3793258,50.6906481],[25.4045936,50.6689651],[25.459872,50.6621519],[25.4598579,50.6751806],[25.4697049,50.6800497],[25.4753584,50.6724218],[25.5789058,50.7001061],[25.6016841,50.6962943],[25.5973822,50.7166576],[25.6942632,50.7248322],[25.694638,50.703857],[25.7221432,50.6835286],[25.7075932,50.6791742],[25.7088346,50.6714007],[25.772751,50.6762183],[25.7927173,50.6665544],[25.8261538,50.6203322],[25.8444516,50.6309608],[25.8234903,50.6466156],[25.8693239,50.6873434],[25.8785688,50.7085643],[25.8717866,50.7384433],[25.8869632,50.7644321],[25.9024577,50.8317641],[26.0219631,50.8209095],[26.0295574,50.8403207],[26.0395822,50.8417669],[26.0123404,50.866326],[25.9916053,50.8658091],[26.0007128,50.9352246],[25.9668209,50.9569366],[26.0847548,50.973315],[26.0788451,50.9899404],[26.0856252,51.0027433],[26.1072604,51.0052074],[26.0876336,51.0524654],[26.0169394,51.0833802],[25.9821132,51.0775754],[25.9409768,51.0844987],[25.9499944,51.1030473],[25.9382267,51.1125271],[25.9419083,51.1190775],[26.0057146,51.1248596],[26.0587707,51.1425783],[26.0708393,51.1555644],[26.0581275,51.1723718],[26.0677782,51.1769168],[25.9958532,51.2277033],[25.9483509,51.2321712],[25.9270778,51.2190556],[25.7804277,51.1905343],[25.7699461,51.178148],[25.7821162,51.1696481],[25.7771168,51.1518961],[25.7885898,51.1481978],[25.7804651,51.1402602],[25.6582726,51.1591595],[25.6458774,51.1504228],[25.6405647,51.1593537],[25.5409635,51.1583649],[25.5049813,51.1474187],[25.4845824,51.1496187],[25.4842286,51.1589565],[25.4572006,51.1581676],[25.4289667,51.1316606],[25.3561371,51.1139729],[25.3329305,51.1115777],[25.3176048,51.1208779],[25.3202649,51.1271218],[25.2556194,51.1212731],[25.2430928,51.0971584],[25.2491577,51.0798308],[25.2152206,51.064138],[25.1902739,51.0387441],[25.1761431,51.0480027],[25.1406518,51.0432319],[25.1386718,51.0319437],[25.1213575,51.0287447],[25.0776681,51.0325252],[25.0026351,51.017525],[24.947786,51.0187974],[24.9039956,51.0001205],[24.8277706,51.0005638],[24.839821,50.9680461],[24.8655699,50.9675176],[24.8850361,50.9538478],[24.8913765,50.9317773],[24.827621,50.9410808],[24.8329905,50.9235653],[24.8183625,50.8861772],[24.8278505,50.8860093],[24.8284678,50.8576946],[24.8663716,50.8543393],[24.9037675,50.834931],[24.9046215,50.8043166],[24.9178174,50.8009671],[24.9218058,50.7774404],[24.9315618,50.7767651],[24.9419005,50.7560877],[24.9358852,50.7042003],[24.8755627,50.715228],[24.8688377,50.7088416],[24.8637884,50.6867868],[24.8751161,50.684704],[24.8797529,50.6641466],[24.8617045,50.6545611],[24.8579958,50.6362261],[24.8775565,50.6345699],[24.8262298,50.5993171],[24.8310805,50.5770281],[24.7498444,50.5690091],[24.7372151,50.5722707],[24.7343644,50.5911922],[24.6447567,50.5917695],[24.616132,50.5610455],[24.5546579,50.563797],[24.5522493,50.5569711],[24.5754665,50.5546331],[24.563825,50.5334454],[24.5402638,50.5408656],[24.5580248,50.5113565],[24.5545922,50.4940955],[24.5877637,50.4933891],[24.5974305,50.4784911],[24.5979476,50.4665078],[24.5812278,50.4579671],[24.5994459,50.4561891],[24.5967046,50.4138503],[24.6543127,50.4101312],[24.6513219,50.4034038],[24.7072769,50.3837259],[24.7219634,50.3732731],[24.7148915,50.3428563],[24.7786951,50.3394932],[24.8594173,50.3496592],[24.8668826,50.3610932],[24.887188,50.3588069],[24.8854736,50.344471],[24.9368321,50.3457144],[24.9397722,50.363838],[24.9293611,50.378121],[24.9406026,50.3892649],[25.0168725,50.3416365],[25.0587799,50.3423377],[25.0542227,50.3009788],[25.1127372,50.2872511],[25.1004192,50.3003734],[25.1089933,50.312181],[25.131944,50.3105383],[25.1295915,50.3184583],[25.166108,50.3309877],[25.1459067,50.3441955],[25.151943,50.3519746],[25.1411137,50.3694749],[25.1689863,50.379721],[25.1791587,50.3623439],[25.1987354,50.3631414],[25.2099672,50.3810878],[25.1972549,50.3935235],[25.1697754,50.3957592],[25.1586131,50.4288897],[25.1395248,50.4279387],[25.1375492,50.437473],[25.1535927,50.443208],[25.1382735,50.4609339],[25.0841286,50.4753845],[25.1514629,50.4664204],[25.1601992,50.5052718],[25.1226716,50.5282483],[25.1222643,50.5537674],[25.1916241,50.5512586],[25.1918945,50.5426738],[25.2563203,50.5326203],[25.2961779,50.539418],[25.3109255,50.5463112],[25.3214908,50.5686287],[25.3187925,50.5835466],[25.3003603,50.57966],[25.3049254,50.5979915],[25.2924693,50.6107964],[25.2919757,50.6306207],[25.3121942,50.6287551],[25.327515,50.612044],[25.3990412,50.6074484],[25.4061756,50.6119012],[25.3877058,50.6193243],[25.3862167,50.6297957],[25.3516629,50.6415001],[25.3534998,50.6493812],[25.3852718,50.6547724],[25.3884981,50.6686772]]]]}},{"type":"Feature","properties":{"oblast":"volynska","name":"Камінь-Каширський район","match":"камінь-каширський"},"geometry":{"type":"MultiPolygon","coordinates":[[[[25.9483509,51.2321712],[25.947064,51.250648],[25.9310374,51.2638219],[25.9380642,51.2778882],[25.8930597,51.2913064],[25.8987156,51.3004655],[25.8885422,51.2952791],[25.8761988,51.3147576],[25.8297399,51.333791],[25.8211619,51.3456679],[25.8354935,51.3623281],[25.8242955,51.3659906],[25.8442707,51.3756593],[25.8310733,51.3870922],[25.8072304,51.3746139],[25.7812192,51.374238],[25.7552737,51.3811237],[25.7596731,51.4003535],[25.724892,51.4000976],[25.7172241,51.3890121],[25.7247512,51.3805838],[25.694955,51.3756698],[25.6914101,51.3834015],[25.7038411,51.3839753],[25.6874205,51.4054452],[25.6716191,51.416727],[25.6465004,51.4168456],[25.6361716,51.4391822],[25.6414964,51.4788272],[25.6180505,51.477255],[25.623788,51.4952847],[25.6021037,51.4931907],[25.6102304,51.5070831],[25.5554116,51.5007249],[25.5499835,51.5194145],[25.5953005,51.5246586],[25.5652253,51.5398009],[25.5742248,51.5550814],[25.5959825,51.5623223],[25.5986634,51.5809722],[25.5789902,51.6088882],[25.5640409,51.602937],[25.555341,51.624373],[25.5319313,51.6139757],[25.5299224,51.6311051],[25.567771,51.6327155],[25.5776216,51.6246537],[25.5887317,51.6444752],[25.6086804,51.6411068],[25.6410946,51.6817479],[25.636337,51.6886923],[25.6493023,51.6940186],[25.6482363,51.7081647],[25.6656909,51.7199439],[25.661515,51.730643],[25.6829221,51.755873],[25.6695262,51.7732034],[25.6497102,51.7667481],[25.659371,51.7836328],[25.6316477,51.8041015],[25.6501557,51.8188508],[25.6401309,51.8492329],[25.7086476,51.8946784],[25.6282182,51.903493],[25.5945376,51.9150575],[25.592838,51.9245265],[25.5272637,51.9404609],[25.508814,51.9219391],[25.4878889,51.930197],[25.4860094,51.9225561],[25.4650878,51.9190432],[25.409967,51.9217271],[25.3434602,51.9327227],[25.2635815,51.9685318],[25.2266751,51.9607622],[25.1913842,51.969265],[25.1416518,51.9534181],[25.1001815,51.9534968],[24.9340147,51.8915723],[24.9355735,51.8810212],[24.9085122,51.8732683],[24.9371246,51.8690256],[24.9321911,51.8463641],[24.9474668,51.8423488],[24.8909196,51.8108046],[24.8449248,51.8261929],[24.8155579,51.7870671],[24.8159383,51.7751952],[24.7904002,51.7784869],[24.7226339,51.7569092],[24.7314123,51.7468239],[24.7122259,51.7084755],[24.7006255,51.7268775],[24.6718102,51.7238216],[24.6988231,51.7087798],[24.6860128,51.7006946],[24.6999583,51.6666597],[24.6674079,51.6409741],[24.6889729,51.6397221],[24.6743261,51.6327153],[24.6765226,51.6154898],[24.6461584,51.6187562],[24.6399992,51.6083943],[24.7678251,51.6082331],[24.7774492,51.5817526],[24.7727841,51.5532013],[24.7850513,51.5323983],[24.7660603,51.5167166],[24.7520102,51.4871249],[24.7648701,51.461081],[24.7551041,51.4512913],[24.7847684,51.4354352],[24.8269881,51.4329329],[24.8335592,51.4126963],[24.8805878,51.4035221],[24.898743,51.3786689],[24.9566216,51.3748528],[24.9287163,51.3526129],[25.051824,51.3621189],[25.0522543,51.3705297],[25.1103285,51.373491],[25.1097613,51.380558],[25.1939249,51.379857],[25.1784271,51.3594986],[25.1734801,51.3264865],[25.2003205,51.2862755],[25.2561081,51.2852475],[25.2795947,51.2463868],[25.2925524,51.2550244],[25.3269571,51.2501812],[25.3375729,51.2174867],[25.2662768,51.2103978],[25.3100841,51.1981102],[25.3061344,51.1843013],[25.3356754,51.1791165],[25.3309399,51.1662719],[25.3772937,51.1580545],[25.3636828,51.152605],[25.4107633,51.1288862],[25.4289667,51.1316606],[25.4572006,51.1581676],[25.4842286,51.1589565],[25.4845824,51.1496187],[25.5049813,51.1474187],[25.5409635,51.1583649],[25.6405647,51.1593537],[25.6458774,51.1504228],[25.6582726,51.1591595],[25.7804651,51.1402602],[25.7885898,51.1481978],[25.7771168,51.1518961],[25.7821162,51.1696481],[25.7699461,51.178148],[25.7804277,51.1905343],[25.9270778,51.2190556],[25.9483509,51.2321712]]]]}},{"type":"Feature","properties":{"oblast":"volynska","name":"Володимирський район","match":"володимирський"},"geometry":{"type":"MultiPolygon","coordinates":[[[[24.7246671,50.5908039],[24.735139,50.5908901],[24.7372151,50.5722707],[24.7469049,50.5693117],[24.8310805,50.5770281],[24.8262298,50.5993171],[24.8775565,50.6345699],[24.8579958,50.6362261],[24.8617045,50.6545611],[24.8797529,50.6641466],[24.8751161,50.684704],[24.8637884,50.6867868],[24.8688377,50.7088416],[24.8755627,50.715228],[24.9358852,50.7042003],[24.9395703,50.7146971],[24.9419005,50.7560877],[24.9315618,50.7767651],[24.9218058,50.7774404],[24.9178174,50.8009671],[24.9046215,50.8043166],[24.9037675,50.834931],[24.8663716,50.8543393],[24.8284678,50.8576946],[24.8278505,50.8860093],[24.7993737,50.8822047],[24.7413283,50.9000633],[24.7324404,50.8821707],[24.7107758,50.8801414],[24.7131163,50.8700308],[24.6694237,50.8618929],[24.6017767,50.8875122],[24.6052719,50.8923958],[24.5652185,50.9010071],[24.5586515,50.9109629],[24.5442442,50.9060342],[24.4900608,50.9330086],[24.4267546,50.9409474],[24.4192861,50.9452928],[24.4291989,50.9574429],[24.3504609,50.9771822],[24.3773168,50.9860862],[24.3743419,51.0136497],[24.3636843,51.025596],[24.369708,51.0460218],[24.3122533,51.0388439],[24.3153728,51.0505949],[24.2847939,51.0529745],[24.2933144,51.0891992],[24.268041,51.0891899],[24.2663666,51.0958218],[24.2041163,51.0925534],[24.1653728,51.075792],[24.1684022,51.0636855],[24.1557781,51.0526853],[24.1251369,51.0519042],[24.0999885,51.0096498],[23.9811715,51.0213428],[23.9553013,51.0433768],[23.916271,51.0296524],[23.9230717,51.0166374],[23.9356556,51.0147039],[23.9152775,51.0067378],[23.9567549,50.9907622],[23.9698878,50.950956],[23.990825,50.9430051],[23.9973355,50.9283187],[24.0523451,50.8914141],[24.1457369,50.8690143],[24.1320577,50.8490027],[24.1001561,50.8359482],[23.989623,50.8374434],[23.9635228,50.8143751],[23.9574523,50.7945291],[23.9781601,50.7684295],[24.0237094,50.7664726],[24.0249193,50.7587562],[24.0140552,50.762108],[24.0111459,50.7544848],[24.0236574,50.750864],[24.0153651,50.7473518],[24.0231434,50.7454987],[24.0166896,50.7229644],[24.04428,50.7151632],[24.0721998,50.7203423],[24.0622882,50.6778592],[24.082074,50.6748367],[24.0910631,50.6637306],[24.0800534,50.6451052],[24.08769,50.6366998],[24.106513,50.6347551],[24.1177754,50.6478519],[24.1548753,50.6466569],[24.1722101,50.6341122],[24.163211,50.6316883],[24.1734499,50.616461],[24.2022042,50.6132094],[24.2111125,50.5922008],[24.3122418,50.5718515],[24.3234189,50.5998563],[24.3612538,50.5968772],[24.3807168,50.6091548],[24.4133393,50.5866964],[24.3987056,50.5741136],[24.4064438,50.5602388],[24.4502741,50.5391609],[24.4890428,50.5564581],[24.5135631,50.5559377],[24.563825,50.5334454],[24.5754665,50.5546331],[24.5522493,50.5569711],[24.5546579,50.563797],[24.616132,50.5610455],[24.6447567,50.5917695],[24.7246671,50.5908039]]]]}},{"type":"Feature","properties":{"oblast":"volynska","name":"Ковельський район","match":"ковельський"},"geometry":{"type":"MultiPolygon","coordinates":[[[[25.2521841,51.1126649],[25.2658168,51.1243987],[25.2925673,51.1190008],[25.2947987,51.1285521],[25.3202649,51.1271218],[25.3176048,51.1208779],[25.3329305,51.1115777],[25.3561371,51.1139729],[25.412141,51.1322935],[25.3636828,51.152605],[25.3772937,51.1580545],[25.3326344,51.1651501],[25.3356754,51.1791165],[25.3061344,51.1843013],[25.3100841,51.1981102],[25.2662768,51.2103978],[25.3375729,51.2174867],[25.3269571,51.2501812],[25.2925524,51.2550244],[25.2795947,51.2463868],[25.2561081,51.2852475],[25.2003205,51.2862755],[25.1734801,51.3264865],[25.1784271,51.3594986],[25.1939249,51.379857],[25.1097613,51.380558],[25.1103285,51.373491],[25.0522543,51.3705297],[25.051824,51.3621189],[24.9287163,51.3526129],[24.9566216,51.3748528],[24.898743,51.3786689],[24.8805878,51.4035221],[24.8335592,51.4126963],[24.8269881,51.4329329],[24.7847684,51.4354352],[24.7551041,51.4512913],[24.7648701,51.461081],[24.7520102,51.4871249],[24.7660603,51.5167166],[24.7850513,51.5323983],[24.7727841,51.5532013],[24.7774492,51.5817526],[24.7678251,51.6082331],[24.6399992,51.6083943],[24.6461584,51.6187562],[24.6765226,51.6154898],[24.6743261,51.6327153],[24.6889729,51.6397221],[24.6674079,51.6409741],[24.6999583,51.6666597],[24.6860128,51.7006946],[24.6988231,51.7087798],[24.6718102,51.7238216],[24.7006255,51.7268775],[24.7122259,51.7084755],[24.7314123,51.7468239],[24.7226339,51.7569092],[24.7904002,51.7784869],[24.8159383,51.7751952],[24.8155579,51.7870671],[24.8449248,51.8261929],[24.8909196,51.8108046],[24.9474668,51.8423488],[24.9321911,51.8463641],[24.9371246,51.8690256],[24.9085122,51.8732683],[24.9355735,51.8810212],[24.9145333,51.9168728],[24.8430996,51.8960122],[24.8347851,51.913179],[24.8101953,51.9118544],[24.7496877,51.8810581],[24.7140603,51.8964526],[24.6718443,51.8926543],[24.6252338,51.902734],[24.5675603,51.8896069],[24.3725574,51.878531],[24.3398107,51.864175],[24.3379137,51.8456778],[24.2949173,51.8042576],[24.3196933,51.7511232],[24.2684448,51.7162146],[24.1203919,51.6665208],[24.0761285,51.6195405],[23.9965063,51.5800932],[23.9281271,51.5976361],[23.8824379,51.5922427],[23.8802857,51.6083955],[23.91277,51.63145],[23.8670532,51.6427944],[23.7884929,51.6404773],[23.7827115,51.6675154],[23.7030766,51.6485027],[23.6784055,51.6530631],[23.605894,51.6208437],[23.6253484,51.6078917],[23.6308457,51.5922034],[23.6610179,51.584141],[23.6604257,51.5687826],[23.6477364,51.5663414],[23.6363009,51.5488697],[23.6768865,51.5066343],[23.6688469,51.4989171],[23.6164718,51.5030887],[23.6382372,51.485589],[23.6590117,51.4906706],[23.6698193,51.4830266],[23.6763093,51.471005],[23.6467054,51.4591035],[23.6494419,51.4462588],[23.6846315,51.4452309],[23.6857416,51.4338039],[23.6769879,51.4296733],[23.7029331,51.4195452],[23.6927804,51.4145222],[23.702745,51.4035486],[23.6768977,51.3940502],[23.6891631,51.3882024],[23.6786209,51.383826],[23.6865786,51.3686162],[23.6653177,51.3668242],[23.6699697,51.3610082],[23.6566947,51.3590916],[23.6498081,51.3439667],[23.6565308,51.3394094],[23.6357728,51.3285152],[23.6409672,51.3067533],[23.6523392,51.2995854],[23.6459585,51.2918187],[23.6950112,51.2916376],[23.7266273,51.2613533],[23.7265201,51.2364646],[23.7429725,51.2244335],[23.7391885,51.2119678],[23.7565993,51.2123412],[23.7604914,51.2028565],[23.7832089,51.1986717],[23.7847969,51.1896877],[23.8081965,51.1850241],[23.8242301,51.1617483],[23.8429994,51.164299],[23.8691283,51.1504592],[23.8698362,51.1298932],[23.8496118,51.1239729],[23.8622973,51.112843],[23.8568592,51.0999511],[23.8714204,51.0948801],[23.8759258,51.0770683],[23.9084265,51.0775736],[23.9199098,51.0469709],[23.9130177,51.0417602],[23.9210411,51.0367108],[23.9553013,51.0433768],[23.9811715,51.0213428],[24.0999885,51.0096498],[24.1251369,51.0519042],[24.1557781,51.0526853],[24.1684022,51.0636855],[24.1653728,51.075792],[24.2041163,51.0925534],[24.2663666,51.0958218],[24.268041,51.0891899],[24.2933144,51.0891992],[24.2847939,51.0529745],[24.3153728,51.0505949],[24.3122533,51.0388439],[24.369708,51.0460218],[24.3636843,51.025596],[24.3743419,51.0136497],[24.3773168,50.9860862],[24.3513119,50.9762056],[24.4291989,50.9574429],[24.4192861,50.9452928],[24.4267546,50.9409474],[24.4900608,50.9330086],[24.5442442,50.9060342],[24.5586515,50.9109629],[24.5652185,50.9010071],[24.6052719,50.8923958],[24.6017767,50.8875122],[24.6694237,50.8618929],[24.7131163,50.8700308],[24.7107758,50.8801414],[24.7324404,50.8821707],[24.7413283,50.9000633],[24.7993737,50.8822047],[24.8183625,50.8861772],[24.8329905,50.9235653],[24.827621,50.9410808],[24.8708339,50.9400602],[24.8888748,50.9288021],[24.8907958,50.9472616],[24.8655699,50.9675176],[24.839821,50.9680461],[24.8277706,51.0005638],[24.9039956,51.0001205],[24.947786,51.0187974],[25.0026351,51.017525],[25.0776681,51.0325252],[25.1213575,51.0287447],[25.1386718,51.0319437],[25.1406518,51.0432319],[25.1761431,51.0480027],[25.1902739,51.0387441],[25.2152206,51.064138],[25.2491577,51.0798308],[25.2430928,51.0971584],[25.2521841,51.1126649]]],[[[25.3403714,51.2015447],[25.3345766,51.1998583],[25.344456,51.1859033],[25.355423,51.1838651],[25.3504113,51.1781943],[25.3776462,51.175611],[25.36212,51.1835902],[25.3626098,51.1960641],[25.3403714,51.2015447]]],[[[25.4321415,51.1487659],[25.4416526,51.1577006],[25.4321315,51.1620035],[25.4150848,51.1513689],[25.4321415,51.1487659]]]]}},{"type":"Feature","properties":{"oblast":"dnipropetrovska","name":"Дніпровський район","match":"дніпровський"},"geometry":{"type":"MultiPolygon","coordinates":[[[[35.1960212,48.2648402],[35.1808447,48.2604041],[35.1958855,48.2309746],[35.1938103,48.1396429],[35.1636852,48.1287625],[35.1026633,48.1317639],[35.0619578,48.1219929],[35.0389152,48.0984461],[34.9902585,48.0891896],[34.9855916,48.0966064],[34.9147229,48.0909369],[34.9158128,48.1306035],[34.8551126,48.133049],[34.8756638,48.0544638],[34.8392142,48.0505126],[34.8465192,48.0136198],[34.8180633,48.010501],[34.8209319,47.9968998],[34.7437458,47.9852708],[34.7313771,48.0265411],[34.6022501,48.0134306],[34.6103497,47.9815226],[34.5864512,47.9787173],[34.5904878,47.9613878],[34.5313369,47.9506082],[34.5341503,47.9389892],[34.4930209,47.9346784],[34.4947334,47.928068],[34.452256,47.9238248],[34.4407329,47.9539037],[34.3731962,47.9390937],[34.3751154,47.9294127],[34.4096843,47.9286832],[34.3426417,47.9188159],[34.3386784,47.9325942],[34.318077,47.9290497],[34.3031933,47.9784737],[34.2368502,47.9753772],[34.2399487,47.9626511],[34.1883715,47.9609141],[34.1853239,47.9700487],[34.2007374,47.9724036],[34.1984806,48.0014156],[34.2119033,48.002939],[34.2085509,48.0144213],[34.2242742,48.0170817],[34.2214742,48.0261062],[34.2378723,48.0282285],[34.2316863,48.0480069],[34.2237167,48.0468509],[34.2198967,48.0579041],[34.2005197,48.0568056],[34.1958969,48.0676693],[34.2894612,48.0778635],[34.279569,48.1098993],[34.2926423,48.1171272],[34.3747331,48.130926],[34.3807946,48.1187322],[34.4294605,48.1288324],[34.4139022,48.1517476],[34.445512,48.1580148],[34.4529733,48.1713384],[34.3938584,48.1606247],[34.3829273,48.2062753],[34.3987587,48.2073373],[34.4018667,48.1931036],[34.4350858,48.1961219],[34.4251807,48.2347585],[34.4614293,48.2414144],[34.4733377,48.2644548],[34.5064176,48.2528617],[34.5170329,48.2658349],[34.5304235,48.2623715],[34.5274227,48.2716262],[34.5509763,48.2739025],[34.565236,48.2515966],[34.5924184,48.2536787],[34.5863249,48.2848176],[34.6071692,48.2901956],[34.57139,48.3181491],[34.5697626,48.3252067],[34.5966028,48.3296404],[34.5619405,48.4327221],[34.509011,48.4416775],[34.5108351,48.4572939],[34.5511329,48.4555691],[34.5527408,48.4642138],[34.5903545,48.4515069],[34.6274862,48.4575233],[34.6293258,48.4511995],[34.6309054,48.4582691],[34.6768906,48.4569725],[34.6678687,48.4614634],[34.674109,48.4642694],[34.6963717,48.4515739],[34.6912553,48.4414376],[34.7031876,48.4348612],[34.7132234,48.44758],[34.7030821,48.4554949],[34.7024249,48.4730607],[34.7601825,48.4404849],[34.7716041,48.4732972],[34.7489459,48.4839979],[34.7663458,48.4924267],[34.7247889,48.5051988],[34.6753033,48.5359338],[34.5845859,48.5436843],[34.5635643,48.5606163],[34.5681435,48.5883399],[34.632878,48.5899626],[34.6040772,48.6265388],[34.589318,48.6228298],[34.5993625,48.6079654],[34.5831636,48.5990661],[34.5457327,48.6284194],[34.5351599,48.6227515],[34.5505037,48.611141],[34.5316563,48.6019669],[34.5163998,48.5781362],[34.4456628,48.6107462],[34.440371,48.634227],[34.4073551,48.6670847],[34.3336597,48.7096115],[34.2916887,48.7188488],[34.3144425,48.7395117],[34.3089164,48.7652948],[34.3423131,48.7832051],[34.3232486,48.7923971],[34.2980786,48.7845398],[34.2971606,48.8207337],[34.3385376,48.8204191],[34.3429635,48.8283981],[34.3230932,48.8288293],[34.3253467,48.8442983],[34.338473,48.840562],[34.35061,48.8499726],[34.336182,48.8561195],[34.3375137,48.8714737],[34.300152,48.8958351],[34.312023,48.9405911],[34.3531174,48.9838003],[34.3256542,48.9987287],[34.3535377,49.01666],[34.3603802,49.0333022],[34.4157888,49.0548183],[34.4019662,49.0936058],[34.4655688,49.0644361],[34.4751297,49.0736255],[34.4995586,49.0614719],[34.5155039,49.0719859],[34.5438676,49.0541637],[34.5739065,49.0632597],[34.5664567,49.0826456],[34.5756965,49.0974127],[34.5948787,49.0941514],[34.5908903,49.1119573],[34.6242081,49.1228995],[34.6470074,49.0983444],[34.6715066,49.0979803],[34.6867737,49.0727048],[34.6567307,49.0529996],[34.6692965,49.0390782],[34.6918005,49.0479702],[34.7539727,48.966751],[34.7444927,48.9623692],[34.7584917,48.9473568],[34.7384771,48.9400583],[34.7884118,48.9133625],[34.7794895,48.9039499],[34.7845795,48.8989183],[34.7354346,48.8722072],[34.7376811,48.8527151],[34.7663855,48.845255],[34.7695066,48.8251777],[34.7791556,48.8198469],[34.7729856,48.7920177],[34.792403,48.77804],[34.7850323,48.754859],[34.8107752,48.7553538],[34.8391325,48.7767797],[34.8256946,48.7837452],[34.8493409,48.8053231],[34.8422599,48.8226888],[34.8568082,48.8291306],[34.8753047,48.8225334],[34.8912048,48.8337636],[34.9075341,48.8222509],[34.8969125,48.809068],[34.9295711,48.7829465],[34.9567906,48.7925757],[34.9492789,48.7807352],[34.9557643,48.7653472],[34.9289703,48.7525955],[34.9661994,48.726671],[34.961822,48.7181775],[34.930644,48.7197347],[34.9289615,48.7087979],[34.9388575,48.7014346],[34.9718953,48.7221033],[35.0059503,48.6922243],[35.0697918,48.7551989],[35.1621294,48.7322263],[35.1566791,48.7072754],[35.1389122,48.6997701],[35.1627517,48.6743425],[35.155971,48.6720187],[35.1686425,48.6572968],[35.2112091,48.6699486],[35.2163662,48.6556306],[35.186902,48.652709],[35.1643328,48.6126347],[35.1744293,48.6004077],[35.1422638,48.5861209],[35.232154,48.5471165],[35.2414179,48.5194874],[35.253221,48.5195454],[35.2793713,48.486093],[35.298722,48.493133],[35.3139399,48.4729822],[35.2852875,48.4638568],[35.3029669,48.4396012],[35.2361311,48.427724],[35.2665543,48.4117098],[35.2536931,48.4066062],[35.2692562,48.3915942],[35.2795233,48.3946077],[35.2830299,48.3834197],[35.3092971,48.3704747],[35.2977848,48.3572899],[35.2619505,48.3469231],[35.2824265,48.3254626],[35.2551797,48.312802],[35.2462649,48.2766527],[35.226345,48.255106],[35.1960212,48.2648402]]]]}},{"type":"Feature","properties":{"oblast":"dnipropetrovska","name":"Криворізький район","match":"криворізький"},"geometry":{"type":"MultiPolygon","coordinates":[[[[34.067409,47.8090536],[34.0653688,47.7919965],[34.0322489,47.771075],[34.0213564,47.7509962],[33.9595456,47.7430188],[33.9567929,47.7224753],[33.9272618,47.7191674],[33.9379156,47.715349],[33.9278626,47.6930534],[33.979152,47.6655235],[34.043203,47.6672515],[34.0436107,47.6590467],[34.0238857,47.6493733],[34.0442491,47.6345979],[34.0685821,47.6353787],[34.050563,47.6142135],[34.0883767,47.596498],[34.0741825,47.5759178],[34.0450644,47.5703733],[34.0754699,47.5526648],[34.1086005,47.5520855],[34.1146022,47.4746386],[34.0033403,47.4566155],[33.9547773,47.4575536],[33.9467374,47.5012777],[33.9348228,47.5162966],[33.6436096,47.4845268],[33.6359662,47.5140686],[33.588445,47.5023016],[33.5759204,47.5286664],[33.5925373,47.544415],[33.5886516,47.5582341],[33.6090611,47.5618715],[33.605488,47.575002],[33.5922908,47.573653],[33.5803214,47.600194],[33.473719,47.5873296],[33.4861004,47.5439264],[33.3226885,47.5235625],[33.3488161,47.4936669],[33.3141379,47.4825937],[33.3099756,47.5015974],[33.278779,47.5177444],[33.2872009,47.5433013],[33.2731141,47.5459087],[33.2418074,47.5303506],[33.2155108,47.5331085],[33.2183486,47.5486422],[33.2362068,47.5634745],[33.2326342,47.5776116],[33.1718551,47.5666814],[33.0926838,47.5788322],[33.0950145,47.5971097],[32.9595839,47.5931072],[32.9968841,47.6151206],[32.9722994,47.7226695],[33.0720927,47.7389395],[33.0499017,47.7818048],[33.0661808,47.7835752],[33.0549096,47.8318089],[33.0608264,47.858987],[33.0751918,47.8604936],[33.0699184,47.8825448],[33.0861701,47.884908],[33.0783706,47.9204573],[33.0140056,47.9103976],[32.9927889,47.9349038],[33.0075534,47.9366885],[32.9945705,47.9843104],[33.0205379,47.9852287],[33.02194,48.0133114],[33.0356715,48.0172127],[33.0317161,48.030905],[33.109175,48.0424559],[33.1030032,48.0555085],[33.1090739,48.065609],[33.1431898,48.0639347],[33.1537542,48.0421922],[33.1416496,48.0765247],[33.2250584,48.0922047],[33.2220676,48.1058851],[33.2355386,48.1134027],[33.1870989,48.1042245],[33.181681,48.1180973],[33.2321509,48.1271566],[33.2127238,48.1698789],[33.2428521,48.1725158],[33.2472448,48.1516151],[33.271753,48.153682],[33.2769907,48.1032988],[33.2933922,48.101973],[33.3018255,48.1187865],[33.3165281,48.124455],[33.291361,48.149523],[33.4306064,48.1699393],[33.4301453,48.1887345],[33.4961675,48.202146],[33.4974762,48.2111362],[33.4847526,48.2143047],[33.4982747,48.2169031],[33.5006559,48.2318993],[33.51289,48.2305032],[33.5106742,48.2189224],[33.5265608,48.2228215],[33.5777265,48.2524201],[33.5697179,48.3140759],[33.5804318,48.3174375],[33.613137,48.3176338],[33.6244062,48.2910653],[33.6046008,48.2578354],[33.6087663,48.2428698],[33.6695512,48.2605466],[33.6718706,48.2508537],[33.6843932,48.2494548],[33.6846828,48.25937],[33.7391424,48.2647983],[33.7412452,48.2580843],[33.7476396,48.2618271],[33.7416744,48.2819649],[33.7720155,48.2859059],[33.779399,48.2570723],[33.8082634,48.2635547],[33.8106743,48.2551952],[33.8334087,48.2502071],[33.8371348,48.2580324],[33.875075,48.2592529],[33.8860862,48.2185569],[33.9235617,48.2229235],[33.9292848,48.2009194],[33.9421277,48.2013431],[33.9451918,48.1879618],[33.9349737,48.1790579],[33.9766815,48.1894904],[34.0048084,48.1851429],[34.0164911,48.1417947],[34.0589532,48.1517851],[34.0845052,48.1016536],[34.1106909,48.1021459],[34.1576363,48.0721427],[34.1834765,48.0758344],[34.1769656,48.0677916],[34.1869725,48.0564666],[34.2198967,48.0579041],[34.2237167,48.0468509],[34.2316863,48.0480069],[34.2378723,48.0282285],[34.2214742,48.0261062],[34.2242742,48.0170817],[34.2085509,48.0144213],[34.2119033,48.002939],[34.1984806,48.0014156],[34.2007374,47.9724036],[34.1619918,47.9652942],[34.1438985,47.9539443],[34.1447843,47.9410841],[34.0927253,47.9475669],[34.0633649,47.9241488],[34.0564124,47.9328242],[34.0114937,47.9280453],[34.0172704,47.904601],[33.9999907,47.9023133],[34.0072855,47.8939085],[34.0025283,47.8719868],[34.0254934,47.8742535],[34.0428792,47.8070163],[34.067409,47.8090536]]]]}},{"type":"Feature","properties":{"oblast":"dnipropetrovska","name":"Самарівський район","match":"самарівський"},"geometry":{"type":"MultiPolygon","coordinates":[[[[34.7501036,49.1442922],[34.7061678,49.1298697],[34.6933172,49.1355634],[34.679647,49.1301027],[34.6818766,49.1214272],[34.662316,49.1194644],[34.6482465,49.131604],[34.6233106,49.1239944],[34.6470074,49.0983444],[34.6715066,49.0979803],[34.6868227,49.0730847],[34.6575647,49.0519526],[34.6692965,49.0390782],[34.6918005,49.0479702],[34.7394197,48.9950703],[34.7281896,48.9905923],[34.7539727,48.966751],[34.7444927,48.9623692],[34.7585148,48.9477062],[34.7398154,48.9383028],[34.7884118,48.9133625],[34.7794895,48.9039499],[34.7845795,48.8989183],[34.7354346,48.8722072],[34.7376811,48.8527151],[34.7663855,48.845255],[34.7695066,48.8251777],[34.7791556,48.8198469],[34.7729856,48.7920177],[34.792403,48.77804],[34.7850323,48.754859],[34.8107752,48.7553538],[34.8391325,48.7767797],[34.8256946,48.7837452],[34.8493409,48.8053231],[34.8422599,48.8226888],[34.8568082,48.8291306],[34.8753047,48.8225334],[34.8912048,48.8337636],[34.9075341,48.8222509],[34.8969125,48.809068],[34.9295711,48.7829465],[34.9567906,48.7925757],[34.9492789,48.7807352],[34.9557643,48.7653472],[34.9289703,48.7525955],[34.9661994,48.726671],[34.961822,48.7181775],[34.930644,48.7197347],[34.9289615,48.7087979],[34.9388575,48.7014346],[34.9718953,48.7221033],[35.0059503,48.6922243],[35.0697918,48.7551989],[35.1621294,48.7322263],[35.1566791,48.7072754],[35.1389122,48.6997701],[35.1627517,48.6743425],[35.155971,48.6720187],[35.1686425,48.6572968],[35.2112091,48.6699486],[35.2163662,48.6556306],[35.186902,48.652709],[35.1643328,48.6126347],[35.1744293,48.6004077],[35.1422638,48.5861209],[35.232154,48.5471165],[35.2414179,48.5194874],[35.253221,48.5195454],[35.2793713,48.486093],[35.298722,48.493133],[35.3139399,48.4729822],[35.2852875,48.4638568],[35.3152968,48.4243572],[35.3720701,48.4550301],[35.3309759,48.5081974],[35.3556834,48.5178741],[35.366391,48.5046047],[35.3851694,48.5110131],[35.3760036,48.5268366],[35.3965922,48.5340481],[35.4032701,48.526613],[35.4353233,48.5379037],[35.5224386,48.5266181],[35.5531526,48.5381053],[35.5254788,48.5989247],[35.5552748,48.5948441],[35.5443713,48.6193396],[35.5485927,48.6317771],[35.5642445,48.6307008],[35.5693731,48.6397448],[35.5556072,48.6424539],[35.594957,48.6636705],[35.5846439,48.66954],[35.6049528,48.6846464],[35.5989316,48.6879502],[35.6429152,48.7054689],[35.6779149,48.7393832],[35.6775288,48.7589238],[35.6603571,48.7694729],[35.6832862,48.794412],[35.6698943,48.8022616],[35.6803999,48.8103984],[35.646536,48.8310982],[35.6683501,48.8477482],[35.6858626,48.8469356],[35.6396677,48.8686906],[35.6363175,48.8819452],[35.7281842,48.8876052],[35.7578266,48.886293],[35.7554555,48.8760766],[35.8080482,48.8762601],[35.8155584,48.8927689],[35.8186269,48.9244309],[35.7917896,48.9345203],[35.8005279,48.9421986],[35.7883304,48.9546163],[35.7752434,48.9486074],[35.760181,48.9554723],[35.7522901,48.9466732],[35.740465,48.9492865],[35.7362611,48.9657309],[35.7241971,48.9665575],[35.7129606,48.9491929],[35.695998,48.9427585],[35.6943749,48.9675679],[35.6601054,48.9745259],[35.6290365,48.9670636],[35.62768,48.9828414],[35.5951306,48.9869046],[35.5840346,48.9870259],[35.5739273,48.9735991],[35.510074,48.9842359],[35.4849513,48.9727415],[35.4885595,48.980208],[35.458239,48.9881208],[35.4591474,48.9972431],[35.4361454,49.0044346],[35.4387405,49.0111778],[35.4086493,49.013051],[35.4012486,49.0304476],[35.3863952,49.0267844],[35.3420861,49.0455607],[35.3347626,49.0613032],[35.3018862,49.0693869],[35.3127148,49.0776655],[35.3069714,49.0919692],[35.2759232,49.0907467],[35.2578448,49.1133858],[35.2376082,49.114115],[35.2282574,49.1005998],[35.1902869,49.110238],[35.2282838,49.1266789],[35.1897705,49.1382456],[35.1897949,49.147818],[35.209995,49.1510523],[35.1879168,49.1626413],[35.1439962,49.1500608],[35.122365,49.1644341],[35.0953058,49.1554294],[35.086539,49.1413468],[35.0758206,49.1490877],[35.0806222,49.1612335],[35.0693772,49.1653254],[35.0756038,49.170146],[35.0531214,49.1769934],[35.0432547,49.1552938],[35.0114267,49.1489003],[34.9986164,49.1664034],[34.9485112,49.1939422],[34.9253331,49.1809809],[34.9195826,49.1557119],[34.8993484,49.1490508],[34.867184,49.1647966],[34.8964366,49.1692667],[34.9019243,49.178013],[34.8466,49.1912571],[34.8201349,49.1868683],[34.8270681,49.1750402],[34.8117366,49.1666705],[34.8038648,49.1791236],[34.7586473,49.1684837],[34.7653563,49.1511942],[34.7501036,49.1442922]]]]}},{"type":"Feature","properties":{"oblast":"dnipropetrovska","name":"Нікопольський район","match":"нікопольський"},"geometry":{"type":"MultiPolygon","coordinates":[[[[34.0777874,47.58453],[34.0870571,47.5992617],[34.0502304,47.6148825],[34.0690273,47.6350136],[34.0442491,47.6345979],[34.0238857,47.6493733],[34.0436107,47.6590467],[34.0423822,47.6679776],[33.979152,47.6655235],[33.9278626,47.6930534],[33.9379156,47.715349],[33.9272618,47.7191674],[33.9567929,47.7224753],[33.9595456,47.7430188],[34.0213564,47.7509962],[34.0322489,47.771075],[34.0685177,47.7965048],[34.067409,47.8090536],[34.0428792,47.8070163],[34.0254934,47.8742535],[34.0025283,47.8719868],[34.0072855,47.8939085],[33.9999907,47.9023133],[34.0172704,47.904601],[34.0114937,47.9280453],[34.0564124,47.9328242],[34.0633649,47.9241488],[34.0927253,47.9475669],[34.1447843,47.9410841],[34.1438985,47.9539443],[34.1677639,47.9677756],[34.2399487,47.9626511],[34.2368502,47.9753772],[34.3031933,47.9784737],[34.318077,47.9290497],[34.3386784,47.9325942],[34.3426417,47.9188159],[34.4096843,47.9286832],[34.3751154,47.9294127],[34.3731962,47.9390937],[34.4407329,47.9539037],[34.4462481,47.9265818],[34.4947334,47.928068],[34.4930209,47.9346784],[34.5341503,47.9389892],[34.5313369,47.9506082],[34.5904878,47.9613878],[34.5864512,47.9787173],[34.6103497,47.9815226],[34.6022501,48.0134306],[34.7313771,48.0265411],[34.7437458,47.9852708],[34.8209319,47.9968998],[34.8180633,48.010501],[34.8583305,48.0151785],[34.8695389,47.9823938],[34.9048844,47.9857185],[34.9190894,47.9334607],[34.8810268,47.9289083],[34.8764227,47.9419506],[34.8492,47.9377732],[34.8516809,47.9209705],[34.8019738,47.915638],[34.8171129,47.8643294],[34.860842,47.8805301],[34.8708044,47.8506261],[34.8972316,47.8528148],[34.9033773,47.8295927],[34.8788837,47.8184011],[34.8936183,47.7602236],[34.9574977,47.7695877],[34.9649274,47.7402064],[34.9544831,47.7390806],[34.9560414,47.7123379],[34.9298855,47.7115927],[34.93824,47.6774],[34.9057129,47.6738848],[34.9161816,47.6337991],[34.9330849,47.6356515],[34.9420904,47.6010127],[34.9349677,47.5907823],[34.9260817,47.5941248],[34.9359785,47.5824982],[34.9275494,47.5803095],[34.9458807,47.5742459],[34.9358153,47.5683537],[34.9523485,47.5715749],[34.9593437,47.5631777],[34.9232089,47.5564082],[34.9610281,47.5607379],[34.965296,47.5478479],[34.9529607,47.5339938],[34.8622727,47.5150718],[34.7963243,47.5370197],[34.7355014,47.5389117],[34.6449779,47.5597593],[34.572379,47.5616158],[34.4688614,47.532118],[34.299975,47.5191405],[34.2191409,47.4907009],[34.1146022,47.4746386],[34.1086005,47.5520855],[34.0754699,47.5526648],[34.0450644,47.5703733],[34.0741825,47.5759178],[34.0777874,47.58453]]]]}},{"type":"Feature","properties":{"oblast":"dnipropetrovska","name":"Павлоградський район","match":"павлоградський"},"geometry":{"type":"MultiPolygon","coordinates":[[[[35.7251894,48.3389219],[35.755654,48.3369179],[35.7493367,48.3294321],[35.7554975,48.3208617],[35.7473113,48.3168093],[35.7604283,48.3034876],[35.7526413,48.2990614],[35.7894971,48.2859566],[35.784401,48.3096455],[35.8145164,48.3126401],[35.8053233,48.3552508],[35.827421,48.357775],[35.8237926,48.3773899],[35.8407528,48.3852774],[35.8838869,48.3908549],[35.8684625,48.4040795],[35.889459,48.4094864],[36.1034368,48.350123],[36.046762,48.4581583],[36.1063781,48.4414693],[36.0997168,48.4267102],[36.1122214,48.4186936],[36.1547839,48.4419661],[36.1899816,48.4363025],[36.2275157,48.4602862],[36.2962497,48.531178],[36.271346,48.5437229],[36.319428,48.5872395],[36.251138,48.620609],[36.2810903,48.6608545],[36.1430402,48.7243035],[36.1618074,48.748951],[36.1401103,48.7658944],[36.1594635,48.7680938],[36.1531969,48.7811162],[36.1592194,48.7842264],[36.1235371,48.8085277],[36.0649955,48.8083981],[36.0756049,48.8332397],[36.0192844,48.8546717],[36.04008,48.8735334],[36.0117342,48.8880117],[36.0436846,48.9153848],[35.9955519,48.9393712],[36.0035164,48.9463562],[35.9773899,48.9596734],[35.9890893,48.9693509],[35.9399698,48.9990133],[35.9306742,48.9797588],[35.942571,48.9771163],[35.9387829,48.9713022],[35.8838604,48.9752096],[35.8790576,48.9627019],[35.8551191,48.9577751],[35.8564006,48.9449014],[35.8307902,48.9504378],[35.8100443,48.9411361],[35.8186269,48.9244309],[35.8080482,48.8762601],[35.7554555,48.8760766],[35.7578266,48.886293],[35.7281842,48.8876052],[35.6363175,48.8819452],[35.6396677,48.8686906],[35.6858626,48.8469356],[35.6683501,48.8477482],[35.646536,48.8310982],[35.6803999,48.8103984],[35.6698943,48.8022616],[35.6832862,48.794412],[35.6603571,48.7694729],[35.6775288,48.7589238],[35.6757616,48.7337936],[35.6429152,48.7054689],[35.5989316,48.6879502],[35.6049528,48.6846464],[35.5846439,48.66954],[35.594957,48.6636705],[35.5556072,48.6424539],[35.5693731,48.6397448],[35.5642445,48.6307008],[35.5485927,48.6317771],[35.5443713,48.6193396],[35.5552748,48.5948441],[35.5254788,48.5989247],[35.5533173,48.5388155],[35.5201511,48.5320652],[35.5331468,48.4989176],[35.5657582,48.5044396],[35.5626523,48.5206713],[35.6104586,48.5288771],[35.6048589,48.5437482],[35.6192114,48.5463065],[35.638259,48.5224391],[35.6147736,48.5111269],[35.6473472,48.478284],[35.6704941,48.491037],[35.7066829,48.4609403],[35.7472347,48.4719248],[35.7919552,48.4361995],[35.7767468,48.4267157],[35.7828358,48.4049132],[35.7332339,48.4005024],[35.7477182,48.3862426],[35.7154584,48.3687309],[35.7021868,48.3840884],[35.6919837,48.3799698],[35.7006955,48.3695078],[35.6786585,48.3611252],[35.7007807,48.3351978],[35.7251894,48.3389219]]]]}},{"type":"Feature","properties":{"oblast":"dnipropetrovska","name":"Синельниківський район","match":"синельниківський"},"geometry":{"type":"MultiPolygon","coordinates":[[[[35.7251894,48.3389219],[35.755654,48.3369179],[35.7493367,48.3294321],[35.7554975,48.3208617],[35.7473113,48.3168093],[35.7604283,48.3034876],[35.7526413,48.2990614],[35.7894971,48.2859566],[35.784401,48.3096455],[35.8145164,48.3126401],[35.8053233,48.3552508],[35.827421,48.357775],[35.8237926,48.3773899],[35.8407528,48.3852774],[35.8838869,48.3908549],[35.8684625,48.4040795],[35.889459,48.4094864],[36.1034368,48.350123],[36.046762,48.4581583],[36.1063781,48.4414693],[36.0997168,48.4267102],[36.1122214,48.4186936],[36.1547839,48.4419661],[36.1899816,48.4363025],[36.2275157,48.4602862],[36.3238878,48.5555752],[36.355173,48.5322871],[36.3918926,48.5647534],[36.3813127,48.5702682],[36.4241059,48.611917],[36.4459061,48.613845],[36.4285482,48.6156344],[36.442644,48.6285027],[36.4193355,48.6340535],[36.4468109,48.6324184],[36.482913,48.6636476],[36.5906985,48.6027629],[36.6549596,48.6095004],[36.6724736,48.6248878],[36.7389079,48.6259487],[36.7453516,48.5964344],[36.7788749,48.6004272],[36.7880228,48.5669533],[36.8590236,48.5691675],[36.8847755,48.5417438],[36.9015433,48.5433428],[36.9065916,48.5208455],[36.8503227,48.517818],[36.8571514,48.4872014],[36.8298418,48.4846492],[36.8514919,48.4173789],[36.8245679,48.4147094],[36.8361041,48.4068471],[36.8205392,48.4051217],[36.827865,48.369503],[36.8122818,48.3684573],[36.816473,48.3485025],[36.8087751,48.3478964],[36.8169129,48.3126134],[36.8709326,48.3169623],[36.873706,48.3055685],[36.9120401,48.3091419],[36.9368344,48.1940214],[36.8931305,48.1911462],[36.888383,48.177326],[36.8727082,48.1841687],[36.8963385,48.0776058],[36.8582177,48.052094],[36.8545286,48.0346107],[36.8126731,48.0404893],[36.8034774,48.0530088],[36.7436151,48.0504188],[36.7469473,48.0643429],[36.7266125,48.0710601],[36.7187174,48.0846701],[36.6634128,48.0875971],[36.6533545,48.1002126],[36.6361105,48.0940076],[36.6501109,48.088002],[36.6226458,48.082032],[36.602293,48.0909565],[36.5801446,48.0794222],[36.5871892,48.0649405],[36.5779991,48.0618641],[36.5872874,48.0523601],[36.5738709,48.0400286],[36.5909277,48.0201753],[36.5689448,48.0112058],[36.5867638,48.0008484],[36.5761042,47.9973816],[36.5851415,47.9566416],[36.6288135,47.9618257],[36.6402445,47.9203042],[36.5898139,47.9211707],[36.5924844,47.9108214],[36.5419522,47.9060131],[36.5493443,47.8773685],[36.5765553,47.8801693],[36.5847724,47.8473971],[36.4695098,47.8239992],[36.324133,47.8394667],[36.3326449,47.820649],[36.2985963,47.8159282],[36.2754525,47.8153599],[36.2661856,47.833203],[36.1975738,47.8325454],[36.1882444,47.8415243],[36.1958241,47.8594481],[36.1016634,47.8425887],[36.0958889,47.8500811],[36.0736508,47.8488326],[36.0540611,47.8800013],[36.0807874,47.8832195],[36.0872019,47.8612274],[36.1192273,47.8647615],[36.1301856,47.8903331],[36.1103646,47.924578],[36.1197291,47.9278626],[36.1087035,47.9417691],[36.0850119,47.9303057],[36.0735698,47.9652124],[36.051624,47.9585709],[36.0479461,47.9655214],[36.0707449,47.9715179],[36.0619976,48.0010325],[36.0416478,48.0039192],[36.0344335,48.0187162],[36.0655311,48.0251985],[36.0524844,48.0590719],[35.9752911,48.043179],[35.9885154,48.058354],[35.9720218,48.0599386],[35.9694347,48.0731229],[35.9854821,48.084501],[35.968644,48.0944313],[35.8168631,48.0661227],[35.8059059,48.1004255],[35.7428249,48.0957479],[35.7034121,48.1402147],[35.5241386,48.0746014],[35.5188575,48.0948609],[35.4212624,48.1001881],[35.4162676,48.1096858],[35.3384996,48.1234298],[35.2950206,48.1443499],[35.2418637,48.1346782],[35.1945477,48.1403684],[35.1958855,48.2309746],[35.1808447,48.2604041],[35.1960212,48.2648402],[35.226345,48.255106],[35.2462649,48.2766527],[35.2551797,48.312802],[35.2824265,48.3254626],[35.2619505,48.3469231],[35.2977848,48.3572899],[35.3092971,48.3704747],[35.2830299,48.3834197],[35.2795233,48.3946077],[35.2692562,48.3915942],[35.2536931,48.4066062],[35.2665543,48.4117098],[35.2366318,48.429269],[35.3029669,48.4396012],[35.3152968,48.4243572],[35.3513904,48.4385643],[35.3497164,48.4473935],[35.3720701,48.4550301],[35.3309759,48.5081974],[35.3556834,48.5178741],[35.366391,48.5046047],[35.3851694,48.5110131],[35.3760036,48.5268366],[35.4353233,48.5379037],[35.5224386,48.5266181],[35.5331468,48.4989176],[35.5657582,48.5044396],[35.5626523,48.5206713],[35.6104586,48.5288771],[35.6048589,48.5437482],[35.6192114,48.5463065],[35.638259,48.5224391],[35.6147736,48.5111269],[35.6473472,48.478284],[35.6704941,48.491037],[35.7066829,48.4609403],[35.7472347,48.4719248],[35.7919552,48.4361995],[35.7767468,48.4267157],[35.7828358,48.4049132],[35.7332339,48.4005024],[35.7477182,48.3862426],[35.7154584,48.3687309],[35.7021868,48.3840884],[35.6919837,48.3799698],[35.7006955,48.3695078],[35.6786585,48.3611252],[35.7007807,48.3351978],[35.7251894,48.3389219]]]]}},{"type":"Feature","properties":{"oblast":"dnipropetrovska","name":"Кам'янський район","match":"кам'янський"},"geometry":{"type":"MultiPolygon","coordinates":[[[[33.6087663,48.2428698],[33.6046008,48.2578354],[33.6244062,48.2910653],[33.613137,48.3176338],[33.5701946,48.3151888],[33.5777265,48.2524201],[33.5457226,48.2357132],[33.5296946,48.2757412],[33.5128577,48.2781058],[33.5175368,48.329029],[33.4735583,48.329004],[33.4781858,48.3492877],[33.4617697,48.3494942],[33.4597453,48.3576043],[33.47321,48.3675931],[33.4684699,48.388193],[33.4971077,48.393669],[33.4949439,48.4049355],[33.4864272,48.4045052],[33.4890422,48.4403393],[33.4694623,48.5337008],[33.4798456,48.5362426],[33.4724917,48.5449163],[33.4841544,48.5476099],[33.4819095,48.5578953],[33.5116011,48.5588819],[33.509479,48.5681438],[33.5844532,48.5764061],[33.5902581,48.5596473],[33.6232085,48.5665173],[33.6092517,48.5994683],[33.6500646,48.5997633],[33.6604045,48.5859482],[33.7624908,48.6246124],[33.7562961,48.6571585],[33.8018692,48.6627786],[33.8053568,48.6875783],[33.7503398,48.681167],[33.7462728,48.6933358],[33.7303588,48.692132],[33.6819104,48.7231043],[33.6187843,48.7275595],[33.607564,48.7513511],[33.5851037,48.7547656],[33.5831319,48.7969551],[33.6381151,48.7902809],[33.6590409,48.7931066],[33.6742008,48.8148154],[33.6894192,48.8081192],[33.7152649,48.8137289],[33.7252513,48.7892112],[33.811374,48.8028204],[33.8190656,48.7760891],[33.8509542,48.7708127],[33.8477445,48.8025881],[33.862621,48.8374013],[33.873674,48.8403933],[33.8943109,48.9019481],[33.9259521,48.8803386],[34.0209598,48.8649649],[34.0346511,48.8439117],[34.0748176,48.8239951],[34.1199008,48.8224512],[34.1235317,48.7880754],[34.1410809,48.7778079],[34.1767087,48.777459],[34.2489886,48.7445019],[34.2963003,48.7387623],[34.2916887,48.7188488],[34.3336597,48.7096115],[34.4073551,48.6670847],[34.440371,48.634227],[34.4456628,48.6107462],[34.4739581,48.591176],[34.5163998,48.5781362],[34.5316563,48.6019669],[34.5505037,48.611141],[34.5351599,48.6227515],[34.5457327,48.6284194],[34.5831636,48.5990661],[34.5993625,48.6079654],[34.589318,48.6228298],[34.6040772,48.6265388],[34.632878,48.5899626],[34.5681435,48.5883399],[34.5635643,48.5606163],[34.5845859,48.5436843],[34.6753033,48.5359338],[34.7247889,48.5051988],[34.7663458,48.4924267],[34.7489459,48.4839979],[34.7716041,48.4732972],[34.7601825,48.4404849],[34.7024249,48.4730607],[34.7030821,48.4554949],[34.7132234,48.44758],[34.7031876,48.4348612],[34.6912553,48.4414376],[34.6963717,48.4515739],[34.674109,48.4642694],[34.6678687,48.4614634],[34.6768906,48.4569725],[34.6309054,48.4582691],[34.6293258,48.4511995],[34.6274862,48.4575233],[34.5903545,48.4515069],[34.5527408,48.4642138],[34.5511329,48.4555691],[34.5108351,48.4572939],[34.509011,48.4416775],[34.5619405,48.4327221],[34.5966028,48.3296404],[34.5697626,48.3252067],[34.57139,48.3181491],[34.6071692,48.2901956],[34.5863249,48.2848176],[34.5924184,48.2536787],[34.565236,48.2515966],[34.5509763,48.2739025],[34.5274227,48.2716262],[34.5304235,48.2623715],[34.5170329,48.2658349],[34.5064176,48.2528617],[34.4733377,48.2644548],[34.4614293,48.2414144],[34.4251807,48.2347585],[34.4350858,48.1961219],[34.4018667,48.1931036],[34.3987587,48.2073373],[34.3829273,48.2062753],[34.3938584,48.1606247],[34.4529733,48.1713384],[34.445512,48.1580148],[34.4139022,48.1517476],[34.4294605,48.1288324],[34.3807946,48.1187322],[34.3747331,48.130926],[34.2926423,48.1171272],[34.279569,48.1098993],[34.2894612,48.0778635],[34.1958969,48.0676693],[34.1997164,48.0580249],[34.1920818,48.0563851],[34.1769656,48.0677916],[34.1834765,48.0758344],[34.1576363,48.0721427],[34.1106909,48.1021459],[34.0845052,48.1016536],[34.0589532,48.1517851],[34.0164911,48.1417947],[34.0048084,48.1851429],[33.9766815,48.1894904],[33.9349737,48.1790579],[33.9451918,48.1879618],[33.9421277,48.2013431],[33.9292848,48.2009194],[33.9235617,48.2229235],[33.8860862,48.2185569],[33.875075,48.2592529],[33.8371348,48.2580324],[33.8334087,48.2502071],[33.8106743,48.2551952],[33.8082634,48.2635547],[33.779399,48.2570723],[33.7720155,48.2859059],[33.7416744,48.2819649],[33.7476396,48.2618271],[33.7412452,48.2580843],[33.7391424,48.2647983],[33.6846828,48.25937],[33.6843932,48.2494548],[33.6718706,48.2508537],[33.6695512,48.2605466],[33.6087663,48.2428698]]]]}},{"type":"Feature","properties":{"oblast":"donetska","name":"Маріупольський район","match":"маріупольський"},"geometry":{"type":"MultiPolygon","coordinates":[[[[37.8295141,47.1065947],[37.8163139,47.1063817],[37.7863759,47.1414932],[37.8382007,47.1446085],[37.8395158,47.1629914],[37.8805048,47.1569644],[37.8833619,47.2101708],[37.8403783,47.2138033],[37.8631637,47.2713349],[37.79453,47.2813874],[37.8062425,47.3054786],[37.8369194,47.3042472],[37.8270171,47.3197189],[37.8328344,47.3417737],[37.8603587,47.3429574],[37.8631582,47.3525627],[37.6992738,47.3710176],[37.6996332,47.3328714],[37.6367193,47.3380447],[37.6377815,47.3461945],[37.6218531,47.3544506],[37.5821149,47.3628318],[37.5901912,47.3703563],[37.4068024,47.3562444],[37.404704,47.3646849],[37.4221252,47.3825774],[37.4070111,47.3912432],[37.4091282,47.4003021],[37.3569659,47.4155061],[37.3351343,47.3967257],[37.3113061,47.4197284],[37.2847312,47.4205734],[37.2889619,47.4342993],[37.2593066,47.4425073],[37.264945,47.4666274],[37.2523176,47.4684473],[37.2447295,47.4684612],[37.2395517,47.4597266],[37.2484158,47.4568245],[37.1945741,47.3733558],[37.2034197,47.3557556],[37.1619798,47.341438],[37.146039,47.3811051],[37.106553,47.3759571],[37.1221769,47.3403728],[37.0922697,47.3300747],[37.0837011,47.3147193],[37.0361269,47.2999843],[37.0264564,47.3147836],[36.9466004,47.3109951],[36.9442269,47.3206358],[36.9260221,47.3194161],[36.9625814,47.2016615],[36.9313312,47.2005647],[36.9308514,47.2069799],[36.8547708,47.1991557],[36.8884834,47.1708321],[36.9239699,47.1704502],[36.9228503,47.1604744],[36.9495352,47.1586788],[36.9835274,47.1244045],[37.0017538,47.1276285],[37.0000892,47.113967],[37.0107914,47.1106078],[37.0020205,47.1008577],[37.0127873,47.0893668],[36.9854531,47.0797697],[37.081212,47.0474791],[37.0986952,47.0592489],[37.1249171,47.0391072],[37.0893372,47.0074623],[37.1411334,46.9819937],[37.1026884,46.9599756],[37.092348,46.9683681],[37.0214265,46.9279498],[37.0624638,46.8839559],[37.1605003,46.9132433],[37.2398062,46.9508166],[37.3176711,46.9131033],[37.3236306,46.8862845],[37.2832346,46.8723741],[37.3049093,46.8691729],[37.3374134,46.8911632],[37.4773702,47.0301943],[37.5250277,47.0501176],[37.5272712,47.0744743],[37.5635175,47.0827479],[37.5892686,47.0763965],[37.6292175,47.0939051],[37.6836097,47.0807642],[37.7927502,47.084708],[37.8768955,47.1073586],[37.8295141,47.1065947]]]]}},{"type":"Feature","properties":{"oblast":"donetska","name":"Бахмутський район","match":"бахмутський"},"geometry":{"type":"MultiPolygon","coordinates":[[[[37.968661,48.3985268],[37.9978064,48.3855348],[37.9758176,48.3967575],[37.9803961,48.404819],[37.9742405,48.3979667],[37.9684067,48.4137819],[37.968661,48.3985268]]],[[[38.2784647,48.3894072],[38.2754284,48.3967415],[38.2486439,48.3954913],[38.2632351,48.3656802],[38.2077241,48.3609969],[38.1933603,48.4117036],[38.155539,48.3937602],[38.1455277,48.4025318],[38.1034398,48.3936141],[38.0992985,48.4094306],[38.0619997,48.4188591],[38.0365509,48.4156049],[38.0531993,48.4004848],[38.0355799,48.4020768],[38.039099,48.3879431],[38.032077,48.3832378],[38.0067783,48.3859374],[37.9991287,48.4107624],[38.0220938,48.3956979],[38.0226463,48.4286559],[38.0110216,48.4209097],[37.9719686,48.4259684],[38.0139935,48.4439527],[38.0262351,48.464474],[38.018049,48.470453],[38.0226195,48.4784193],[37.9604942,48.4670848],[37.9650217,48.4910987],[37.9356301,48.4898721],[37.9286617,48.4815841],[37.9108679,48.4950626],[37.9210603,48.5029468],[37.8977627,48.5275441],[37.8836381,48.529832],[37.8786063,48.5434716],[37.8520578,48.5541819],[37.826888,48.5461068],[37.8451538,48.541877],[37.8120178,48.547815],[37.820279,48.5540434],[37.8120232,48.5808908],[37.7997762,48.5845957],[37.8088742,48.5918025],[37.8001034,48.5957053],[37.8289211,48.5995971],[37.8125006,48.6454182],[37.841844,48.6726918],[37.8014499,48.6923025],[37.8161645,48.7209876],[37.819528,48.7610902],[37.8641063,48.8047048],[37.9120642,48.7883259],[37.9353887,48.7954718],[37.9299492,48.8194676],[37.9151863,48.818468],[37.9084325,48.8399885],[37.9368156,48.8494181],[38.0012476,48.8452031],[38.0015856,48.8603952],[38.0369908,48.8699126],[38.0410355,48.8913193],[38.0204576,48.8857921],[38.0047184,48.8990747],[38.019315,48.9034615],[38.0502528,48.9382109],[38.0921853,48.9393804],[38.1333625,48.92374],[38.1425706,48.9328947],[38.1956434,48.9277686],[38.2279914,48.9367431],[38.229112,48.8586976],[38.2212424,48.8392965],[38.2598126,48.8427742],[38.2724243,48.8246666],[38.3137518,48.8284843],[38.3167452,48.8057329],[38.2785505,48.8025566],[38.2831317,48.7734726],[38.2631332,48.7502753],[38.2831088,48.7373719],[38.3198512,48.7334541],[38.3251351,48.7140328],[38.3041522,48.7108401],[38.314653,48.7045779],[38.3072501,48.6877644],[38.3153021,48.6843592],[38.284843,48.6821404],[38.2868224,48.6647738],[38.2670492,48.6637463],[38.2659066,48.6563833],[38.2259282,48.6527031],[38.22888,48.6340971],[38.2634819,48.6370174],[38.2737225,48.5453326],[38.3206317,48.5081625],[38.2995039,48.4896126],[38.3052224,48.4753823],[38.2881689,48.4761967],[38.3188212,48.4646625],[38.3108872,48.4557299],[38.3407992,48.4373299],[38.3698529,48.4429421],[38.3804476,48.4300833],[38.3929521,48.4319992],[38.3997703,48.4161603],[38.3516836,48.419329],[38.3541512,48.4122757],[38.3352685,48.4128882],[38.3472311,48.3909746],[38.3286837,48.4021142],[38.3194542,48.3928661],[38.2784647,48.3894072]]],[[[37.8957671,48.3585446],[37.8683549,48.3633386],[37.8717881,48.372633],[37.8226393,48.3683068],[37.8250372,48.3898062],[37.8075278,48.3934717],[37.8027347,48.404787],[37.8174788,48.417143],[37.8569341,48.4147041],[37.8702539,48.4046979],[37.8844324,48.4049185],[37.8769112,48.4171786],[37.9130781,48.407992],[37.9288977,48.4134401],[37.9212213,48.4214687],[37.9336667,48.4165733],[37.9300028,48.4045947],[37.9391867,48.3992311],[37.928195,48.3998331],[37.9114419,48.3714892],[37.9306519,48.3672875],[37.9346377,48.3517467],[37.8957671,48.3585446]]],[[[37.9584783,48.4477955],[37.9459578,48.4493323],[37.953845,48.4509011],[37.9483471,48.4553336],[37.9584783,48.4477955]]],[[[37.7607608,48.3210789],[37.7558094,48.316445],[37.7642369,48.3086995],[37.7607608,48.3210789]]],[[[37.7523816,48.3148842],[37.7485084,48.3219457],[37.7579284,48.3117429],[37.7523816,48.3148842]]],[[[37.8105949,48.3200132],[37.8444511,48.3231192],[37.8528356,48.2874193],[37.8572828,48.3218279],[37.8864384,48.313987],[37.844494,48.3273209],[37.8911054,48.325748],[37.8370696,48.3472083],[37.8106338,48.3334766],[37.8105949,48.3200132]]],[[[37.8385153,48.3531406],[37.8266197,48.3623531],[37.8339744,48.3494882],[37.8514355,48.3486861],[37.8385153,48.3531406]]],[[[37.7801478,48.4049891],[37.8113499,48.387097],[37.8017503,48.3785873],[37.7801478,48.4049891]]],[[[37.8132892,48.3673339],[37.832129,48.3478821],[37.7785599,48.4016494],[37.7879825,48.4166801],[37.778509,48.4330945],[37.7857348,48.4149729],[37.7695397,48.4043472],[37.7697194,48.3906683],[37.8132892,48.3673339]]]]}},{"type":"Feature","properties":{"oblast":"donetska","name":"Краматорський район","match":"краматорський"},"geometry":{"type":"MultiPolygon","coordinates":[[[[37.4500188,48.3955928],[37.4522799,48.384694],[37.443501,48.3836686],[37.4526608,48.3467591],[37.4701247,48.3531245],[37.4848393,48.3419528],[37.4737188,48.3342522],[37.4944282,48.3175776],[37.5396717,48.3401307],[37.5558856,48.3361316],[37.5923073,48.3047389],[37.6077917,48.3077326],[37.6001367,48.2785788],[37.6355971,48.282198],[37.6889982,48.2613776],[37.7210614,48.263321],[37.7100413,48.309058],[37.7498093,48.322898],[37.7383751,48.3571402],[37.7962996,48.3766794],[37.7697194,48.3906683],[37.7695397,48.4043472],[37.7857348,48.4149729],[37.7789623,48.4332778],[37.7879825,48.4166801],[37.7785599,48.4016494],[37.8175914,48.3678934],[37.8250372,48.3898062],[37.8075278,48.3934717],[37.8027347,48.404787],[37.8174788,48.417143],[37.8844324,48.4049185],[37.8760636,48.4168404],[37.9130781,48.407992],[37.9288977,48.4134401],[37.9234582,48.4212942],[37.9391867,48.3992311],[37.928195,48.3998331],[37.9118496,48.3704949],[37.9521163,48.3583976],[37.9581177,48.3680395],[37.9465949,48.3737769],[37.9653865,48.3963711],[37.9584783,48.4477955],[37.9459578,48.4493323],[37.953845,48.4509011],[37.9483471,48.4553336],[38.003404,48.4570444],[38.0124056,48.4772529],[37.9604942,48.4670848],[37.9650217,48.4910987],[37.9356301,48.4898721],[37.9286617,48.4815841],[37.9108679,48.4950626],[37.9210603,48.5029468],[37.8977627,48.5275441],[37.8836381,48.529832],[37.8786063,48.5434716],[37.8520578,48.5541819],[37.826888,48.5461068],[37.8451538,48.541877],[37.8120178,48.547815],[37.820279,48.5540434],[37.8120232,48.5808908],[37.7997762,48.5845957],[37.8088742,48.5918025],[37.8001034,48.5957053],[37.8289211,48.5995971],[37.8125006,48.6454182],[37.841844,48.6726918],[37.8013372,48.6940376],[37.8161645,48.7209876],[37.819528,48.7610902],[37.8641063,48.8047048],[37.9120642,48.7883259],[37.9353887,48.7954718],[37.9299492,48.8194676],[37.9151863,48.818468],[37.9084325,48.8399885],[37.9368156,48.8494181],[38.0012476,48.8452031],[38.0015856,48.8603952],[38.0369908,48.8699126],[38.0410355,48.8913193],[38.0204576,48.8857921],[38.0047184,48.8990747],[38.0301028,48.9131434],[38.036229,48.9351695],[38.0217987,48.9329705],[38.0058503,48.9465823],[38.0286759,48.973432],[38.0537116,48.9648958],[38.0524671,48.9857249],[38.0984884,48.9924678],[38.0526388,49.0595841],[38.0622572,49.0632345],[38.0815852,49.148068],[38.043648,49.1504996],[38.0397856,49.1265397],[37.9268901,49.1435746],[37.8928462,49.1606054],[37.9025383,49.1668335],[37.8933772,49.1751721],[37.9349032,49.1916819],[37.9193732,49.2066285],[37.9425636,49.2141219],[37.9334722,49.2207777],[37.8896007,49.2118835],[37.889835,49.2191761],[37.8732017,49.223261],[37.8745133,49.2339965],[37.8541177,49.2260234],[37.8435096,49.201336],[37.6142746,49.2331348],[37.5684732,49.2314008],[37.5024426,49.187026],[37.5537103,49.1668511],[37.5642568,49.1399758],[37.5409323,49.1456573],[37.5848991,49.1260061],[37.4873418,49.1017569],[37.5004309,49.0913738],[37.5058865,49.0701829],[37.4812049,49.057663],[37.4515772,49.053216],[37.4495494,49.0613821],[37.4174488,49.0613153],[37.385273,49.0483431],[37.3919077,49.0250599],[37.3753542,49.026272],[37.3669159,48.9916652],[37.3443961,49.0034979],[37.3113835,48.9900319],[37.3246068,48.9827871],[37.294625,48.9696536],[37.3208249,48.9565342],[37.3073119,48.9469698],[37.3322457,48.9347819],[37.3283404,48.9221538],[37.2694057,48.9226048],[37.2665745,48.9064057],[37.2226721,48.9087399],[37.2156554,48.8896369],[37.1931517,48.8811427],[37.1920963,48.8144756],[37.138676,48.8317561],[37.145682,48.8420787],[37.0988131,48.8507912],[37.0783612,48.8176962],[37.0237648,48.8178852],[37.0187545,48.80172],[37.0073765,48.8033321],[36.994919,48.7873734],[37.023038,48.7748372],[37.022936,48.7674745],[37.0431197,48.7661786],[37.035749,48.7460095],[36.9754911,48.7901319],[36.9528204,48.7952474],[36.8542182,48.800445],[36.8408119,48.7780786],[36.8357224,48.7828919],[36.8392986,48.7727018],[36.8212339,48.7713601],[36.7886624,48.7808424],[36.7905575,48.8019771],[36.7650042,48.7971873],[36.7207933,48.8060797],[36.6893666,48.7760794],[36.7091205,48.767446],[36.7356495,48.7038903],[36.7283827,48.6928337],[36.7118326,48.6925518],[36.7308247,48.6577812],[36.722573,48.6544064],[36.7341548,48.6465524],[36.7453516,48.5964344],[36.7788749,48.6004272],[36.7880228,48.5669533],[36.8593288,48.5690893],[36.8847755,48.5417438],[36.9015433,48.5433428],[36.9040096,48.5306135],[36.9931088,48.5463898],[37.0043803,48.5390964],[37.0025422,48.5489429],[37.0176307,48.5480447],[37.0142058,48.5649777],[37.0528309,48.5592993],[37.0571696,48.5677737],[37.0466053,48.5869688],[37.0630753,48.588712],[37.0634025,48.6063672],[37.0969945,48.6094194],[37.1119505,48.5918983],[37.1426511,48.5975501],[37.164723,48.5908445],[37.1654768,48.6093657],[37.2519457,48.6012396],[37.2596276,48.5681948],[37.3009282,48.5723195],[37.2942141,48.6016718],[37.3346414,48.5798809],[37.3271785,48.578028],[37.3466548,48.5564081],[37.3663768,48.5601575],[37.3682195,48.536496],[37.3985499,48.5338425],[37.385568,48.5180968],[37.39038,48.5093943],[37.3671585,48.4945904],[37.3633942,48.4820961],[37.4331993,48.4753017],[37.4323511,48.4423602],[37.4420969,48.4433406],[37.4455449,48.4260752],[37.4237064,48.4235352],[37.4254283,48.4151313],[37.4463281,48.4121306],[37.4500188,48.3955928]]]]}},{"type":"Feature","properties":{"oblast":"donetska","name":"Покровський район","match":"покровський"},"geometry":{"type":"MultiPolygon","coordinates":[[[[37.5704865,47.8402089],[37.5697292,47.8321067],[37.5596735,47.8326494],[37.5704865,47.8402089]]],[[[37.5441885,47.8667785],[37.5437164,47.8389761],[37.5348195,47.8421482],[37.5308847,47.8236979],[37.5091428,47.8240581],[37.5099796,47.8125277],[37.4679547,47.8098618],[37.4680781,47.8023856],[37.42814,47.799784],[37.4274373,47.8070876],[37.2963577,47.8319633],[37.2917041,47.8023946],[37.2709009,47.8048213],[37.2740579,47.8177943],[37.2483891,47.8391975],[37.2573745,47.8667659],[37.1835762,47.8883126],[37.1847309,47.8969282],[37.2136411,47.896841],[37.2114095,47.9066446],[37.1472484,47.9105029],[37.1493593,47.9286213],[37.0695823,47.9339597],[37.0761843,47.9782484],[37.1541202,47.9592918],[37.1578592,47.9823368],[37.1687637,47.9817722],[37.1702508,47.993731],[37.1274617,47.9959726],[37.1401834,48.0061504],[37.1766182,48.0052197],[37.1765113,48.0271278],[37.1621132,48.0265179],[37.1530205,48.1001699],[36.9932279,48.071957],[36.8815863,48.062891],[36.8963411,48.0778227],[36.8727082,48.1841687],[36.888383,48.177326],[36.8931305,48.1911462],[36.9368344,48.1940214],[36.9120401,48.3091419],[36.873706,48.3055685],[36.8709326,48.3169623],[36.8166822,48.3132913],[36.8087751,48.3478964],[36.816473,48.3485025],[36.8122818,48.3684573],[36.827865,48.369503],[36.8205392,48.4051217],[36.8352753,48.4054192],[36.8244633,48.4141397],[36.8366379,48.4202867],[36.8514919,48.4173789],[36.8298418,48.4846492],[36.8571514,48.4872014],[36.8503227,48.517818],[36.9065916,48.5208455],[36.9040096,48.5306135],[36.943891,48.5414753],[36.9931088,48.5463898],[37.0043803,48.5390964],[37.0025422,48.5489429],[37.0176307,48.5480447],[37.0142058,48.5649777],[37.0528309,48.5592993],[37.0571696,48.5677737],[37.0466053,48.5869688],[37.0630753,48.588712],[37.0634025,48.6063672],[37.0969945,48.6094194],[37.1119505,48.5918983],[37.1426511,48.5975501],[37.164723,48.5908445],[37.1654768,48.6093657],[37.2519457,48.6012396],[37.2596276,48.5681948],[37.3009282,48.5723195],[37.2942141,48.6016718],[37.3346414,48.5798809],[37.3271785,48.578028],[37.3466548,48.5564081],[37.3663768,48.5601575],[37.3682195,48.536496],[37.3985499,48.5338425],[37.385568,48.5180968],[37.39038,48.5093943],[37.3671585,48.4945904],[37.3633942,48.4820961],[37.4331993,48.4753017],[37.4323511,48.4423602],[37.4420969,48.4433406],[37.4455449,48.4260752],[37.4237064,48.4235352],[37.4266139,48.4102559],[37.4463281,48.4121306],[37.4526608,48.3467591],[37.4701247,48.3531245],[37.4848393,48.3419528],[37.4737188,48.3342522],[37.4944282,48.3175776],[37.5396717,48.3401307],[37.5558856,48.3361316],[37.5923073,48.3047389],[37.6077917,48.3077326],[37.6001367,48.2785788],[37.6355971,48.282198],[37.6889982,48.2613776],[37.7210614,48.263321],[37.7100413,48.309058],[37.7498093,48.322898],[37.7383751,48.3571402],[37.7917483,48.3741315],[37.802555,48.3658709],[37.7965307,48.3767523],[37.8111541,48.3711542],[37.8264052,48.3466878],[37.8326869,48.3503813],[37.8157461,48.3676172],[37.8717881,48.372633],[37.8683549,48.3633386],[37.9029608,48.3555147],[37.9120105,48.340088],[37.9376095,48.3309944],[37.9391277,48.3244711],[37.9046988,48.3219706],[37.9040291,48.3063259],[37.8857329,48.3078218],[37.8942195,48.2884955],[37.9050019,48.2893771],[37.9093122,48.2646483],[37.9270658,48.2544001],[37.8883481,48.2499995],[37.8938815,48.231257],[37.9380119,48.2282428],[37.921409,48.2125863],[37.9600409,48.2027103],[37.9330444,48.1853346],[37.9346055,48.1735198],[37.8973871,48.1655487],[37.8947264,48.1429776],[37.8740036,48.1362368],[37.8723058,48.1477739],[37.8615153,48.1506873],[37.8375558,48.14231],[37.8252036,48.1567018],[37.8283614,48.1824333],[37.8141394,48.185492],[37.7897099,48.1721479],[37.7932021,48.1628097],[37.7760869,48.1444666],[37.8004441,48.1422527],[37.8076512,48.1189962],[37.783184,48.1074204],[37.7550048,48.114122],[37.6930511,48.1025917],[37.7058935,48.0776202],[37.6819497,48.0738679],[37.6981397,48.0729322],[37.7076021,48.057834],[37.6572594,48.0339917],[37.659457,48.0210484],[37.6759547,48.0162342],[37.6709712,48.0115858],[37.681016,48.0046896],[37.6638526,47.9953821],[37.6254648,48.0035626],[37.6151383,48.056398],[37.5408867,48.0506186],[37.5496656,48.0047865],[37.5404978,48.0075107],[37.5444353,47.9832004],[37.5616658,47.9777171],[37.5254452,47.9418481],[37.5525999,47.932407],[37.5413963,47.9157866],[37.5441885,47.8667785]]]]}},{"type":"Feature","properties":{"oblast":"donetska","name":"Волноваський район","match":"волноваський"},"geometry":{"type":"MultiPolygon","coordinates":[[[[37.2447295,47.4684612],[37.264945,47.4666274],[37.2546636,47.4476266],[37.2889619,47.4342993],[37.2847312,47.4205734],[37.3113061,47.4197284],[37.3351343,47.3967257],[37.3569659,47.4155061],[37.4091282,47.4003021],[37.4070111,47.3912432],[37.4221252,47.3825774],[37.404704,47.3646849],[37.4068024,47.3562444],[37.5901912,47.3703563],[37.5821149,47.3628318],[37.6218531,47.3544506],[37.6377815,47.3461945],[37.6367193,47.3380447],[37.6996332,47.3328714],[37.6992738,47.3710176],[37.8405885,47.3585349],[37.8538864,47.364927],[37.8408451,47.3776787],[37.8598093,47.3895312],[37.8591265,47.4100242],[37.9642704,47.4206902],[37.9636102,47.4491802],[37.8900261,47.4502078],[37.8764287,47.4567544],[37.8910884,47.4685492],[37.8875265,47.4871738],[37.8414094,47.4940887],[37.8403655,47.5401166],[37.8242625,47.539904],[37.8243984,47.5654306],[37.8473276,47.565644],[37.846979,47.5795919],[37.8242129,47.5797608],[37.8238765,47.5939339],[37.816389,47.5946642],[37.8225139,47.6388452],[37.7833691,47.6603293],[37.7632955,47.6521758],[37.7581027,47.6672081],[37.7780193,47.6634234],[37.6913986,47.7120629],[37.6638318,47.68837],[37.6466082,47.7061447],[37.6067492,47.6985741],[37.6140653,47.7526125],[37.6050813,47.7751103],[37.590949,47.7739287],[37.6086966,47.7918604],[37.6058797,47.8107457],[37.5865794,47.802556],[37.5322499,47.8143841],[37.42814,47.799784],[37.4274373,47.8070876],[37.2963577,47.8319633],[37.2917041,47.8023946],[37.2751147,47.8038341],[37.2740579,47.8177943],[37.2483891,47.8391975],[37.2573745,47.8667659],[37.1835762,47.8883126],[37.1847309,47.8969282],[37.2136411,47.896841],[37.2114095,47.9066446],[37.1472484,47.9105029],[37.1493593,47.9286213],[37.0695823,47.9339597],[37.0761843,47.9782484],[37.1541202,47.9592918],[37.1578592,47.9823368],[37.1687637,47.9817722],[37.1702508,47.993731],[37.1274617,47.9959726],[37.1401834,48.0061504],[37.1766182,48.0052197],[37.1765113,48.0271278],[37.1621132,48.0265179],[37.1530205,48.1001699],[36.9932279,48.071957],[36.8691435,48.0626813],[36.8545286,48.0346107],[36.8126731,48.0404893],[36.8034774,48.0530088],[36.7436151,48.0504188],[36.7469473,48.0643429],[36.7266125,48.0710601],[36.7187174,48.0846701],[36.6634128,48.0875971],[36.6533545,48.1002126],[36.6361105,48.0940076],[36.6501109,48.088002],[36.6226458,48.082032],[36.602293,48.0909565],[36.5801446,48.0794222],[36.5871892,48.0649405],[36.5779991,48.0618641],[36.5872874,48.0523601],[36.5738709,48.0400286],[36.5909277,48.0201753],[36.5689448,48.0112058],[36.5867638,48.0008484],[36.5761042,47.9973816],[36.5851415,47.9566416],[36.6288135,47.9618257],[36.6402445,47.9203042],[36.5898139,47.9211707],[36.5924844,47.9108214],[36.5419522,47.9060131],[36.5493443,47.8773685],[36.5765553,47.8801693],[36.5847724,47.8473971],[36.6047014,47.8508377],[36.5993301,47.8178481],[36.5885271,47.8165077],[36.5878379,47.7845698],[36.6713057,47.7935819],[36.685659,47.7308949],[36.699959,47.7324982],[36.7133797,47.6788709],[36.7916444,47.6849218],[36.7747236,47.665137],[36.7182719,47.6588466],[36.725195,47.6310934],[36.765849,47.6341133],[36.7662122,47.623444],[36.7452576,47.6217404],[36.7481032,47.6065962],[36.7649174,47.6077703],[36.7646269,47.600787],[36.8303171,47.6242291],[36.8934106,47.5449148],[36.9443387,47.5761317],[36.9667558,47.553407],[36.9800607,47.5607131],[37.0015961,47.5388645],[37.0210271,47.5527976],[37.0742173,47.4936995],[37.0843387,47.4961072],[37.1577018,47.4548597],[37.1797983,47.4836571],[37.1959706,47.4789319],[37.189947,47.4691507],[37.2447295,47.4684612]]]]}},{"type":"Feature","properties":{"oblast":"donetska","name":"Горлівський район","match":"горлівський"},"geometry":{"type":"MultiPolygon","coordinates":[[[[38.0146971,48.1663818],[38.0252072,48.1584],[38.0374152,48.1660202],[38.042463,48.1438556],[38.0566814,48.1428268],[38.1533475,48.1859286],[38.1466053,48.1760042],[38.1584389,48.1583498],[38.2246981,48.133248],[38.2258344,48.1246721],[38.1937873,48.1227814],[38.2009649,48.1151964],[38.1792966,48.0977606],[38.1879156,48.0899371],[38.2280372,48.0893027],[38.2292393,48.0999187],[38.2558871,48.1022746],[38.2482,48.1275928],[38.3081221,48.1252693],[38.3120559,48.1162293],[38.2985072,48.1158032],[38.3026488,48.1097383],[38.2930703,48.1055489],[38.3124748,48.1073683],[38.3173218,48.0955525],[38.3101112,48.0907364],[38.3374616,48.0912347],[38.3416884,48.0754549],[38.3243124,48.0740012],[38.3194394,48.0480372],[38.3349111,48.0428654],[38.3391306,48.0268768],[38.357767,48.0308744],[38.3640963,47.9875896],[38.394635,47.9644865],[38.390966,47.9578454],[38.4545933,47.9364484],[38.4936632,47.9559794],[38.505569,47.9493744],[38.5185759,47.9575453],[38.5230203,47.9357633],[38.5609474,47.9304343],[38.5575718,47.960061],[38.5963685,47.9591081],[38.6054405,47.9168487],[38.6425893,47.9299154],[38.6738697,47.9104959],[38.7098086,47.9210152],[38.735199,47.9139527],[38.7491488,47.8655529],[38.7761435,47.8707589],[38.7759669,47.878974],[38.8430455,47.8654397],[38.8777104,47.8673453],[38.8796657,47.8760841],[39.0744035,47.8696799],[39.0651605,47.8960073],[39.0914413,47.9409895],[39.0738359,47.9529286],[39.0570247,47.9468464],[39.0385008,47.9563534],[39.0398439,48.0069404],[38.8612538,48.0147577],[38.8253525,48.0297743],[38.8126713,48.0479449],[38.8314692,48.0579098],[38.8293027,48.0774432],[38.8179226,48.0659146],[38.7995269,48.0747152],[38.8174818,48.0843192],[38.806696,48.0882836],[38.8203959,48.1162414],[38.6627308,48.1507506],[38.6689874,48.1648024],[38.6016265,48.1725099],[38.6134215,48.2042346],[38.589035,48.2273477],[38.5911911,48.2517491],[38.5746523,48.2676195],[38.4270415,48.2782877],[38.4337894,48.2971971],[38.4281664,48.3083439],[38.4411454,48.3164583],[38.4334453,48.3392632],[38.4868568,48.361872],[38.4685913,48.3791478],[38.4500969,48.3759133],[38.4391053,48.3915523],[38.4331875,48.4476651],[38.4006768,48.4397713],[38.3929521,48.4319992],[38.3997703,48.4161603],[38.3352685,48.4128882],[38.3472311,48.3909746],[38.3286837,48.4021142],[38.2930344,48.39054],[38.2486439,48.3954913],[38.2632351,48.3656802],[38.2077241,48.3609969],[38.1943291,48.4013609],[38.2000439,48.4065761],[38.1912887,48.4123749],[38.155539,48.3937602],[38.1455277,48.4025318],[38.1034398,48.3936141],[38.106181,48.4019806],[38.0947575,48.4119268],[38.0388898,48.4165555],[38.0531993,48.4004848],[38.0355799,48.4020768],[38.039099,48.3879431],[38.0319697,48.3832022],[38.0067783,48.3859374],[37.9991287,48.4107624],[38.0220938,48.3956979],[38.0226463,48.4286559],[38.0110216,48.4209097],[37.9719686,48.4259684],[38.0139935,48.4439527],[38.0262351,48.464474],[38.018049,48.470453],[38.0226195,48.4784193],[38.0072799,48.474086],[38.003404,48.4570444],[37.959196,48.4541325],[37.9653865,48.3963711],[37.9463482,48.3730001],[37.9577359,48.3672557],[37.948215,48.3561991],[37.9318374,48.3594322],[37.9346377,48.3517467],[37.9051334,48.3518643],[37.9391277,48.3244711],[37.9046988,48.3219706],[37.9042872,48.3064626],[37.8857329,48.3078218],[37.8942195,48.2884955],[37.9050019,48.2893771],[37.9093122,48.2646483],[37.9270658,48.2544001],[37.8883481,48.2499995],[37.8938815,48.231257],[37.9372662,48.229029],[37.9341249,48.2165769],[37.921409,48.2125863],[37.9584986,48.2087595],[37.9535526,48.1969036],[38.0018685,48.1952276],[38.0099136,48.1803847],[38.0008039,48.1746168],[38.0146971,48.1663818]]]]}},{"type":"Feature","properties":{"oblast":"donetska","name":"Донецький район","match":"донецький"},"geometry":{"type":"MultiPolygon","coordinates":[[[[38.2482,48.1275928],[38.2558871,48.1022746],[38.2292393,48.0999187],[38.2280372,48.0893027],[38.1800921,48.0922915],[38.2009649,48.1151964],[38.1937873,48.1227814],[38.2258344,48.1246721],[38.2246981,48.133248],[38.1584389,48.1583498],[38.1466053,48.1760042],[38.1514331,48.1867025],[38.0566814,48.1428268],[38.042463,48.1438556],[38.0374152,48.1660202],[38.0252072,48.1584],[38.0008039,48.1746168],[38.0099136,48.1803847],[38.0011514,48.195675],[37.9525508,48.1979638],[37.9330444,48.1853346],[37.9346055,48.1735198],[37.8973871,48.1655487],[37.8986773,48.1458715],[37.8760636,48.1360793],[37.8692642,48.150163],[37.8375558,48.14231],[37.8252036,48.1567018],[37.8283614,48.1824333],[37.8141394,48.185492],[37.7897099,48.1721479],[37.7932021,48.1628097],[37.7768648,48.1507159],[37.7806842,48.1414634],[37.8004441,48.1422527],[37.8078818,48.1199273],[37.7993202,48.1118369],[37.7548921,48.1141148],[37.6930511,48.1025917],[37.7058935,48.0776202],[37.6819497,48.0738679],[37.6981397,48.0729322],[37.7076021,48.057834],[37.6572594,48.0339917],[37.659457,48.0210484],[37.6759547,48.0162342],[37.6709712,48.0115858],[37.681016,48.0046896],[37.6638526,47.9953821],[37.6254648,48.0035626],[37.6151383,48.056398],[37.5408867,48.0506186],[37.5496656,48.0047865],[37.5404978,48.0075107],[37.5444353,47.9832004],[37.5616658,47.9777171],[37.5254345,47.9415498],[37.5525999,47.932407],[37.5413963,47.9157866],[37.5470746,47.8667515],[37.6033987,47.8643664],[37.5937329,47.8872393],[37.6235729,47.8929541],[37.6096276,47.9237567],[37.6577159,47.9206698],[37.6598306,47.9096876],[37.6782251,47.9096644],[37.692336,47.8890066],[37.7191342,47.9015669],[37.7829227,47.9033354],[37.7957695,47.8840955],[37.8142346,47.8812668],[37.8223318,47.8847915],[37.8105498,47.9027788],[37.8524624,47.9070961],[37.8799677,47.886679],[37.9063353,47.8860645],[37.9149818,47.872093],[37.8975013,47.8668808],[37.9203363,47.8307278],[37.9336668,47.8355095],[37.9215154,47.8406777],[37.9391444,47.8569821],[37.96531,47.8616386],[37.9888102,47.8470771],[38.003917,47.8513887],[38.0009611,47.8366126],[38.0252791,47.8290702],[38.0294349,47.8137235],[38.0954353,47.8188832],[38.0889567,47.8386727],[38.1310876,47.8297936],[38.1259435,47.8197599],[38.1437072,47.8059852],[38.1837122,47.8358428],[38.206822,47.8110712],[38.2248877,47.8061853],[38.2565144,47.8145957],[38.2189223,47.7673987],[38.189294,47.7762188],[38.1679882,47.7613561],[38.1907479,47.7605741],[38.1896073,47.7304452],[38.2086031,47.7301616],[38.2367544,47.7118339],[38.222074,47.7002134],[38.2456096,47.7088339],[38.2826653,47.6873414],[38.3173401,47.7026843],[38.3273219,47.6538812],[38.3394736,47.6540421],[38.3472369,47.6367377],[38.3393729,47.6308503],[38.3579999,47.6266024],[38.3570507,47.6167755],[38.4566452,47.617016],[38.4566981,47.6441856],[38.6164573,47.6445642],[38.6297214,47.6535941],[38.6296731,47.6691914],[38.6657153,47.6695518],[38.665832,47.6987997],[38.7342956,47.6999162],[38.7360884,47.6801631],[38.7726054,47.6850793],[38.7712696,47.7267909],[38.7892699,47.7370938],[38.796469,47.7734491],[38.7838277,47.7880392],[38.7893209,47.8156041],[38.8288513,47.8154709],[38.8259947,47.8451077],[38.8427424,47.8514761],[38.8429569,47.8684365],[38.7759669,47.878974],[38.7761435,47.8707589],[38.7491488,47.8655529],[38.735199,47.9139527],[38.7098086,47.9210152],[38.6738697,47.9104959],[38.6425893,47.9299154],[38.6054405,47.9168487],[38.5963685,47.9591081],[38.5575718,47.960061],[38.5577239,47.9301099],[38.5230203,47.9357633],[38.5185759,47.9575453],[38.505569,47.9493744],[38.4936632,47.9559794],[38.4545933,47.9364484],[38.390966,47.9578454],[38.394635,47.9644865],[38.3640963,47.9875896],[38.357767,48.0308744],[38.3391306,48.0268768],[38.3349111,48.0428654],[38.3194394,48.0480372],[38.3243124,48.0740012],[38.3416884,48.0754549],[38.3374616,48.0912347],[38.3101112,48.0907364],[38.3173218,48.0955525],[38.3124748,48.1073683],[38.2930703,48.1055489],[38.3026488,48.1097383],[38.2985072,48.1158032],[38.3120559,48.1162293],[38.3016575,48.1285886],[38.2773407,48.1294675],[38.2747034,48.1218393],[38.2482,48.1275928]]]]}},{"type":"Feature","properties":{"oblast":"donetska","name":"Кальміуський район","match":"кальміуський"},"geometry":{"type":"MultiPolygon","coordinates":[[[[38.2925417,47.5069454],[38.28686,47.4842921],[38.3021741,47.4751068],[38.3026314,47.391622],[38.2867996,47.3914995],[38.2869995,47.3735789],[38.2572623,47.373347],[38.2446595,47.3636875],[38.2455754,47.3502053],[38.2222496,47.3332214],[38.2209729,47.3054159],[38.3362596,47.3062526],[38.3226031,47.2814963],[38.3337182,47.2694874],[38.3245384,47.2566305],[38.2880972,47.2564048],[38.288419,47.2387097],[38.2332252,47.2296195],[38.2427672,47.2171625],[38.2339078,47.2038005],[38.2298973,47.1194632],[38.0863598,47.0222559],[38.132596,47.0572317],[38.1173447,47.0846125],[38.0882155,47.1065102],[38.0589231,47.1102004],[38.0351897,47.0893118],[37.9752804,47.0947268],[37.9835863,47.0863292],[37.8984915,47.1111272],[37.8163139,47.1063817],[37.7863759,47.1414932],[37.8382007,47.1446085],[37.8395158,47.1629914],[37.8805048,47.1569644],[37.8847752,47.1977497],[37.8830239,47.2103566],[37.8403783,47.2138033],[37.8631637,47.2713349],[37.79453,47.2813874],[37.8029531,47.302398],[37.8369194,47.3042472],[37.8270171,47.3197189],[37.8328344,47.3417737],[37.863609,47.3454172],[37.8631582,47.3525627],[37.8390724,47.3557395],[37.8538864,47.364927],[37.8408451,47.3776787],[37.8598093,47.3895312],[37.8591265,47.4100242],[37.9642704,47.4206902],[37.9636102,47.4491802],[37.8900261,47.4502078],[37.8764287,47.4567544],[37.8910884,47.4685492],[37.8875265,47.4871738],[37.8414094,47.4940887],[37.8403655,47.5401166],[37.8242625,47.539904],[37.8243984,47.5654306],[37.8473276,47.565644],[37.846979,47.5795919],[37.8242129,47.5797608],[37.8238765,47.5939339],[37.816389,47.5946642],[37.8225139,47.6388452],[37.7833691,47.6603293],[37.7632955,47.6521758],[37.7581027,47.6672081],[37.7780193,47.6634234],[37.6913986,47.7120629],[37.6638318,47.68837],[37.6466082,47.7061447],[37.6067492,47.6985741],[37.6140653,47.7526125],[37.6050813,47.7751103],[37.590949,47.7739287],[37.6086966,47.7918604],[37.6058797,47.8107457],[37.5865794,47.802556],[37.5483631,47.8150651],[37.5099796,47.8125277],[37.5091428,47.8240581],[37.5308847,47.8236979],[37.5348195,47.8421482],[37.5437164,47.8389761],[37.5444084,47.8668829],[37.6033987,47.8643664],[37.5937329,47.8872393],[37.6235729,47.8929541],[37.6096276,47.9237567],[37.6577159,47.9206698],[37.6598306,47.9096876],[37.6782251,47.9096644],[37.692336,47.8890066],[37.7191342,47.9015669],[37.7829227,47.9033354],[37.7957695,47.8840955],[37.8142346,47.8812668],[37.8223318,47.8847915],[37.8105498,47.9027788],[37.8576388,47.9062174],[37.8799677,47.886679],[37.9063353,47.8860645],[37.9149818,47.872093],[37.8975013,47.8668808],[37.9203363,47.8307278],[37.9336668,47.8355095],[37.9215154,47.8406777],[37.9391444,47.8569821],[37.96531,47.8616386],[37.9888102,47.8470771],[38.003917,47.8513887],[38.0009611,47.8366126],[38.0252791,47.8290702],[38.0294349,47.8137235],[38.0954353,47.8188832],[38.0889567,47.8386727],[38.1310876,47.8297936],[38.1259435,47.8197599],[38.1437072,47.8059852],[38.1837122,47.8358428],[38.206822,47.8110712],[38.2248877,47.8061853],[38.2565144,47.8145957],[38.2189223,47.7673987],[38.189294,47.7762188],[38.1679882,47.7613561],[38.1907479,47.7605741],[38.1896073,47.7304452],[38.2086031,47.7301616],[38.2367544,47.7118339],[38.222074,47.7002134],[38.2456096,47.7088339],[38.2826653,47.6873414],[38.3173401,47.7026843],[38.3273219,47.6538812],[38.3394736,47.6540421],[38.3472369,47.6367377],[38.3393729,47.6308503],[38.3579999,47.6266024],[38.3509106,47.576239],[38.3110401,47.5760896],[38.3065115,47.544685],[38.2849449,47.5441513],[38.285142,47.5084786],[38.2925417,47.5069454]]]]}},{"type":"Feature","properties":{"oblast":"zhytomyrska","name":"Коростенський район","match":"коростенський"},"geometry":{"type":"MultiPolygon","coordinates":[[[[28.0019981,51.0564491],[27.95552,51.0575851],[27.9519069,51.0698459],[27.9285711,51.0487019],[27.8029229,51.0544501],[27.7548808,51.0480199],[27.7637012,51.0354057],[27.7495078,51.0296239],[27.7735616,51.0118267],[27.7497136,50.9964561],[27.7089938,50.9963281],[27.7034084,51.007771],[27.6605837,51.0134059],[27.6665148,51.038275],[27.6251225,51.0774225],[27.5834392,51.0826315],[27.5862353,51.0565405],[27.571439,51.0567825],[27.5770423,51.0680995],[27.5490558,51.0780467],[27.4704162,51.0514017],[27.4798139,51.044405],[27.4537327,51.0105626],[27.3930878,50.9953173],[27.3889984,50.9853356],[27.3530495,51.0121009],[27.383168,51.0015881],[27.4235648,51.019733],[27.4186724,51.0294691],[27.4459451,51.0444126],[27.4319409,51.0679795],[27.3588793,51.0590647],[27.3601918,51.076758],[27.3334329,51.083038],[27.3667288,51.097669],[27.3639876,51.1429508],[27.3802927,51.1477346],[27.3739561,51.1547835],[27.3981321,51.1702169],[27.406105,51.1878292],[27.4006855,51.2007864],[27.4738669,51.2372421],[27.4692535,51.2477199],[27.4470985,51.2547709],[27.4613115,51.2642209],[27.4407671,51.3105868],[27.4897397,51.3154648],[27.5223281,51.3418401],[27.5259528,51.3663968],[27.494563,51.3746501],[27.4921086,51.4080421],[27.5036287,51.4519778],[27.5345305,51.4529807],[27.5266609,51.4431047],[27.5375721,51.4284073],[27.5843579,51.4017358],[27.6137924,51.4031012],[27.5990295,51.4301732],[27.5826949,51.4298321],[27.5788379,51.4785298],[27.6240599,51.4831234],[27.6484761,51.5018524],[27.6687992,51.4969216],[27.6688082,51.5178441],[27.7420182,51.4774141],[27.7636482,51.474494],[27.8068383,51.5331204],[27.8483987,51.5437988],[27.8247961,51.5768259],[27.8399908,51.6079708],[27.8290234,51.6121634],[27.8657877,51.6288507],[27.886515,51.6138627],[27.9221358,51.6064921],[27.9202579,51.5778883],[27.9749185,51.5940535],[27.9457882,51.5581841],[28.0494227,51.5667451],[28.0728007,51.5800874],[28.0815519,51.5739746],[28.117615,51.5835544],[28.1292803,51.6084913],[28.1527951,51.6065964],[28.1684928,51.6249746],[28.1707759,51.6445812],[28.2593843,51.6811359],[28.269646,51.6711764],[28.2561285,51.6196693],[28.281337,51.6235777],[28.3426513,51.5767948],[28.3545189,51.5572355],[28.352452,51.5399722],[28.3912814,51.5503843],[28.4674425,51.5931192],[28.554385,51.5820017],[28.5543316,51.5722168],[28.6478955,51.572694],[28.6601177,51.5623167],[28.6468234,51.5504497],[28.6512346,51.5233624],[28.6838178,51.4442642],[28.7158582,51.4485741],[28.7365781,51.4664115],[28.7336698,51.434556],[28.7529308,51.4145633],[28.7860779,51.4552938],[28.7616083,51.4873512],[28.8196328,51.5588208],[28.9125477,51.5902026],[28.9695212,51.5916213],[28.9825282,51.5732041],[28.9993779,51.5735218],[29.0629734,51.6207769],[29.0904069,51.6276636],[29.0938117,51.6431286],[29.1175363,51.661638],[29.1224475,51.6504278],[29.1674401,51.6530934],[29.1788461,51.6467122],[29.1586246,51.6391191],[29.1560365,51.6267134],[29.1887148,51.6278496],[29.1775305,51.6075963],[29.2043435,51.6074128],[29.202072,51.5819291],[29.2138482,51.5667386],[29.2521278,51.5671774],[29.2612282,51.527704],[29.2510082,51.4956141],[29.2713482,51.4769841],[29.2753882,51.4587841],[29.3091182,51.454234],[29.3261982,51.3776741],[29.3402782,51.3857441],[29.3592389,51.385459],[29.3593877,51.3759191],[29.3934342,51.3794092],[29.3964355,51.3275122],[29.3472407,51.3238489],[29.3671779,51.3059679],[29.3554059,51.2934792],[29.3680535,51.2894174],[29.3544641,51.2744186],[29.3100871,51.2757145],[29.2681747,51.2625448],[29.3174209,51.130432],[29.3291884,51.1266959],[29.3306014,51.157561],[29.3488983,51.1600001],[29.4274518,51.1239321],[29.4588561,51.089615],[29.5117379,51.060619],[29.4645617,51.018945],[29.4670969,50.9851534],[29.4761712,50.9788998],[29.4404774,50.9885436],[29.41378,50.983654],[29.4114766,50.9489313],[29.4354234,50.9455251],[29.4674832,50.9247398],[29.4713189,50.9036449],[29.5213186,50.8688505],[29.4974716,50.8372841],[29.529195,50.8238182],[29.5421762,50.8283871],[29.5473784,50.8139025],[29.5009086,50.818839],[29.4881867,50.8122172],[29.5214833,50.7926341],[29.5060408,50.7838908],[29.5070758,50.7746472],[29.4719593,50.7735966],[29.5022652,50.7652855],[29.5350364,50.7763668],[29.5702637,50.7715027],[29.5664402,50.7632114],[29.5814372,50.7490339],[29.5761622,50.732854],[29.5851253,50.7229429],[29.558084,50.6944678],[29.5359589,50.6954195],[29.4875543,50.7169947],[29.5038078,50.7385815],[29.4904635,50.731589],[29.4685897,50.7433454],[29.4848611,50.7187785],[29.4617324,50.7204862],[29.4617598,50.7346136],[29.4511609,50.7362524],[29.434795,50.7231392],[29.4113125,50.7256117],[29.4114852,50.7085289],[29.3770291,50.7037238],[29.3719076,50.6905545],[29.3330192,50.6782557],[29.2926103,50.6920745],[29.2883817,50.6863419],[29.3058925,50.6799835],[29.2805157,50.6568612],[29.2580212,50.6561607],[29.2454089,50.6424708],[29.2367155,50.6554928],[29.2060897,50.6603917],[29.1985706,50.6766955],[29.1716832,50.6832959],[29.112787,50.6604366],[29.044197,50.6573767],[29.0370089,50.6605609],[29.0440136,50.6678107],[29.0775843,50.6730959],[29.0480331,50.6743612],[29.0003898,50.7143604],[28.9558222,50.7167931],[28.9350517,50.7085766],[28.9109652,50.7263763],[28.8560241,50.7096769],[28.8562065,50.6985412],[28.8424472,50.6901063],[28.852735,50.6723075],[28.8430769,50.666621],[28.7617516,50.6936575],[28.7374558,50.6790112],[28.7388336,50.6549564],[28.7185467,50.6491491],[28.7169646,50.6695368],[28.6884358,50.6687507],[28.6874576,50.6817325],[28.7125151,50.6891818],[28.719082,50.7119747],[28.7369835,50.7195786],[28.6841519,50.7163665],[28.6792185,50.727213],[28.6706721,50.7208986],[28.702141,50.7544339],[28.6785997,50.7579614],[28.6465635,50.7553216],[28.654118,50.7469025],[28.612303,50.7352746],[28.5943313,50.7476134],[28.544104,50.7409098],[28.5268816,50.7610449],[28.4957948,50.7694892],[28.4838187,50.7438895],[28.4498271,50.7444495],[28.4397232,50.7546582],[28.4115754,50.7470279],[28.4099246,50.7588684],[28.2977824,50.7569023],[28.283108,50.7254763],[28.2895564,50.7184673],[28.2808094,50.7163441],[28.2401722,50.7287248],[28.2415614,50.7374459],[28.2282814,50.7435163],[28.242265,50.7523814],[28.1662876,50.7841021],[28.174809,50.7970761],[28.1493713,50.8036173],[28.1520632,50.8186271],[28.1306864,50.8579131],[28.1126975,50.8641126],[28.1167472,50.877075],[28.1708674,50.9229962],[28.1403748,50.9648462],[28.1571311,50.9669319],[28.1061012,50.9872674],[28.1313446,51.0139106],[28.1230399,51.0185615],[28.1271617,51.0273676],[28.0516981,51.0298911],[28.0298306,51.0388683],[28.0285115,51.050854],[28.0019981,51.0564491]]],[[[27.4583048,50.9908636],[27.4919557,50.9944865],[27.462886,51.0015155],[27.452479,50.9976804],[27.4583048,50.9908636]]]]}},{"type":"Feature","properties":{"oblast":"zhytomyrska","name":"Житомирський район","match":"житомирський"},"geometry":{"type":"MultiPolygon","coordinates":[[[[29.5798436,50.7400339],[29.584183,50.7204484],[29.558084,50.6944678],[29.4875543,50.7169947],[29.5038078,50.7385815],[29.4904635,50.731589],[29.4685897,50.7433454],[29.4848611,50.7187785],[29.4617324,50.7204862],[29.4617598,50.7346136],[29.4511609,50.7362524],[29.434795,50.7231392],[29.4113125,50.7256117],[29.4114852,50.7085289],[29.3770291,50.7037238],[29.3719076,50.6905545],[29.3330192,50.6782557],[29.2926103,50.6920745],[29.2883817,50.6863419],[29.3058925,50.6799835],[29.2805157,50.6568612],[29.2580212,50.6561607],[29.2454089,50.6424708],[29.2367155,50.6554928],[29.2060897,50.6603917],[29.1985706,50.6766955],[29.1716832,50.6832959],[29.112787,50.6604366],[29.044197,50.6573767],[29.0370089,50.6605609],[29.0440136,50.6678107],[29.0775843,50.6730959],[29.0480331,50.6743612],[29.0003898,50.7143604],[28.9558222,50.7167931],[28.9350517,50.7085766],[28.9109652,50.7263763],[28.8560241,50.7096769],[28.8562065,50.6985412],[28.8424472,50.6901063],[28.852735,50.6723075],[28.8430769,50.666621],[28.7617516,50.6936575],[28.7374558,50.6790112],[28.7388336,50.6549564],[28.7185467,50.6491491],[28.7169646,50.6695368],[28.6884358,50.6687507],[28.6874576,50.6817325],[28.7125151,50.6891818],[28.719082,50.7119747],[28.7369835,50.7195786],[28.6684335,50.7230599],[28.702141,50.7544339],[28.6465635,50.7553216],[28.654118,50.7469025],[28.612303,50.7352746],[28.5943313,50.7476134],[28.544104,50.7409098],[28.5268816,50.7610449],[28.4957948,50.7694892],[28.4838187,50.7438895],[28.4498271,50.7444495],[28.4397232,50.7546582],[28.4115754,50.7470279],[28.4099246,50.7588684],[28.2977824,50.7569023],[28.283108,50.7254763],[28.2895564,50.7184673],[28.2623206,50.7237669],[28.2608121,50.7116462],[28.2414278,50.7094661],[28.2816083,50.6784224],[28.2399367,50.6330034],[28.1006059,50.5862303],[28.0430155,50.5942949],[28.0550472,50.5628737],[28.0424333,50.5498725],[28.0173816,50.5449652],[28.0125053,50.5319942],[27.9954821,50.5386684],[27.9880177,50.5289108],[27.9963745,50.5204313],[27.9378136,50.5115986],[27.9466788,50.508989],[27.92719,50.4787216],[27.9392898,50.47559],[27.9357204,50.456328],[27.9456972,50.4360404],[27.929406,50.4290126],[27.9441682,50.4237164],[27.955329,50.4053925],[27.9229594,50.4040371],[28.0458677,50.3855155],[28.0340905,50.3582247],[28.0665853,50.3407816],[28.0614351,50.3362238],[28.0255386,50.3343419],[28.0156771,50.3213808],[27.9832732,50.330062],[27.9673935,50.2925562],[27.9715373,50.2825529],[27.9055391,50.2897747],[27.9003543,50.2776547],[27.8669741,50.2681948],[27.8615725,50.2268897],[27.8615538,50.2411319],[27.8020753,50.2484289],[27.8029879,50.2548083],[27.7476855,50.2489908],[27.750177,50.2408268],[27.7738826,50.2430523],[27.7783422,50.2262616],[27.7179507,50.2285783],[27.7131195,50.2133366],[27.6900619,50.2160029],[27.6953382,50.2376491],[27.6657996,50.2322367],[27.6828064,50.2133813],[27.6629287,50.22256],[27.651735,50.2073324],[27.6611354,50.2010406],[27.6514763,50.1989897],[27.665003,50.1933799],[27.6616678,50.1716722],[27.6776765,50.1578509],[27.6314297,50.1462539],[27.6258873,50.1224528],[27.6391136,50.1150537],[27.6244166,50.1124637],[27.6305616,50.1034272],[27.6154447,50.0861911],[27.6686525,50.077496],[27.6813821,50.0345661],[27.6580343,50.0257508],[27.6420187,50.0367497],[27.6116882,50.005711],[27.5712753,50.0196607],[27.546477,50.0115817],[27.5756258,49.9486026],[27.5477154,49.9348233],[27.546772,49.903453],[27.5637229,49.9017823],[27.5697891,49.9097487],[27.5957866,49.8901687],[27.6253697,49.8923954],[27.6099979,49.875646],[27.6448695,49.8073572],[27.6622613,49.7944524],[27.6680612,49.8078243],[27.716497,49.8061699],[27.727053,49.7995454],[27.7036566,49.7689962],[27.7520475,49.7556912],[27.7808067,49.7285215],[27.8062249,49.7273501],[27.8174021,49.7429184],[27.835757,49.7448995],[27.8358037,49.7558549],[27.8884949,49.756765],[27.9244914,49.7715347],[27.8843147,49.7857069],[27.8796331,49.8017464],[27.8877645,49.8266128],[27.8738352,49.8337476],[27.8966246,49.8683531],[27.9275067,49.87971],[27.9314787,49.8937169],[27.9689307,49.90265],[27.9650365,49.9200607],[27.9959173,49.9177461],[28.0196507,49.903021],[28.0682553,49.902648],[28.0684828,49.8919019],[28.0822003,49.8864685],[28.0717683,49.8813265],[28.0823979,49.8743351],[28.0865331,49.8504946],[28.1319363,49.8565262],[28.1249452,49.8430607],[28.1317338,49.8430291],[28.1421891,49.8475383],[28.1342064,49.8577474],[28.1455893,49.8701676],[28.1828778,49.8862963],[28.2179119,49.8879355],[28.2253105,49.9015639],[28.2457898,49.9023517],[28.2746646,49.9238858],[28.2832178,49.9136082],[28.2859742,49.9201691],[28.342903,49.9053673],[28.3857919,49.9460185],[28.3841436,49.9853578],[28.4192748,50.0122546],[28.4269229,50.0287316],[28.4644861,50.0313315],[28.464836,50.0488013],[28.5195753,50.0508227],[28.5940989,50.0358491],[28.6152108,50.0480314],[28.6412517,50.0440873],[28.6396637,50.0379154],[28.6793729,50.0623719],[28.7151513,50.0608401],[28.7698236,50.0383455],[28.7795147,50.0704149],[28.8084948,50.0769199],[28.8184808,50.0897422],[28.835867,50.0822694],[28.8719074,50.0902762],[28.8724792,50.0979499],[28.8561572,50.104786],[28.942099,50.1534355],[28.9620125,50.1485084],[28.9382357,50.1178869],[28.9488021,50.0990289],[28.9299831,50.0927933],[28.9374748,50.083949],[28.9236793,50.0549765],[28.9569623,50.0500048],[29.0145058,50.0801428],[29.0634372,50.0630072],[29.0778813,50.0752803],[29.0968816,50.0614838],[29.1086969,50.0702996],[29.1219235,50.0637517],[29.1402814,50.0874344],[29.164327,50.0903342],[29.1626054,50.1428029],[29.1991464,50.1477027],[29.1914069,50.1353844],[29.2190019,50.136635],[29.2349414,50.1237874],[29.22213,50.1104253],[29.2707246,50.0990375],[29.2730702,50.0717731],[29.2505777,50.0542237],[29.2771593,50.0501052],[29.3007353,50.0243857],[29.2692011,50.0122735],[29.2826202,49.9867932],[29.2789716,49.9641981],[29.2128072,49.9665145],[29.220667,49.9625006],[29.2107541,49.9431409],[29.2348163,49.9313492],[29.2483434,49.8922651],[29.2355169,49.8818301],[29.2508475,49.8816813],[29.2494025,49.8621591],[29.2962045,49.859335],[29.3085541,49.8333299],[29.3224158,49.8322108],[29.3311551,49.8426675],[29.3194514,49.8487734],[29.3313522,49.8527239],[29.3275482,49.8590648],[29.3647214,49.8584895],[29.3969725,49.8306927],[29.38484,49.8238104],[29.4097466,49.8090996],[29.4296112,49.8177371],[29.4487183,49.8025101],[29.4700061,49.8144242],[29.4876454,49.8063785],[29.4975512,49.8159994],[29.490665,49.8253514],[29.5090815,49.8350422],[29.5418946,49.8189979],[29.5468977,49.8354713],[29.5929383,49.8414512],[29.6037997,49.8557671],[29.6208032,49.8522814],[29.6404752,49.8696516],[29.6655614,49.8732465],[29.6324976,49.8771286],[29.627186,49.8863787],[29.665875,49.9112778],[29.728047,49.9327959],[29.7254035,49.9417649],[29.7352238,49.9443586],[29.7211615,49.9594433],[29.7309648,49.9657111],[29.7146213,49.9668066],[29.7171313,49.9793257],[29.6906253,49.9979564],[29.6979508,50.0058726],[29.6715101,50.0322104],[29.6952236,50.0438828],[29.6970534,50.0685208],[29.6469242,50.1065546],[29.6699515,50.1137496],[29.6557451,50.1180738],[29.6591354,50.1276466],[29.6921189,50.1522501],[29.6431484,50.1798054],[29.6856272,50.2262533],[29.703561,50.2300379],[29.6655592,50.2649714],[29.6736799,50.2674243],[29.666215,50.2745823],[29.6886841,50.277236],[29.6755439,50.297601],[29.6820533,50.3116333],[29.6908808,50.3096448],[29.6924045,50.3232406],[29.6259877,50.3300803],[29.6116258,50.3414701],[29.6418163,50.358275],[29.6376309,50.3725749],[29.6174937,50.3649006],[29.5889815,50.3747518],[29.5903771,50.4003375],[29.5602398,50.4225009],[29.4802885,50.4131377],[29.4818114,50.4040167],[29.454759,50.4014455],[29.4425755,50.4154229],[29.4815295,50.4190046],[29.4985012,50.440241],[29.4975412,50.4506092],[29.4467841,50.4527614],[29.4571438,50.4711127],[29.4835292,50.459305],[29.5108425,50.4707502],[29.5025369,50.4838911],[29.5070711,50.49988],[29.4602177,50.5172533],[29.4670066,50.527508],[29.4581371,50.5394687],[29.4857659,50.5366177],[29.5024022,50.5473408],[29.4983402,50.5898195],[29.4447373,50.6210648],[29.4722914,50.6282155],[29.4635764,50.6332494],[29.4851073,50.6468021],[29.4767962,50.6532357],[29.4860114,50.6626495],[29.5217251,50.6615404],[29.5421929,50.6896876],[29.5767161,50.6993662],[29.5976293,50.7291076],[29.5798436,50.7400339]]]]}},{"type":"Feature","properties":{"oblast":"zhytomyrska","name":"Бердичівський район","match":"бердичівський"},"geometry":{"type":"MultiPolygon","coordinates":[[[[29.1171118,49.5840742],[29.1507524,49.5930193],[29.2129954,49.5876265],[29.2415363,49.6034981],[29.2525343,49.5901193],[29.2757057,49.5900906],[29.2757808,49.6271199],[29.3277593,49.6280498],[29.3399577,49.6142667],[29.3543373,49.6277913],[29.3799712,49.6198319],[29.4099221,49.6592075],[29.5052255,49.6491931],[29.5134814,49.6628506],[29.4889911,49.6689197],[29.4907462,49.7078007],[29.4980338,49.7135546],[29.4453545,49.7134413],[29.4351659,49.7293503],[29.462044,49.7619157],[29.4304236,49.8171391],[29.4097466,49.8090996],[29.38484,49.8238104],[29.3969725,49.8306927],[29.3647214,49.8584895],[29.3280843,49.8593295],[29.3313522,49.8527239],[29.3194514,49.8487734],[29.3303746,49.8415775],[29.3085541,49.8333299],[29.2962045,49.859335],[29.2494025,49.8621591],[29.2508475,49.8816813],[29.2355169,49.8818301],[29.2483434,49.8922651],[29.2348163,49.9313492],[29.2107541,49.9431409],[29.220667,49.9625006],[29.2128072,49.9665145],[29.2789716,49.9641981],[29.2826202,49.9867932],[29.2692011,50.0122735],[29.3007353,50.0243857],[29.2771593,50.0501052],[29.2505777,50.0542237],[29.2730702,50.0717731],[29.2707246,50.0990375],[29.22213,50.1104253],[29.2349414,50.1237874],[29.2190019,50.136635],[29.1914069,50.1353844],[29.1991464,50.1477027],[29.1626054,50.1428029],[29.164327,50.0903342],[29.1402814,50.0874344],[29.1219235,50.0637517],[29.1086969,50.0702996],[29.0968816,50.0614838],[29.0778813,50.0752803],[29.0634372,50.0630072],[29.0145058,50.0801428],[28.9569623,50.0500048],[28.9236793,50.0549765],[28.9374748,50.083949],[28.9299831,50.0927933],[28.9488021,50.0990289],[28.9382357,50.1178869],[28.9620125,50.1485084],[28.942099,50.1534355],[28.8561572,50.104786],[28.8724792,50.0979499],[28.8719074,50.0902762],[28.835867,50.0822694],[28.8184808,50.0897422],[28.8084948,50.0769199],[28.7795147,50.0704149],[28.7698236,50.0383455],[28.7151513,50.0608401],[28.6793729,50.0623719],[28.6396637,50.0379154],[28.6412517,50.0440873],[28.6152108,50.0480314],[28.5940989,50.0358491],[28.5195753,50.0508227],[28.464836,50.0488013],[28.4644861,50.0313315],[28.4269229,50.0287316],[28.4192748,50.0122546],[28.3841436,49.9853578],[28.3857919,49.9460185],[28.342903,49.9053673],[28.2859742,49.9201691],[28.2832178,49.9136082],[28.2746646,49.9238858],[28.2457898,49.9023517],[28.2253105,49.9015639],[28.2179119,49.8879355],[28.1828778,49.8862963],[28.1455893,49.8701676],[28.1342064,49.8577474],[28.1421891,49.8475383],[28.1254495,49.8427376],[28.1319363,49.8565262],[28.0865331,49.8504946],[28.0823979,49.8743351],[28.0717683,49.8813265],[28.0822003,49.8864685],[28.0684828,49.8919019],[28.0682553,49.902648],[28.0196507,49.903021],[27.9959173,49.9177461],[27.9650365,49.9200607],[27.9689307,49.90265],[27.9314787,49.8937169],[27.9275067,49.87971],[27.8966246,49.8683531],[27.8738352,49.8337476],[27.8877645,49.8266128],[27.8796331,49.8017464],[27.8843147,49.7857069],[27.9267177,49.7752755],[27.9188396,49.7669476],[27.9803703,49.7801209],[28.0421653,49.7704903],[28.1096666,49.7736331],[28.1541745,49.7890948],[28.2261284,49.7851912],[28.2282347,49.7949607],[28.2447995,49.7975765],[28.2493898,49.8150445],[28.2618132,49.8100458],[28.2626483,49.7995359],[28.297482,49.8014065],[28.3790964,49.7803565],[28.406665,49.7919769],[28.421866,49.8249026],[28.4694868,49.8227535],[28.4819698,49.8071598],[28.528529,49.8204857],[28.5698352,49.7740313],[28.6011352,49.7818806],[28.6022153,49.8101529],[28.6397755,49.8092951],[28.6363941,49.8173172],[28.6900831,49.7994223],[28.6875229,49.8049405],[28.7063002,49.8095414],[28.7339902,49.7982339],[28.7461337,49.8175979],[28.7589755,49.8183008],[28.7502605,49.8227639],[28.7507105,49.8444329],[28.7848203,49.8426035],[28.7839097,49.8515749],[28.8439089,49.8599461],[28.8572808,49.8885749],[28.8807905,49.8883196],[28.8987358,49.8817681],[28.8955011,49.8731831],[28.9100809,49.8665214],[28.9031332,49.8632904],[28.9537469,49.8399143],[28.9444017,49.8195432],[28.9608282,49.8208747],[28.9702209,49.803634],[28.9421847,49.7838344],[28.965803,49.7764963],[28.9640647,49.7549733],[29.002173,49.7385919],[29.0047973,49.7265993],[28.9956572,49.7275418],[28.9760564,49.6981745],[28.9644689,49.6995184],[28.9457578,49.6791227],[28.9636986,49.6725719],[28.9823718,49.6447502],[29.0100966,49.6325611],[28.9851159,49.6032072],[29.0267814,49.5904308],[29.1050655,49.5933369],[29.1171118,49.5840742]]]]}},{"type":"Feature","properties":{"oblast":"zhytomyrska","name":"Звягельський район","match":"звягельський"},"geometry":{"type":"MultiPolygon","coordinates":[[[[28.0019981,51.0564491],[27.95552,51.0575851],[27.9519069,51.0698459],[27.9285711,51.0487019],[27.8029229,51.0544501],[27.7548808,51.0480199],[27.7637012,51.0354057],[27.7495078,51.0296239],[27.7735616,51.0118267],[27.7497136,50.9964561],[27.7038851,50.9972533],[27.7034084,51.007771],[27.6605837,51.0134059],[27.6665148,51.038275],[27.656385,51.0528416],[27.6251225,51.0774225],[27.5834392,51.0826315],[27.5862353,51.0565405],[27.571439,51.0567825],[27.5770423,51.0680995],[27.5490558,51.0780467],[27.4704162,51.0514017],[27.4798139,51.044405],[27.4537327,51.0105626],[27.3930878,50.9953173],[27.3889984,50.9853356],[27.3530495,51.0121009],[27.383168,51.0015881],[27.4235648,51.019733],[27.4186724,51.0294691],[27.4459451,51.0444126],[27.4319409,51.0679795],[27.3588793,51.0590647],[27.3601918,51.076758],[27.3337076,51.0828007],[27.3236257,51.0804325],[27.3174405,51.0525097],[27.3258447,51.0422538],[27.2200012,51.0301236],[27.2286768,51.021896],[27.2262937,51.0079477],[27.1998969,51.0001324],[27.2387239,50.9368504],[27.2203981,50.9308476],[27.2167638,50.9199379],[27.2568459,50.8959659],[27.2437349,50.8697725],[27.2490734,50.85764],[27.2320444,50.8391985],[27.2417403,50.8256221],[27.2337043,50.7954566],[27.2436352,50.7928439],[27.2424293,50.7700573],[27.2715396,50.7612883],[27.2625732,50.7456074],[27.2753727,50.7210508],[27.2446065,50.6730678],[27.2013786,50.6632596],[27.2135934,50.6573731],[27.2075021,50.643637],[27.2138026,50.6397043],[27.1864173,50.625364],[27.2245663,50.6053579],[27.215192,50.5883184],[27.2308727,50.567107],[27.1967227,50.5624765],[27.1963375,50.5526251],[27.2074024,50.5318219],[27.2589358,50.5131082],[27.2677959,50.4917841],[27.3013301,50.493127],[27.2913586,50.4581493],[27.2590269,50.4244458],[27.2483691,50.3927607],[27.3212009,50.3677737],[27.3155756,50.3317396],[27.3636736,50.3330485],[27.4165743,50.3074602],[27.4180195,50.2960636],[27.3954724,50.2875086],[27.4221672,50.2715528],[27.4447371,50.2754372],[27.4426361,50.2611654],[27.4809931,50.2572024],[27.4894016,50.2393098],[27.5209864,50.2254569],[27.5431398,50.2458712],[27.5974589,50.2585407],[27.6021156,50.2426654],[27.5929794,50.2156565],[27.6077542,50.2145289],[27.6077745,50.196307],[27.6227956,50.1994889],[27.6213184,50.1696167],[27.6420681,50.1723149],[27.6365073,50.1882706],[27.6570999,50.1929087],[27.6514763,50.1989897],[27.6615225,50.2022605],[27.651735,50.2073324],[27.6629287,50.22256],[27.6828064,50.2133813],[27.6657996,50.2322367],[27.6953382,50.2376491],[27.6900619,50.2160029],[27.7131195,50.2133366],[27.7179507,50.2285783],[27.7783422,50.2262616],[27.7738826,50.2430523],[27.750177,50.2408268],[27.7476855,50.2489908],[27.8029879,50.2548083],[27.8020753,50.2484289],[27.8615538,50.2411319],[27.8615725,50.2268897],[27.8669741,50.2681948],[27.9003543,50.2776547],[27.9055391,50.2897747],[27.9715373,50.2825529],[27.9673935,50.2925562],[27.9832732,50.330062],[28.0156771,50.3213808],[28.0255386,50.3343419],[28.0614351,50.3362238],[28.0665853,50.3407816],[28.0340905,50.3582247],[28.0458677,50.3855155],[27.9229594,50.4040371],[27.955329,50.4053925],[27.9441682,50.4237164],[27.929406,50.4290126],[27.9456972,50.4360404],[27.9357204,50.456328],[27.9392898,50.47559],[27.92719,50.4787216],[27.9466788,50.508989],[27.9378136,50.5115986],[27.9963745,50.5204313],[27.9880177,50.5289108],[27.9954821,50.5386684],[28.0125053,50.5319942],[28.0173816,50.5449652],[28.0424333,50.5498725],[28.0550472,50.5628737],[28.0430155,50.5942949],[28.095277,50.5855206],[28.1323205,50.6030344],[28.1790069,50.6102944],[28.2399367,50.6330034],[28.2816053,50.6804857],[28.2414278,50.7094661],[28.2608121,50.7116462],[28.2622261,50.7212795],[28.2433526,50.7262384],[28.2415614,50.7374459],[28.2282814,50.7435163],[28.242265,50.7523814],[28.1662876,50.7841021],[28.174809,50.7970761],[28.1493713,50.8036173],[28.1520632,50.8186271],[28.1306864,50.8579131],[28.1126975,50.8641126],[28.1167472,50.877075],[28.1708674,50.9229962],[28.1403748,50.9648462],[28.1571311,50.9669319],[28.1061012,50.9872674],[28.1313446,51.0139106],[28.1230399,51.0185615],[28.1271617,51.0273676],[28.0516981,51.0298911],[28.0298306,51.0388683],[28.0285115,51.050854],[28.0019981,51.0564491]]]]}},{"type":"Feature","properties":{"oblast":"zakarpatska","name":"Тячівський район","match":"тячівський"},"geometry":{"type":"MultiPolygon","coordinates":[[[[23.6243433,48.0036525],[23.5404181,48.010493],[23.524999,48.0247227],[23.472835,48.0364003],[23.4406078,48.0573615],[23.4387535,48.0699015],[23.4629891,48.0899007],[23.4703552,48.1141801],[23.4978034,48.1240668],[23.5298867,48.1176783],[23.5485543,48.129407],[23.5539668,48.1399826],[23.5279008,48.1456747],[23.5103948,48.175942],[23.5272167,48.2078554],[23.5461091,48.2057903],[23.555433,48.2239233],[23.5745992,48.2227477],[23.5873497,48.254571],[23.5990685,48.2546948],[23.6254797,48.2796727],[23.6306611,48.3013223],[23.6840908,48.3167926],[23.6662546,48.3386828],[23.6950919,48.3480722],[23.7032007,48.372266],[23.7367192,48.3652889],[23.7351781,48.3729965],[23.7500864,48.3746705],[23.755754,48.3880983],[23.766777,48.3847695],[23.7917105,48.4001926],[23.8192057,48.4315435],[23.8072899,48.4476291],[23.8390555,48.4888075],[23.8389584,48.5051893],[23.8584623,48.5223948],[23.8601375,48.553035],[23.9067865,48.5629706],[23.9289158,48.5523017],[23.9142394,48.5333483],[23.9247926,48.5129991],[23.9100897,48.475909],[23.9630886,48.4578644],[23.9801883,48.4651866],[23.9732452,48.4769457],[24.0018086,48.5059885],[24.0318758,48.5007076],[24.0665431,48.5175913],[24.0770828,48.5125748],[24.0885965,48.5271554],[24.1118513,48.534068],[24.1316736,48.5300416],[24.1146162,48.4979251],[24.1400473,48.48091],[24.1261057,48.4691799],[24.1266282,48.4521025],[24.1454481,48.4345163],[24.1411604,48.4092635],[24.1522304,48.4017317],[24.1519099,48.3892835],[24.1817034,48.3748886],[24.1609891,48.3317754],[24.1448557,48.3198544],[24.165466,48.304687],[24.1475017,48.2754736],[24.1255852,48.2700377],[24.1229259,48.2595088],[24.116076,48.2672495],[24.1117161,48.2544609],[24.0880539,48.2726184],[24.078593,48.2729632],[24.0664359,48.2501632],[24.0608064,48.2627972],[24.0347819,48.2621218],[24.0372491,48.2342483],[24.0121717,48.1969317],[23.9950858,48.191571],[23.976677,48.2040296],[23.9650296,48.2005195],[23.9960206,48.1833222],[23.9627222,48.1609905],[23.9192596,48.1083021],[23.9410813,48.0774039],[23.940859,48.0526785],[23.8921513,48.0446628],[23.9237222,48.01359],[23.9333562,47.9859421],[23.9635302,47.9889038],[23.9645254,47.9765859],[23.9517024,47.967513],[23.9596011,47.966231],[23.9394605,47.9475006],[23.8831106,47.9438145],[23.8647133,47.9316846],[23.8450581,47.9422721],[23.8191132,47.9832191],[23.7511867,47.998354],[23.665664,47.9835135],[23.6243433,48.0036525]]]]}},{"type":"Feature","properties":{"oblast":"zakarpatska","name":"Рахівський район","match":"рахівський"},"geometry":{"type":"MultiPolygon","coordinates":[[[[24.4323886,47.9693009],[24.392279,47.9528154],[24.3816838,47.9265068],[24.3491371,47.9151885],[24.3249358,47.9260139],[24.2979597,47.9113621],[24.221271,47.896894],[24.19533,47.91687],[24.1126028,47.9147512],[24.0978567,47.9370423],[24.0619624,47.9536066],[24.0323093,47.9490832],[24.0078958,47.9675026],[23.9500427,47.9627909],[23.9596011,47.966231],[23.9517024,47.967513],[23.9645254,47.9765859],[23.9635302,47.9889038],[23.9333562,47.9859421],[23.9237222,48.01359],[23.8921513,48.0446628],[23.940859,48.0526785],[23.9410813,48.0774039],[23.9192596,48.1083021],[23.9627222,48.1609905],[23.9960206,48.1833222],[23.9684806,48.2043937],[23.9945853,48.1916112],[24.0167016,48.2000323],[24.0218508,48.2204261],[24.0372491,48.2342483],[24.0350569,48.2622576],[24.0608064,48.2627972],[24.0664359,48.2501632],[24.078593,48.2729632],[24.0880539,48.2726184],[24.1093626,48.2540242],[24.116076,48.2672495],[24.1229259,48.2595088],[24.1255852,48.2700377],[24.1475017,48.2754736],[24.165466,48.304687],[24.1450107,48.3203863],[24.1609891,48.3317754],[24.1783941,48.3667029],[24.2582251,48.3496805],[24.2890187,48.3806582],[24.2811714,48.3917117],[24.297691,48.3979959],[24.3502697,48.3813102],[24.3575496,48.3515885],[24.416855,48.3320195],[24.4453756,48.3025924],[24.488186,48.2798435],[24.4848472,48.2436001],[24.5214361,48.23622],[24.5455697,48.216027],[24.5295312,48.2114518],[24.5254103,48.195449],[24.5106724,48.186566],[24.5186308,48.1745361],[24.4999444,48.1601536],[24.5035529,48.152684],[24.523463,48.1442295],[24.5304986,48.1234515],[24.5543966,48.1179534],[24.5590386,48.1052515],[24.5981826,48.0886719],[24.6257687,48.0529575],[24.5745277,48.014288],[24.5646626,47.9714073],[24.552554,47.9585476],[24.5264376,47.9611798],[24.5042909,47.9520575],[24.4323886,47.9693009]]]]}},{"type":"Feature","properties":{"oblast":"zakarpatska","name":"Ужгородський район","match":"ужгородський"},"geometry":{"type":"MultiPolygon","coordinates":[[[[22.8861648,48.9258523],[22.8731228,48.941116],[22.8733405,48.9569382],[22.9190777,48.970365],[22.8980202,49.0050469],[22.847092,49.0023872],[22.8337495,49.0260768],[22.8131892,49.0251418],[22.8095073,49.034644],[22.7654949,49.0535296],[22.7549671,49.0429456],[22.7178584,49.0527767],[22.6801837,49.0393819],[22.6397195,49.059719],[22.6256698,49.0803221],[22.586069,49.0969687],[22.553237,49.079483],[22.551079,49.030161],[22.53799,49.021321],[22.545495,49.006765],[22.477309,48.991182],[22.475609,48.976279],[22.424921,48.929329],[22.431548,48.919252],[22.421124,48.884602],[22.383536,48.86504],[22.375913,48.834026],[22.387648,48.80004],[22.345697,48.766147],[22.342667,48.750679],[22.362227,48.74],[22.361795,48.7302],[22.339611,48.683893],[22.302546,48.676376],[22.250294,48.647399],[22.240504,48.627708],[22.189027,48.609864],[22.171379,48.587537],[22.1376897,48.432665],[22.142326,48.405255],[22.2073947,48.425715],[22.2344077,48.4107232],[22.2644269,48.4102639],[22.2568198,48.3936301],[22.2401744,48.386055],[22.2672826,48.3612219],[22.2979347,48.3547705],[22.3178163,48.3545435],[22.318838,48.3685899],[22.3454635,48.3772],[22.3420863,48.4060174],[22.3610801,48.4025838],[22.3559785,48.3886816],[22.3651387,48.3787915],[22.3815886,48.3790376],[22.393887,48.3923626],[22.4048459,48.3803761],[22.4179843,48.3905919],[22.4485405,48.3756511],[22.4819052,48.3737651],[22.4754506,48.3859411],[22.492418,48.3863091],[22.5025904,48.4039868],[22.4664914,48.4101283],[22.4658417,48.4209802],[22.4487188,48.4321691],[22.4313623,48.4309945],[22.4359548,48.4406746],[22.3618707,48.475136],[22.4021074,48.4903272],[22.4364391,48.4769101],[22.4722433,48.480543],[22.5098519,48.4959356],[22.5579491,48.4815681],[22.5577267,48.494973],[22.5831129,48.4992573],[22.5832503,48.5113436],[22.5547063,48.5309979],[22.549305,48.5596172],[22.559881,48.5548787],[22.5822194,48.5689982],[22.6280205,48.5772706],[22.6536208,48.6008106],[22.6536728,48.6183812],[22.6770366,48.650164],[22.7100068,48.6450968],[22.7279978,48.6314257],[22.7882632,48.6336828],[22.815935,48.6124717],[22.8521396,48.6162589],[22.8598534,48.6359514],[22.8478323,48.6387766],[22.8565576,48.6670514],[22.8486997,48.6827483],[22.8676325,48.7136795],[22.8620237,48.7278447],[22.8702185,48.7488459],[22.8961201,48.7639581],[22.8798102,48.7860917],[22.8876942,48.7928422],[22.8734451,48.8167201],[22.8820038,48.8279581],[22.8334369,48.8778144],[22.8602752,48.8989675],[22.8596199,48.9177194],[22.8861648,48.9258523]]]]}},{"type":"Feature","properties":{"oblast":"zakarpatska","name":"Берегівський район","match":"берегівський"},"geometry":{"type":"MultiPolygon","coordinates":[[[[23.0204403,48.281893],[23.033039,48.279223],[23.0270688,48.2981013],[22.9916624,48.3168901],[22.9927955,48.3332392],[22.9757195,48.3295467],[22.9719893,48.3403165],[22.9452889,48.3512137],[22.9225134,48.3430011],[22.9171748,48.3293219],[22.8951959,48.327866],[22.8958186,48.3206062],[22.9072126,48.3240488],[22.8919009,48.3133759],[22.8983707,48.2814334],[22.8737838,48.2873631],[22.8763094,48.3005365],[22.8557327,48.3049018],[22.8531182,48.3261667],[22.8777614,48.3264124],[22.8794854,48.3345497],[22.8635933,48.3551231],[22.8566422,48.3508751],[22.8602418,48.335962],[22.8305582,48.3457538],[22.8385304,48.3355801],[22.8149949,48.3144225],[22.7915801,48.309713],[22.7923677,48.2910842],[22.7074854,48.2931102],[22.6678609,48.3072254],[22.6407087,48.3396207],[22.6294339,48.3325837],[22.6354679,48.3230943],[22.6106022,48.3132773],[22.6016847,48.3164461],[22.6135574,48.3244591],[22.5712264,48.3391119],[22.5447261,48.3255413],[22.5792995,48.3188512],[22.5668377,48.306785],[22.5127915,48.2986785],[22.5016638,48.3081108],[22.5358222,48.3310461],[22.5242613,48.3338223],[22.5431071,48.3489775],[22.5087759,48.3730597],[22.4949917,48.3729971],[22.4972947,48.3843028],[22.4766664,48.38658],[22.4819052,48.3737651],[22.459973,48.3745627],[22.4179843,48.3905919],[22.4048459,48.3803761],[22.393887,48.3923626],[22.3815886,48.3790376],[22.3651387,48.3787915],[22.3559785,48.3886816],[22.3610801,48.4025838],[22.3420863,48.4060174],[22.347392,48.379852],[22.318838,48.3685899],[22.312642,48.3268121],[22.3370319,48.3075064],[22.3386764,48.2790289],[22.3847548,48.2339633],[22.4006408,48.249198],[22.4328385,48.2525166],[22.456386,48.242311],[22.4898726,48.253442],[22.5014498,48.2492092],[22.4972202,48.2395546],[22.5161491,48.2379651],[22.5136141,48.2258558],[22.5311089,48.2094282],[22.5711443,48.1961428],[22.5613894,48.1815208],[22.5750223,48.159262],[22.5982449,48.144756],[22.5881388,48.1395849],[22.6001107,48.1167948],[22.5902764,48.1073415],[22.6729488,48.0917969],[22.7347193,48.1195795],[22.7564943,48.1203212],[22.77037,48.1089087],[22.7778125,48.1120303],[22.7716327,48.1216856],[22.8027897,48.1219346],[22.8050756,48.106174],[22.82417,48.1175352],[22.8364482,48.0803814],[22.8483959,48.0832212],[22.8611859,48.0742899],[22.8610832,48.0575529],[22.8819934,48.0532824],[22.8655662,48.0120287],[22.8363041,47.9903102],[22.8405514,47.9810622],[22.8728184,47.9749146],[22.8794951,47.9634994],[22.8929953,47.9667904],[22.8962602,47.9541262],[22.9476952,47.9673562],[22.9375723,47.9956715],[22.9201004,48.0069153],[22.9271159,48.0191626],[22.9776604,48.0099609],[23.0135472,47.990551],[23.0657903,48.0078094],[23.0906324,48.0058477],[23.096955,48.0157088],[23.0895244,48.0192577],[23.1091022,48.0353401],[23.0980307,48.0443984],[23.1122484,48.0543967],[23.1054463,48.0659863],[23.1233707,48.0773735],[23.1138764,48.0871407],[23.1391401,48.0945507],[23.1666763,48.1199734],[23.181072,48.1176163],[23.1895497,48.0977003],[23.2462545,48.0916626],[23.2518597,48.1008704],[23.2676437,48.1000756],[23.2637968,48.1522919],[23.2280776,48.153214],[23.2154964,48.1688249],[23.1753302,48.1806446],[23.1558918,48.1928635],[23.1521571,48.2113556],[23.1029229,48.2425971],[23.0928176,48.2205999],[23.0628277,48.2220127],[23.0591831,48.2544617],[23.0381899,48.2609112],[23.0358256,48.2735087],[22.9496732,48.2498528],[22.9405057,48.2553606],[22.9816037,48.286841],[23.0204403,48.281893]]]]}},{"type":"Feature","properties":{"oblast":"zakarpatska","name":"Мукачівський район","match":"мукачівський"},"geometry":{"type":"MultiPolygon","coordinates":[[[[22.8952328,48.7585885],[22.8734451,48.8167201],[22.8820038,48.8279581],[22.8474594,48.8670934],[22.8333164,48.8695685],[22.8343303,48.8800651],[22.8602752,48.8989675],[22.8596199,48.9177194],[22.8861441,48.9247143],[22.8996376,48.903591],[22.970152,48.8744717],[22.974838,48.8446284],[23.0000162,48.8304758],[23.0209955,48.8478247],[23.0576143,48.8464639],[23.0985234,48.8628344],[23.1310852,48.8535313],[23.133557,48.8340725],[23.1514038,48.8318405],[23.1680128,48.8168054],[23.2007828,48.760723],[23.267999,48.7616659],[23.2858766,48.7758814],[23.3173124,48.7534616],[23.3137913,48.7278008],[23.2902474,48.7163764],[23.2906171,48.6882965],[23.2468283,48.6625103],[23.2483649,48.6516056],[23.2104022,48.6361429],[23.1886061,48.6432261],[23.1895383,48.6335766],[23.1638885,48.6360774],[23.1779359,48.6268765],[23.1650935,48.6136862],[23.1384635,48.626059],[23.136449,48.6179788],[23.1648223,48.6104453],[23.1935679,48.619658],[23.198889,48.6091198],[23.1950601,48.5854245],[23.1548515,48.5558899],[23.1600174,48.517894],[23.1534347,48.5031024],[23.1693065,48.4932684],[23.1633729,48.4830583],[23.1707912,48.476244],[23.1429388,48.4448514],[23.1311975,48.4534269],[23.0904715,48.4555926],[23.0636363,48.4740909],[22.9839415,48.497173],[22.9632588,48.4898734],[22.9204235,48.4517262],[22.9251821,48.4458125],[22.9117784,48.4229646],[22.8830715,48.4328817],[22.8962978,48.4490672],[22.8832962,48.4508702],[22.8714851,48.4420376],[22.8773039,48.4349439],[22.8605163,48.44404],[22.8512077,48.4386387],[22.8711501,48.4274732],[22.8795363,48.4099074],[22.9128669,48.4059184],[22.9312566,48.3834132],[22.9190604,48.3779902],[22.9380849,48.3718678],[22.9450698,48.3573276],[22.9171748,48.3293219],[22.8951959,48.327866],[22.8958186,48.3206062],[22.9072126,48.3240488],[22.8919009,48.3133759],[22.8983707,48.2814334],[22.8737838,48.2873631],[22.8763094,48.3005365],[22.8557327,48.3049018],[22.8531182,48.3261667],[22.8777614,48.3264124],[22.8794854,48.3345497],[22.8635933,48.3551231],[22.8566422,48.3508751],[22.8602418,48.335962],[22.8305582,48.3457538],[22.8385304,48.3355801],[22.8149949,48.3144225],[22.7915801,48.309713],[22.7923677,48.2910842],[22.7074854,48.2931102],[22.6678609,48.3072254],[22.6407087,48.3396207],[22.6294339,48.3325837],[22.6354679,48.3230943],[22.6180753,48.3139902],[22.6017682,48.3162837],[22.6114051,48.3258578],[22.5715524,48.3391884],[22.5447261,48.3255413],[22.5792995,48.3188512],[22.5668377,48.306785],[22.5041081,48.3009296],[22.5016638,48.3081108],[22.5358222,48.3310461],[22.5242613,48.3338223],[22.5431071,48.3489775],[22.5087759,48.3730597],[22.4949917,48.3729971],[22.5025904,48.4039868],[22.4664914,48.4101283],[22.4658417,48.4209802],[22.4487188,48.4321691],[22.4313623,48.4309945],[22.4359548,48.4406746],[22.3618005,48.4748704],[22.4021074,48.4903272],[22.4364391,48.4769101],[22.4722433,48.480543],[22.5098519,48.4959356],[22.5579491,48.4815681],[22.5577267,48.494973],[22.5831129,48.4992573],[22.5832503,48.5113436],[22.5547063,48.5309979],[22.549305,48.5596172],[22.559881,48.5548787],[22.5822194,48.5689982],[22.6280205,48.5772706],[22.6536208,48.6008106],[22.6536728,48.6183812],[22.6770366,48.650164],[22.7100068,48.6450968],[22.7279978,48.6314257],[22.7882632,48.6336828],[22.815935,48.6124717],[22.8521396,48.6162589],[22.8598534,48.6359514],[22.8478323,48.6387766],[22.8565576,48.6670514],[22.8486997,48.6827483],[22.8676325,48.7136795],[22.8620237,48.7278447],[22.8719801,48.7504804],[22.8952328,48.7585885]]]]}},{"type":"Feature","properties":{"oblast":"zakarpatska","name":"Хустський район","match":"хустський"},"geometry":{"type":"MultiPolygon","coordinates":[[[[23.0204403,48.281893],[23.033039,48.279223],[23.0270688,48.2981013],[22.9916624,48.3168901],[22.9927955,48.3332392],[22.9757195,48.3295467],[22.9719893,48.3403165],[22.9487772,48.343952],[22.9382752,48.3717051],[22.9171366,48.3813362],[22.9312566,48.3834132],[22.9194773,48.3997173],[22.8795363,48.4099074],[22.8711501,48.4274732],[22.8512077,48.4386387],[22.8605163,48.44404],[22.8773039,48.4349439],[22.8714851,48.4420376],[22.8832962,48.4508702],[22.8962978,48.4490672],[22.8830715,48.4328817],[22.9117784,48.4229646],[22.9251821,48.4458125],[22.9204235,48.4517262],[22.9632588,48.4898734],[22.9839415,48.497173],[23.0636363,48.4740909],[23.0904715,48.4555926],[23.1311975,48.4534269],[23.1429388,48.4448514],[23.1707912,48.476244],[23.1633729,48.4830583],[23.1693065,48.4932684],[23.1534347,48.5031024],[23.1600174,48.517894],[23.1548515,48.5558899],[23.1950601,48.5854245],[23.198889,48.6091198],[23.1935679,48.619658],[23.1648223,48.6104453],[23.136449,48.6179788],[23.1384635,48.626059],[23.1650935,48.6136862],[23.1779359,48.6268765],[23.1638885,48.6360774],[23.1895383,48.6335766],[23.1886061,48.6432261],[23.2104022,48.6361429],[23.2483649,48.6516056],[23.2468283,48.6625103],[23.2906171,48.6882965],[23.2902474,48.7163764],[23.3137913,48.7278008],[23.3173124,48.7534616],[23.3607757,48.7706201],[23.3777134,48.7440807],[23.3968405,48.7328638],[23.4718862,48.7182803],[23.5118596,48.7347223],[23.5919978,48.7179397],[23.5985368,48.7052149],[23.6260087,48.7065158],[23.6382409,48.6986388],[23.6372327,48.684312],[23.7035452,48.6391312],[23.7328076,48.6380239],[23.7449614,48.6465947],[23.7889834,48.6406426],[23.7974517,48.6326539],[23.7863623,48.6106361],[23.7966415,48.6005243],[23.7925121,48.591274],[23.8624217,48.5537752],[23.8584623,48.5223948],[23.8389584,48.5051893],[23.8390555,48.4888075],[23.8072899,48.4476291],[23.8192057,48.4315435],[23.7917105,48.4001926],[23.766777,48.3847695],[23.755754,48.3880983],[23.7500864,48.3746705],[23.7351781,48.3729965],[23.7367192,48.3652889],[23.7032007,48.372266],[23.6950919,48.3480722],[23.6662546,48.3386828],[23.6840908,48.3167926],[23.6306611,48.3013223],[23.6254797,48.2796727],[23.5990685,48.2546948],[23.5873497,48.254571],[23.5745992,48.2227477],[23.555433,48.2239233],[23.5461091,48.2057903],[23.5272167,48.2078554],[23.5103948,48.175942],[23.5279008,48.1456747],[23.5539668,48.1399826],[23.5485543,48.129407],[23.5298867,48.1176783],[23.4978034,48.1240668],[23.4703552,48.1141801],[23.4629891,48.0899007],[23.4387535,48.0699015],[23.4565292,48.0431326],[23.5283687,48.0230471],[23.50113,47.96871],[23.4499097,47.9765788],[23.4335825,47.990505],[23.4174228,47.9866473],[23.3993276,48.0012097],[23.33325,48.02107],[23.33736,48.03738],[23.2879691,48.04679],[23.2765371,48.059736],[23.29102,48.07188],[23.2693574,48.0858233],[23.2611642,48.1080702],[23.2715392,48.1215164],[23.2637968,48.1522919],[23.2280776,48.153214],[23.2154964,48.1688249],[23.1753302,48.1806446],[23.1558918,48.1928635],[23.1521571,48.2113556],[23.1029229,48.2425971],[23.0928176,48.2205999],[23.0628277,48.2220127],[23.0591831,48.2544617],[23.0381899,48.2609112],[23.0358256,48.2735087],[22.9496732,48.2498528],[22.9405057,48.2553606],[22.9816037,48.286841],[23.0204403,48.281893]]],[[[22.900241,48.2383121],[22.9178681,48.2429777],[22.9025732,48.2506647],[22.900241,48.2383121]]]]}},{"type":"Feature","properties":{"oblast":"zaporizka","name":"Запорізький район","match":"запорізький"},"geometry":{"type":"MultiPolygon","coordinates":[[[[34.8262749,47.8677273],[34.860842,47.8805301],[34.8708044,47.8506261],[34.8972316,47.8528148],[34.9033773,47.8295927],[34.8788837,47.8184011],[34.8936183,47.7602236],[34.9574977,47.7695877],[34.9649274,47.7402064],[34.9544831,47.7390806],[34.9560414,47.7123379],[34.9298855,47.7115927],[34.93824,47.6774],[34.9057129,47.6738848],[34.9161816,47.6337991],[34.9330849,47.6356515],[34.9420904,47.6010127],[34.9349677,47.5907823],[34.9260817,47.5941248],[34.9359785,47.5824982],[34.9275494,47.5803095],[34.9458807,47.5742459],[34.9358153,47.5683537],[34.9523485,47.5715749],[34.9593437,47.5631777],[34.9232089,47.5564082],[34.9610281,47.5607379],[34.965296,47.5478479],[34.9442431,47.5298823],[34.9770355,47.5105341],[35.0242853,47.5047073],[35.0673292,47.5093167],[35.1403767,47.5368516],[35.1643824,47.562222],[35.1902295,47.6149322],[35.2469301,47.6202523],[35.2815266,47.6088856],[35.2794625,47.6436247],[35.3358418,47.6777461],[35.3474775,47.658768],[35.3990095,47.6563435],[35.4003825,47.6388498],[35.4284296,47.6390421],[35.4299627,47.618087],[35.4693517,47.6186412],[35.4581025,47.6059173],[35.549393,47.6071996],[35.5554103,47.5800047],[35.5667996,47.5764751],[35.7145142,47.6216118],[35.7356071,47.5986396],[35.7567322,47.5967078],[35.7979201,47.6715143],[35.7798957,47.7551944],[35.7775783,47.7817891],[35.786333,47.7855378],[35.7719993,47.8019136],[35.7913112,47.8051997],[35.7871484,47.8289742],[35.8456736,47.8332631],[35.8424607,47.7690042],[35.8732739,47.7717526],[35.9103525,47.7627028],[35.9091557,47.7566888],[35.9537659,47.755519],[35.9671216,47.745849],[35.9737118,47.7211063],[36.0124596,47.7250384],[36.0069302,47.7660914],[36.1839537,47.775443],[36.1743547,47.7857759],[36.1795187,47.793843],[36.1912206,47.7971932],[36.1912858,47.8069576],[36.2069199,47.8074368],[36.1999657,47.8124953],[36.2053801,47.8256555],[36.1886782,47.838191],[36.1972104,47.8590618],[36.1016634,47.8425887],[36.0958889,47.8500811],[36.0736508,47.8488326],[36.0685622,47.8674888],[36.0575194,47.8682955],[36.0540611,47.8800013],[36.0807874,47.8832195],[36.0872019,47.8612274],[36.1192273,47.8647615],[36.1301856,47.8903331],[36.1087035,47.9417691],[36.0850119,47.9303057],[36.0735698,47.9652124],[36.051624,47.9585709],[36.0479461,47.9655214],[36.0707449,47.9715179],[36.0619976,48.0010325],[36.0416478,48.0039192],[36.0344335,48.0187162],[36.0655311,48.0251985],[36.0524844,48.0590719],[35.9752911,48.043179],[35.9885154,48.058354],[35.9720218,48.0599386],[35.9694347,48.0731229],[35.985463,48.0846407],[35.9665982,48.0947947],[35.8168631,48.0661227],[35.8059059,48.1004255],[35.7428249,48.0957479],[35.7034121,48.1402147],[35.5241386,48.0746014],[35.5188575,48.0948609],[35.4212624,48.1001881],[35.4162676,48.1096858],[35.3384996,48.1234298],[35.2950206,48.1443499],[35.2418637,48.1346782],[35.1945477,48.1403684],[35.1636852,48.1287625],[35.1017463,48.1316069],[35.0579429,48.1204851],[35.0389152,48.0984461],[34.9902585,48.0891896],[34.9855916,48.0966064],[34.9147229,48.0909369],[34.9158128,48.1306035],[34.8551126,48.133049],[34.8756638,48.0544638],[34.8392142,48.0505126],[34.8465192,48.0136198],[34.8583305,48.0151785],[34.8695389,47.9823938],[34.9048844,47.9857185],[34.9190894,47.9334607],[34.8810268,47.9289083],[34.8764227,47.9419506],[34.8492,47.9377732],[34.8516809,47.9209705],[34.8019738,47.915638],[34.8171129,47.8643294],[34.8262749,47.8677273]]]]}},{"type":"Feature","properties":{"oblast":"zaporizka","name":"Пологівський район","match":"пологівський"},"geometry":{"type":"MultiPolygon","coordinates":[[[[37.1959706,47.4789319],[37.189947,47.4691507],[37.2451667,47.4691811],[37.2395517,47.4597266],[37.2486286,47.4572336],[37.1945741,47.3733558],[37.2034197,47.3557556],[37.1619798,47.341438],[37.146039,47.3811051],[37.106553,47.3759571],[37.1221769,47.3403728],[37.0922697,47.3300747],[37.0837011,47.3147193],[37.0361269,47.2999843],[37.0264564,47.3147836],[36.9466004,47.3109951],[36.9442269,47.3206358],[36.9260221,47.3194161],[36.9625814,47.2016615],[36.6776065,47.1979182],[36.6831226,47.191338],[36.6623749,47.189786],[36.6688137,47.1449218],[36.4903705,47.1161255],[36.4822117,47.1789744],[36.4022384,47.1749062],[36.4471265,47.2209072],[36.433737,47.2625366],[36.3701445,47.295471],[36.3622639,47.2952326],[36.3464022,47.2632209],[36.3287497,47.2638386],[36.2715166,47.2835099],[36.1887307,47.2822497],[36.1801749,47.2931781],[36.1921964,47.2976435],[36.1701082,47.3276027],[36.1049923,47.3411266],[36.0002781,47.34164],[35.968575,47.3016835],[35.995533,47.2493623],[36.0078068,47.2453129],[35.9976358,47.1973374],[35.8332271,47.1940131],[35.8370371,47.1645845],[35.8513803,47.1553889],[35.8533403,47.1424127],[35.8656011,47.1433691],[35.8678598,47.1291615],[35.8567233,47.1282418],[35.8610815,47.0843264],[35.9170937,47.0875871],[35.9220395,47.0426422],[35.9139963,47.0282477],[35.9221142,47.0258801],[35.9217942,47.0105063],[35.8832118,47.006697],[35.8858578,46.9924549],[35.8613614,46.990187],[35.8579706,47.0045075],[35.6893787,46.9872432],[35.6803828,47.0445323],[35.6717783,47.0425729],[35.6689193,47.0636407],[35.6229418,47.1015699],[35.6046443,47.1048419],[35.5856285,47.0949919],[35.5057427,47.1011259],[35.499707,47.1137408],[35.5092068,47.144164],[35.4503485,47.1594358],[35.456892,47.1699656],[35.4907268,47.1608389],[35.5061877,47.1974917],[35.4890498,47.2010611],[35.5100362,47.2340011],[35.5023891,47.2369025],[35.5544239,47.2752438],[35.5778503,47.2662713],[35.5875974,47.2785385],[35.5755114,47.2832904],[35.6061744,47.3119441],[35.5787085,47.3334714],[35.6824906,47.4333172],[35.5879975,47.4379434],[35.5554103,47.5800047],[35.6157016,47.5851813],[35.7145142,47.6216118],[35.7356071,47.5986396],[35.7567322,47.5967078],[35.7979201,47.6715143],[35.7798957,47.7551944],[35.7775783,47.7817891],[35.786333,47.7855378],[35.7719993,47.8019136],[35.7913112,47.8051997],[35.7871484,47.8289742],[35.8456736,47.8332631],[35.8424607,47.7690042],[35.8732739,47.7717526],[35.9103525,47.7627028],[35.9091557,47.7566888],[35.9537659,47.755519],[35.9671216,47.745849],[35.9737118,47.7211063],[36.0124596,47.7250384],[36.0069302,47.7660914],[36.1846383,47.7756821],[36.1743547,47.7857759],[36.1795187,47.793843],[36.1912206,47.7971932],[36.1912858,47.8069576],[36.2068886,47.807208],[36.1975738,47.8325454],[36.2661856,47.833203],[36.2754525,47.8153599],[36.2985963,47.8159282],[36.3326449,47.820649],[36.324133,47.8394667],[36.4759563,47.824198],[36.6047014,47.8508377],[36.5993301,47.8178481],[36.5885271,47.8165077],[36.5878379,47.7845698],[36.6713057,47.7935819],[36.685659,47.7308949],[36.699959,47.7324982],[36.7133797,47.6788709],[36.7916444,47.6849218],[36.7747236,47.665137],[36.7182719,47.6588466],[36.725195,47.6310934],[36.765849,47.6341133],[36.7662122,47.623444],[36.7452576,47.6217404],[36.7481032,47.6065962],[36.7649174,47.6077703],[36.7646269,47.600787],[36.8303171,47.6242291],[36.8934106,47.5449148],[36.9443387,47.5761317],[36.9667558,47.553407],[36.9800607,47.5607131],[37.0015961,47.5388645],[37.0210271,47.5527976],[37.0742173,47.4936995],[37.0843387,47.4961072],[37.1577018,47.4548597],[37.1797983,47.4836571],[37.1959706,47.4789319]]]]}},{"type":"Feature","properties":{"oblast":"zaporizka","name":"Бердянський район","match":"бердянський"},"geometry":{"type":"MultiPolygon","coordinates":[[[[36.5836053,47.1313187],[36.4903705,47.1161255],[36.4822117,47.1789744],[36.4022384,47.1749062],[36.4471265,47.2209072],[36.433737,47.2625366],[36.3701445,47.295471],[36.3622639,47.2952326],[36.3464022,47.2632209],[36.3287497,47.2638386],[36.2715166,47.2835099],[36.1887307,47.2822497],[36.1801749,47.2931781],[36.1921964,47.2976435],[36.1701082,47.3276027],[36.1049923,47.3411266],[36.0002781,47.34164],[35.968575,47.3016835],[35.995533,47.2493623],[36.0078068,47.2453129],[35.9976358,47.1973374],[35.8332271,47.1940131],[35.8370371,47.1645845],[35.8513803,47.1553889],[35.8533403,47.1424127],[35.8656011,47.1433691],[35.8678598,47.1291615],[35.8567233,47.1282418],[35.8610815,47.0843264],[35.9170937,47.0875871],[35.9192172,47.0676606],[35.949303,47.069291],[35.9501331,47.0602446],[35.9996907,47.0689178],[35.9997502,47.0585537],[35.9827363,47.0528318],[35.9918903,47.0288782],[35.9837612,47.0224899],[35.981796,46.9757112],[36.0680494,46.98517],[36.0577761,46.9183329],[36.041552,46.9054302],[35.9878668,46.9049929],[35.9835159,46.8692818],[36.0590368,46.8867441],[36.0607348,46.8937856],[36.1440619,46.8723326],[36.0837119,46.8504229],[36.0917162,46.8217069],[36.0256355,46.808939],[36.0295777,46.755307],[35.9616781,46.7460963],[35.9672415,46.723786],[35.9014662,46.720951],[35.9196363,46.6570245],[36.035987,46.667618],[36.1067288,46.6560056],[36.1879302,46.6700285],[36.2478811,46.6374972],[36.258759,46.6027683],[36.2349009,46.5707738],[36.1860511,46.5303063],[36.1639017,46.526474],[36.1529328,46.5423398],[36.1442241,46.5071317],[36.0939382,46.4940529],[36.1166048,46.4857292],[36.1514687,46.5037941],[36.1727446,46.499986],[36.1970089,46.518436],[36.3222769,46.6647328],[36.3793269,46.7089945],[36.6263227,46.782042],[36.725474,46.7776268],[36.8112653,46.7301216],[36.8277823,46.7077949],[36.8055179,46.7064773],[36.8003557,46.6887646],[36.7630429,46.6709628],[36.74296,46.6306637],[36.7677146,46.6302928],[36.8250371,46.6793826],[36.8805855,46.7875945],[36.9016079,46.8114297],[36.9802,46.8604471],[37.0624638,46.8839559],[37.0214265,46.9279498],[37.092348,46.9683681],[37.1026884,46.9599756],[37.1411334,46.9819937],[37.0893372,47.0074623],[37.1249171,47.0391072],[37.0986952,47.0592489],[37.081212,47.0474791],[36.9854531,47.0797697],[37.0127873,47.0893668],[37.0020205,47.1008577],[37.0107914,47.1106078],[37.0000892,47.113967],[37.0017538,47.1276285],[36.9835274,47.1244045],[36.9495352,47.1586788],[36.9228503,47.1604744],[36.9239699,47.1704502],[36.8884834,47.1708321],[36.8547708,47.1991557],[36.6776065,47.1979182],[36.6831226,47.191338],[36.6623749,47.189786],[36.6688137,47.1449218],[36.5836053,47.1313187]]]]}},{"type":"Feature","properties":{"oblast":"zaporizka","name":"Мелітопольський район","match":"мелітопольський"},"geometry":{"type":"MultiPolygon","coordinates":[[[[34.5167816,47.1187833],[34.549861,47.1213669],[34.5424596,47.158535],[34.5945675,47.1633399],[34.6009827,47.1338791],[34.8116804,47.1597748],[34.8291276,47.1722668],[34.8572374,47.1542218],[34.8508294,47.1424208],[34.8726422,47.144567],[34.8743658,47.133132],[34.9552896,47.1409504],[34.9630961,47.0777749],[35.0255474,47.0785822],[35.0653874,47.0826736],[35.062907,47.0917287],[35.1399711,47.0901757],[35.1472836,47.1158111],[35.1742632,47.1190033],[35.1730485,47.1516246],[35.2053328,47.1552832],[35.2223506,47.133657],[35.2642974,47.1385993],[35.2829171,47.1758661],[35.3201501,47.1739518],[35.3218603,47.202909],[35.3811076,47.1791585],[35.3915353,47.2021598],[35.4462059,47.1850005],[35.4412835,47.1741142],[35.456892,47.1699656],[35.4503485,47.1594358],[35.5089249,47.1444385],[35.499707,47.1137408],[35.5057427,47.1011259],[35.5856285,47.0949919],[35.6046443,47.1048419],[35.6229418,47.1015699],[35.6689193,47.0636407],[35.6717783,47.0425729],[35.6803828,47.0445323],[35.6893787,46.9872432],[35.8579706,47.0045075],[35.8613614,46.990187],[35.8858578,46.9924549],[35.8832118,47.006697],[35.9217942,47.0105063],[35.9221142,47.0258801],[35.9139963,47.0282477],[35.9220395,47.0426422],[35.9192172,47.0676606],[35.949303,47.069291],[35.9501331,47.0602446],[35.9996907,47.0689178],[35.9997502,47.0585537],[35.9827363,47.0528318],[35.9918903,47.0288782],[35.9837612,47.0224899],[35.981796,46.9757112],[36.0680494,46.98517],[36.0577761,46.9183329],[36.041552,46.9054302],[35.9878668,46.9049929],[35.9835159,46.8692818],[36.0590368,46.8867441],[36.0607348,46.8937856],[36.1440619,46.8723326],[36.0837119,46.8504229],[36.0917162,46.8217069],[36.0256355,46.808939],[36.0295777,46.755307],[35.9616781,46.7460963],[35.9672415,46.723786],[35.9014662,46.720951],[35.9196363,46.6570245],[35.7280897,46.5885046],[35.6521197,46.5211456],[35.5893807,46.4827983],[35.444889,46.434998],[35.2840748,46.2631471],[35.128223,46.3020878],[35.0720342,46.2995725],[35.0567539,46.3752108],[35.0695027,46.3794352],[35.0546771,46.4818658],[35.0213956,46.4789514],[34.9484523,46.5028592],[34.9468732,46.512555],[34.890103,46.5069564],[34.8907061,46.5631548],[34.7568736,46.5493492],[34.748275,46.5841895],[34.7232991,46.5814666],[34.7127641,46.6200738],[34.7563087,46.6269756],[34.7461772,46.6832188],[34.6851011,46.6770294],[34.6808284,46.6919901],[34.6322356,46.6876186],[34.6252257,46.723972],[34.6612754,46.7271564],[34.6586929,46.7403319],[34.7350052,46.7473443],[34.7351722,46.7570629],[34.7504856,46.7578954],[34.7501431,46.7805134],[34.7675765,46.7809131],[34.7581324,46.8227066],[34.8165539,46.8284506],[34.8046826,46.8825274],[34.7525692,46.8795369],[34.7364408,46.9613595],[34.6854556,46.9558631],[34.6809711,46.9791411],[34.6238427,46.9733971],[34.6174822,46.9933158],[34.5996222,46.9917725],[34.5916567,47.0267916],[34.5672697,47.0244915],[34.5534973,47.1059694],[34.5195021,47.1047491],[34.5167816,47.1187833]]]]}},{"type":"Feature","properties":{"oblast":"zaporizka","name":"Василівський район","match":"василівський"},"geometry":{"type":"MultiPolygon","coordinates":[[[[35.3372159,47.1966085],[35.3218603,47.202909],[35.3201501,47.1739518],[35.2829171,47.1758661],[35.2642974,47.1385993],[35.2223506,47.133657],[35.2053328,47.1552832],[35.1730485,47.1516246],[35.1742632,47.1190033],[35.1472836,47.1158111],[35.1399711,47.0901757],[35.062907,47.0917287],[35.0653874,47.0826736],[35.0255474,47.0785822],[34.9630961,47.0777749],[34.9552896,47.1409504],[34.8743658,47.133132],[34.8726422,47.144567],[34.8508294,47.1424208],[34.8572374,47.1542218],[34.8291276,47.1722668],[34.8116804,47.1597748],[34.6009827,47.1338791],[34.5945675,47.1633399],[34.5424596,47.158535],[34.549861,47.1213669],[34.5167816,47.1187833],[34.4908861,47.2468443],[34.5295853,47.2557982],[34.5182002,47.2835488],[34.4877638,47.2799494],[34.4794346,47.3151248],[34.5161124,47.3184443],[34.5070159,47.3255814],[34.5121847,47.3350429],[34.4138387,47.3234564],[34.4192258,47.3006584],[34.3987637,47.2982773],[34.4013965,47.2870834],[34.3302362,47.2904306],[34.3053474,47.269141],[34.2935203,47.2736457],[34.2724553,47.3611366],[34.2607866,47.3597376],[34.2426886,47.4338649],[34.2184503,47.452729],[34.1394646,47.4772499],[34.2341536,47.4943982],[34.299975,47.5191405],[34.4688614,47.532118],[34.5280762,47.5536807],[34.5883534,47.5623516],[34.7963243,47.5370197],[34.8614594,47.5151376],[34.9442431,47.5298823],[34.9770355,47.5105341],[35.0673292,47.5093167],[35.1403767,47.5368516],[35.1643824,47.562222],[35.1902295,47.6149322],[35.2469301,47.6202523],[35.2815266,47.6088856],[35.2794625,47.6436247],[35.3358418,47.6777461],[35.3474775,47.658768],[35.3990095,47.6563435],[35.4003825,47.6388498],[35.4284296,47.6390421],[35.4299627,47.618087],[35.4693517,47.6186412],[35.4581025,47.6059173],[35.549393,47.6071996],[35.5879975,47.4379434],[35.6824906,47.4333172],[35.5787085,47.3334714],[35.6061744,47.3119441],[35.5755114,47.2832904],[35.5875974,47.2785385],[35.5778503,47.2662713],[35.5544239,47.2752438],[35.5023891,47.2369025],[35.5100362,47.2340011],[35.4890498,47.2010611],[35.5061877,47.1974917],[35.4907268,47.1608389],[35.4412835,47.1741142],[35.4462059,47.1850005],[35.3915353,47.2021598],[35.3811076,47.1791585],[35.3372159,47.1966085]]]]}},{"type":"Feature","properties":{"oblast":"ivano-frankivska","name":"Верховинський район","match":"верховинський"},"geometry":{"type":"MultiPolygon","coordinates":[[[[24.9887012,48.1952695],[25.0211764,48.2020425],[25.0374901,48.188831],[25.0378746,48.17321],[25.0837361,48.1611698],[25.0663579,48.1567263],[25.0669265,48.1322425],[25.0400084,48.1283945],[25.0365161,48.1117094],[24.9987295,48.1201176],[24.9800488,48.1119472],[24.9945237,48.0870843],[24.9115827,48.0270013],[24.9204861,48.0097643],[24.9084716,47.9963655],[24.9145803,47.9685915],[24.9292311,47.9535254],[24.9189622,47.9472274],[24.9570501,47.9199513],[24.9611632,47.9038771],[24.9444838,47.8986457],[24.9565366,47.8792792],[24.9974154,47.8554449],[24.982093,47.8261293],[24.9467367,47.7942449],[24.9225267,47.7267662],[24.8831486,47.7243679],[24.8783617,47.7526555],[24.8362408,47.7796892],[24.8353053,47.7957201],[24.821658,47.8060793],[24.82773,47.82074],[24.7839738,47.8234207],[24.7781911,47.8368817],[24.7653348,47.8394526],[24.7528121,47.8297531],[24.7344891,47.8439284],[24.7060689,47.8399448],[24.7023133,47.8526506],[24.6707318,47.865451],[24.6657523,47.8764248],[24.6739196,47.8963961],[24.635075,47.9245072],[24.628475,47.9480106],[24.5970154,47.9461889],[24.5829417,47.964948],[24.5630419,47.9687656],[24.5745277,48.014288],[24.6274681,48.0471417],[24.5981826,48.0886719],[24.5590386,48.1052515],[24.5543966,48.1179534],[24.5750768,48.1275733],[24.6000752,48.1601218],[24.6431078,48.1593997],[24.6279942,48.1680039],[24.6421248,48.1763878],[24.6338569,48.1836731],[24.659043,48.1997967],[24.683938,48.2351607],[24.6594118,48.2596007],[24.6751891,48.2703109],[24.711947,48.2682842],[24.7265773,48.2776251],[24.7400831,48.2694022],[24.7369829,48.2546023],[24.7805583,48.2603083],[24.774309,48.2338661],[24.788747,48.2202828],[24.8231249,48.230239],[24.840846,48.2261444],[24.9022095,48.1931358],[24.9193452,48.2128705],[24.9413586,48.2112451],[24.9636519,48.2232824],[24.9678205,48.207767],[24.9887012,48.1952695]]]]}},{"type":"Feature","properties":{"oblast":"ivano-frankivska","name":"Калуський район","match":"калуський"},"geometry":{"type":"MultiPolygon","coordinates":[[[[24.3089035,49.1712008],[24.2818333,49.1683911],[24.2338885,49.1438173],[24.2072976,49.1484468],[24.1979369,49.1388471],[24.2130503,49.1333732],[24.1718168,49.144128],[24.1646304,49.127658],[24.1394889,49.1425506],[24.083308,49.148861],[24.0584572,49.1470785],[24.0204584,49.1172818],[23.9695063,49.137934],[23.9044927,49.0982005],[23.829326,49.1135468],[23.8028991,49.1055429],[23.7839375,49.120077],[23.7755031,49.1144042],[23.7608153,49.1223446],[23.7189996,49.0937907],[23.6988494,49.1011266],[23.6773288,49.0758689],[23.6880355,49.0658992],[23.6733298,49.0362117],[23.6487477,49.0224332],[23.6360633,49.0315832],[23.6218094,49.0253087],[23.62361,49.0133845],[23.5658425,48.9747138],[23.586113,48.9545807],[23.5614709,48.910745],[23.5765545,48.8882934],[23.6065522,48.8839172],[23.6076115,48.8761053],[23.5764328,48.8673402],[23.5673925,48.8540079],[23.5747531,48.8455031],[23.5520107,48.8218729],[23.5791505,48.7844608],[23.5563286,48.758212],[23.5470764,48.7253908],[23.5922017,48.7178649],[23.5985368,48.7052149],[23.6301766,48.7043799],[23.6372327,48.684312],[23.7035452,48.6391312],[23.7328076,48.6380239],[23.7449614,48.6465947],[23.7889834,48.6406426],[23.7974517,48.6326539],[23.7863623,48.6106361],[23.7966415,48.6005243],[23.791813,48.5921679],[23.8040131,48.5805843],[23.8330534,48.5760454],[23.8460976,48.5592129],[23.8813949,48.5532317],[23.9067865,48.5629706],[23.9289158,48.5523017],[23.9143652,48.5338039],[23.9247926,48.5129991],[23.9083765,48.4831301],[23.9250494,48.4652716],[23.9659113,48.4584304],[23.9806815,48.4658025],[23.9732452,48.4769457],[24.0018086,48.5059885],[24.0346258,48.5013128],[24.0464601,48.5121392],[24.0770828,48.5125748],[24.0885965,48.5271554],[24.1241848,48.534142],[24.1334224,48.5423529],[24.1024268,48.5648579],[24.0956569,48.6077382],[24.1105002,48.6203037],[24.1019118,48.6480729],[24.1436362,48.6394775],[24.1516721,48.6607027],[24.1784853,48.6679225],[24.1736126,48.6784621],[24.237889,48.7113994],[24.2321169,48.7184217],[24.2586386,48.7285836],[24.2448842,48.7339919],[24.2445537,48.7527706],[24.2977881,48.7619707],[24.2912972,48.7707644],[24.3096435,48.7784165],[24.3717939,48.8699985],[24.3962279,48.8639845],[24.4936135,48.9612523],[24.5148298,48.9699177],[24.536612,48.9949616],[24.5296812,49.0078861],[24.5649067,49.0192084],[24.5574045,49.0307356],[24.5718911,49.0355627],[24.5335409,49.051437],[24.559861,49.0894374],[24.5516914,49.0998287],[24.5511121,49.1395775],[24.5034881,49.1625146],[24.5141566,49.1821137],[24.559553,49.1807408],[24.5770463,49.1937941],[24.550994,49.1961692],[24.5493203,49.2117837],[24.528957,49.2259289],[24.5101815,49.2165774],[24.489271,49.2287437],[24.4468111,49.2306814],[24.4339873,49.2188362],[24.437436,49.1765],[24.4164067,49.16814],[24.3842189,49.1893335],[24.3089035,49.1712008]]]]}},{"type":"Feature","properties":{"oblast":"ivano-frankivska","name":"Івано-Франківський район","match":"івано-франківський"},"geometry":{"type":"MultiPolygon","coordinates":[[[[24.5538794,49.1287495],[24.545525,49.1440694],[24.5034881,49.1625146],[24.5141566,49.1821137],[24.559553,49.1807408],[24.5770678,49.1934225],[24.550994,49.1961692],[24.5493203,49.2117837],[24.528957,49.2259289],[24.5101815,49.2165774],[24.4599116,49.2327863],[24.3590756,49.2329882],[24.3409995,49.2432092],[24.3639187,49.2807444],[24.3389757,49.2919665],[24.305422,49.2773065],[24.2994207,49.2878664],[24.3019053,49.3162908],[24.3414682,49.3103827],[24.3586958,49.3223664],[24.3807614,49.3078873],[24.4010421,49.3362501],[24.3935887,49.3423157],[24.4004994,49.3619071],[24.4293638,49.3732931],[24.40602,49.393311],[24.3870089,49.395005],[24.3897592,49.4090804],[24.3758476,49.4133982],[24.3738133,49.4299746],[24.3598599,49.4307159],[24.410474,49.4448809],[24.4180938,49.473818],[24.4013917,49.4950409],[24.4398154,49.5116119],[24.4343341,49.5364098],[24.4493485,49.545233],[24.4875626,49.5477232],[24.4985206,49.5396449],[24.4922352,49.523459],[24.505327,49.5128466],[24.5695913,49.5341219],[24.6400256,49.4971454],[24.6561351,49.505438],[24.7285056,49.49205],[24.7239868,49.4815538],[24.771195,49.4311427],[24.7755831,49.3775254],[24.8280529,49.3857903],[24.8332612,49.3632],[24.8592875,49.3470144],[24.8359683,49.340807],[24.8285837,49.3207852],[24.8280908,49.2853678],[24.8406365,49.2830725],[24.8433199,49.2625519],[24.9334307,49.2349261],[24.8564072,49.1778128],[24.8564621,49.1635193],[24.8997975,49.1290557],[24.9564535,49.1275642],[24.9853817,49.1167563],[24.9721039,49.0965038],[24.9906452,49.0860419],[24.9912198,49.0712032],[24.9162995,49.0830878],[24.9049871,49.0496944],[24.9695627,49.0113149],[24.9654863,48.9927996],[25.0174572,49.0113635],[25.0784253,48.9841232],[25.0872766,48.9840181],[25.0875404,48.9932813],[25.1194282,48.9948119],[25.1071849,48.982222],[25.1097598,48.9637789],[25.1474515,48.9436136],[25.1182455,48.9236093],[25.1399316,48.8687422],[25.1705651,48.8703733],[25.1675139,48.8937422],[25.1981439,48.9147253],[25.1908258,48.9270798],[25.2098749,48.9219068],[25.2328591,48.9324613],[25.2301449,48.8869132],[25.2101307,48.8468145],[25.228142,48.8484058],[25.2391186,48.8662448],[25.2662352,48.8663007],[25.2839205,48.8622287],[25.2918309,48.8451678],[25.3230926,48.8462159],[25.3248824,48.8357034],[25.3009628,48.8247886],[25.2608621,48.8266903],[25.2391251,48.8134298],[25.2427442,48.7942465],[25.2237493,48.7824398],[25.2459614,48.7684534],[25.2569036,48.7508395],[25.2471452,48.7464387],[25.2595761,48.7343892],[25.2095178,48.7108774],[25.2426253,48.6812186],[25.2227454,48.6508287],[25.2098629,48.6557321],[25.1756182,48.6422942],[25.1497048,48.648324],[25.157499,48.6483457],[25.1137198,48.6763923],[25.0926399,48.6744042],[25.0571807,48.699248],[25.0386885,48.7297142],[25.00636,48.7385475],[25.0059217,48.7472522],[24.9978741,48.7407748],[24.9931421,48.7562634],[24.9794846,48.7627871],[24.9748002,48.75505],[25.0006177,48.7369416],[24.9789537,48.7275362],[24.9652819,48.7455929],[24.9308849,48.7546381],[24.9202061,48.7679046],[24.8943603,48.7583277],[24.8515919,48.7678364],[24.8095672,48.7929503],[24.8128084,48.7834962],[24.7928626,48.7892551],[24.7663874,48.7661757],[24.7539947,48.775301],[24.7406999,48.7711769],[24.7541513,48.7658773],[24.7414057,48.7465775],[24.7231278,48.7386806],[24.6418611,48.7564901],[24.6267718,48.7277219],[24.5943224,48.7112808],[24.5486391,48.7222421],[24.5495591,48.7101109],[24.5841676,48.6930691],[24.5802033,48.6860096],[24.5415848,48.7004623],[24.5202076,48.6795123],[24.480055,48.6820129],[24.4807094,48.669523],[24.4625133,48.6522566],[24.4673279,48.6451453],[24.3724501,48.6328288],[24.3723053,48.6169046],[24.312661,48.6059097],[24.3006259,48.5915116],[24.275161,48.5938568],[24.2483336,48.5739132],[24.2472339,48.5561703],[24.1994423,48.5201825],[24.1282296,48.5308373],[24.1334224,48.5423529],[24.1024268,48.5648579],[24.0956569,48.6077382],[24.1105002,48.6203037],[24.1019118,48.6480729],[24.1436362,48.6394775],[24.1516721,48.6607027],[24.1784853,48.6679225],[24.1736126,48.6784621],[24.237889,48.7113994],[24.2321169,48.7184217],[24.2586386,48.7285836],[24.2448842,48.7339919],[24.2445537,48.7527706],[24.2977881,48.7619707],[24.2912972,48.7707644],[24.3096435,48.7784165],[24.3717939,48.8699985],[24.3962279,48.8639845],[24.4936135,48.9612523],[24.5148298,48.9699177],[24.536612,48.9949616],[24.5296812,49.0078861],[24.5649067,49.0192084],[24.5564738,49.0281398],[24.5705876,49.037191],[24.5335409,49.051437],[24.5577081,49.0805461],[24.5538794,49.1287495]]]]}},{"type":"Feature","properties":{"oblast":"ivano-frankivska","name":"Коломийський район","match":"коломийський"},"geometry":{"type":"MultiPolygon","coordinates":[[[[24.782674,48.549244],[24.7874159,48.5595095],[24.7639272,48.5770195],[24.7700744,48.5947799],[24.7809678,48.5946513],[24.7836268,48.6241818],[24.8228484,48.6240999],[24.8238334,48.6391612],[24.8123785,48.6397542],[24.815551,48.6807024],[24.7902657,48.6869122],[24.7825855,48.7016135],[24.7270201,48.7148383],[24.7262828,48.7277324],[24.7110657,48.7365252],[24.7414057,48.7465775],[24.7541513,48.7658773],[24.7432869,48.7727148],[24.7663874,48.7661757],[24.7928626,48.7892551],[24.8128084,48.7834962],[24.8095672,48.7929503],[24.8515919,48.7678364],[24.8943603,48.7583277],[24.9202061,48.7679046],[24.9308849,48.7546381],[24.9652819,48.7455929],[24.9789537,48.7275362],[25.0006177,48.7369416],[24.9748002,48.75505],[24.9794846,48.7627871],[24.9931421,48.7562634],[24.9978741,48.7407748],[25.0059217,48.7472522],[25.00636,48.7385475],[25.0386885,48.7297142],[25.0695073,48.6880071],[25.0926399,48.6744042],[25.1137198,48.6763923],[25.157499,48.6483457],[25.1497048,48.648324],[25.1756182,48.6422942],[25.2098629,48.6557321],[25.2227454,48.6508287],[25.2426253,48.6812186],[25.2095178,48.7108774],[25.2595761,48.7343892],[25.2471452,48.7464387],[25.2569036,48.7508395],[25.2459614,48.7684534],[25.2237493,48.7824398],[25.2427442,48.7942465],[25.2404469,48.8148659],[25.2608621,48.8266903],[25.3150758,48.8271192],[25.3401224,48.8384519],[25.3364965,48.8548128],[25.3517291,48.8594032],[25.4326615,48.843554],[25.4387588,48.8496754],[25.4271504,48.8677939],[25.4375239,48.8720549],[25.4692983,48.8571095],[25.4500998,48.8391721],[25.4554085,48.8308982],[25.5040471,48.8071675],[25.5519389,48.7997645],[25.6390935,48.749327],[25.6369963,48.7392248],[25.6099477,48.7226431],[25.653085,48.7046862],[25.6211058,48.6803485],[25.6397523,48.668035],[25.5852734,48.6344621],[25.5873761,48.5898956],[25.6018487,48.5706193],[25.5998424,48.5429815],[25.6092023,48.5270566],[25.5980086,48.4731629],[25.606198,48.4654868],[25.6100079,48.425988],[25.5988258,48.4131926],[25.6206098,48.4129993],[25.6149298,48.391167],[25.621779,48.3787492],[25.5733987,48.3775914],[25.5115776,48.4000496],[25.4441455,48.4033607],[25.4364905,48.3944209],[25.3790577,48.391485],[25.3077123,48.3590775],[25.2768426,48.3722957],[25.262043,48.3666135],[25.2497578,48.3977337],[25.2013275,48.3993438],[25.1713792,48.4145354],[25.1181548,48.396973],[25.0827235,48.4171462],[25.0356239,48.4062613],[25.0323931,48.4175204],[24.9617323,48.4413709],[24.9149413,48.429675],[24.8723685,48.4413688],[24.8467313,48.4303881],[24.7947405,48.4449354],[24.7906456,48.4558515],[24.7691395,48.4649498],[24.7599997,48.476758],[24.7789986,48.4913942],[24.7585755,48.5135918],[24.7286338,48.526479],[24.7478075,48.5224308],[24.7520652,48.5284389],[24.7451153,48.5292051],[24.7620975,48.5438392],[24.7617238,48.5308109],[24.7727742,48.5353482],[24.7794406,48.5276713],[24.7871257,48.5360103],[24.782674,48.549244]]]]}},{"type":"Feature","properties":{"oblast":"ivano-frankivska","name":"Косівський район","match":"косівський"},"geometry":{"type":"MultiPolygon","coordinates":[[[[24.9526487,48.2217398],[24.9413586,48.2112451],[24.9193452,48.2128705],[24.9022095,48.1931358],[24.840846,48.2261444],[24.77663,48.2255898],[24.7805583,48.2603083],[24.7483556,48.2517545],[24.7341601,48.257553],[24.7400831,48.2694022],[24.7283879,48.2769246],[24.7109258,48.2685241],[24.7071032,48.2732214],[24.7378894,48.2833451],[24.733848,48.313599],[24.756354,48.3276826],[24.7380635,48.3520333],[24.7470409,48.3753885],[24.7205477,48.3775793],[24.7087333,48.4179042],[24.7284973,48.4344594],[24.7715402,48.4435452],[24.7852827,48.4577394],[24.7947405,48.4449354],[24.8467313,48.4303881],[24.8723685,48.4413688],[24.9149413,48.429675],[24.9617323,48.4413709],[25.0323931,48.4175204],[25.0356239,48.4062613],[25.0827235,48.4171462],[25.1084349,48.3985402],[25.1307365,48.3964075],[25.1713792,48.4145354],[25.2013275,48.3993438],[25.2485327,48.3980942],[25.262043,48.3666135],[25.2768426,48.3722957],[25.3077123,48.3590775],[25.2661042,48.3213351],[25.2437872,48.3151571],[25.2331487,48.2919269],[25.2098716,48.2794532],[25.1929982,48.2546188],[25.1448531,48.2466626],[25.1065309,48.2252418],[25.1195365,48.2176021],[25.1158045,48.2076869],[25.1397797,48.1949988],[25.1382756,48.1831693],[25.0909327,48.1831688],[25.0821403,48.1728586],[25.0908121,48.1603059],[25.0378746,48.17321],[25.0374901,48.188831],[25.0211764,48.2020425],[24.9887012,48.1952695],[24.9678205,48.207767],[24.9637699,48.2232056],[24.9526487,48.2217398]]]]}},{"type":"Feature","properties":{"oblast":"ivano-frankivska","name":"Надвірнянський район","match":"надвірнянський"},"geometry":{"type":"MultiPolygon","coordinates":[[[[24.5400426,48.6991186],[24.5202076,48.6795123],[24.480055,48.6820129],[24.4807094,48.669523],[24.4625133,48.6522566],[24.4673279,48.6451453],[24.3724501,48.6328288],[24.3723053,48.6169046],[24.312661,48.6059097],[24.3006259,48.5915116],[24.2903383,48.5984078],[24.2716205,48.5921112],[24.2483336,48.5739132],[24.2472339,48.5561703],[24.1994423,48.5201825],[24.1338891,48.5305709],[24.1146162,48.4979251],[24.1400473,48.48091],[24.1254578,48.466755],[24.1305072,48.4411349],[24.1458992,48.4333556],[24.1412805,48.4088137],[24.1522304,48.4017317],[24.1519099,48.3892835],[24.1817034,48.3748886],[24.1797812,48.3645955],[24.2093646,48.3651373],[24.2582251,48.3496805],[24.2890187,48.3806582],[24.2848447,48.3957099],[24.304888,48.396606],[24.3502697,48.3813102],[24.3575496,48.3515885],[24.416855,48.3320195],[24.4453756,48.3025924],[24.488186,48.2798435],[24.4848472,48.2436001],[24.5214361,48.23622],[24.5455697,48.216027],[24.5295312,48.2114518],[24.5254103,48.195449],[24.5106724,48.186566],[24.5186308,48.1745361],[24.4999444,48.1601536],[24.531455,48.1352815],[24.5304986,48.1234515],[24.5545744,48.117885],[24.5750768,48.1275733],[24.6000752,48.1601218],[24.6431078,48.1593997],[24.6279942,48.1680039],[24.6421248,48.1763878],[24.6338569,48.1836731],[24.659043,48.1997967],[24.683938,48.2351607],[24.6594118,48.2596007],[24.7378894,48.2833451],[24.733848,48.313599],[24.7563156,48.3269789],[24.7380635,48.3520333],[24.7471131,48.3751798],[24.7205477,48.3775793],[24.7087333,48.4179042],[24.7859468,48.4575551],[24.7599997,48.476758],[24.7789986,48.4913942],[24.7585755,48.5135918],[24.7287004,48.5269252],[24.7478075,48.5224308],[24.7520652,48.5284389],[24.7451153,48.5292051],[24.7620975,48.5438392],[24.7631,48.5301889],[24.7861083,48.5346958],[24.7791574,48.549314],[24.7874159,48.5595095],[24.7639272,48.5770195],[24.7700744,48.5947799],[24.7809678,48.5946513],[24.7836268,48.6241818],[24.8228484,48.6240999],[24.8238334,48.6391612],[24.8123785,48.6397542],[24.815551,48.6807024],[24.7902657,48.6869122],[24.7825855,48.7016135],[24.7270201,48.7148383],[24.7257111,48.728402],[24.6777564,48.7532914],[24.6418611,48.7564901],[24.6267718,48.7277219],[24.5943224,48.7112808],[24.5486391,48.7222421],[24.5495591,48.7101109],[24.5841676,48.6930691],[24.5798895,48.685875],[24.5400426,48.6991186]]]]}},{"type":"Feature","properties":{"oblast":"kyivska","name":"Вишгородський район","match":"вишгородський"},"geometry":{"type":"MultiPolygon","coordinates":[[[[30.4906279,50.5670784],[30.5272967,50.5409148],[30.5351472,50.5489581],[30.5721724,50.5449612],[30.5588579,50.5588915],[30.590111,50.5549825],[30.5813107,50.5596992],[30.5943086,50.5725094],[30.5758578,50.5832536],[30.6411024,50.5937663],[30.6255269,50.608953],[30.6478039,50.6119857],[30.6704387,50.6527725],[30.6870246,50.6489571],[30.6997072,50.6598662],[30.6746006,50.6885737],[30.7032264,50.7007358],[30.6711438,50.7121268],[30.7140796,50.7246842],[30.7115481,50.7394202],[30.749048,50.7689755],[30.7371742,50.7729873],[30.7352109,50.7834182],[30.7473934,50.7917896],[30.7343716,50.8106614],[30.7439391,50.8192059],[30.754885,50.8103684],[30.7703025,50.8174222],[30.7646757,50.8257135],[30.7766964,50.8313478],[30.7699087,50.8497105],[30.7754301,50.8634152],[30.7716823,50.8743762],[30.73268,50.895138],[30.6842175,50.9018553],[30.6445419,50.9638852],[30.6418688,51.0025142],[30.6031996,51.0096116],[30.6008304,51.0274558],[30.4993132,51.0191359],[30.4928407,51.0453164],[30.5101463,51.0737357],[30.4820663,51.0916468],[30.5171738,51.11126],[30.4949523,51.1322373],[30.4904982,51.1651396],[30.4998903,51.1751745],[30.5410278,51.179703],[30.5172111,51.1871458],[30.5307169,51.2020707],[30.5052221,51.2268152],[30.525863,51.2361024],[30.5506417,51.2297258],[30.561318,51.2391781],[30.5045067,51.2798337],[30.4535124,51.2734428],[30.4638195,51.3065926],[30.3975593,51.3127093],[30.3241759,51.3605058],[30.357542,51.3787387],[30.3424154,51.4204407],[30.3517186,51.4229873],[30.3223553,51.4336409],[30.2876112,51.464037],[30.1801708,51.5125224],[30.1685524,51.5092534],[30.16395,51.4889951],[30.1279763,51.5060565],[30.1209703,51.5046051],[30.1265101,51.4905316],[30.1173948,51.4873769],[30.0142289,51.5050873],[30.0210882,51.4965541],[30.0149082,51.4902041],[29.9755183,51.4856789],[29.9642404,51.4711295],[29.9323382,51.4920941],[29.8936282,51.4853141],[29.8813482,51.4462541],[29.8521682,51.4498641],[29.8465082,51.458354],[29.8171482,51.4497741],[29.8134582,51.4599941],[29.7944082,51.4581041],[29.7973282,51.4417141],[29.7442782,51.4574141],[29.7317482,51.4924341],[29.7463382,51.5020441],[29.7404182,51.5310541],[29.7167282,51.5299441],[29.6727782,51.5029941],[29.6432582,51.4989541],[29.6336482,51.5063441],[29.6245482,51.4944041],[29.6088382,51.4937241],[29.6059182,51.4715841],[29.5854082,51.4639341],[29.5387982,51.4824741],[29.5355382,51.4627341],[29.5191482,51.4436841],[29.5232682,51.4237741],[29.4956883,51.3967677],[29.4215582,51.415104],[29.3828482,51.4022241],[29.3605282,51.3876341],[29.3593877,51.3759191],[29.3934342,51.3794092],[29.3964355,51.3275122],[29.3472407,51.3238489],[29.3671779,51.3059679],[29.3554059,51.2934792],[29.365096,51.2856497],[29.3349399,51.269656],[29.3313636,51.2786131],[29.2675489,51.2648114],[29.3174209,51.130432],[29.3291884,51.1266959],[29.3306014,51.157561],[29.3488983,51.1600001],[29.4274518,51.1239321],[29.4588561,51.089615],[29.5117379,51.060619],[29.4645617,51.018945],[29.4670969,50.9851534],[29.4761712,50.9788998],[29.4404774,50.9885436],[29.4134791,50.9818526],[29.4114766,50.9489313],[29.4354234,50.9455251],[29.4674832,50.9247398],[29.4713189,50.9036449],[29.5213186,50.8688505],[29.4974716,50.8372841],[29.529195,50.8238182],[29.5421762,50.8283871],[29.5473784,50.8139025],[29.5009086,50.818839],[29.4881867,50.8122172],[29.5214833,50.7926341],[29.5060408,50.7838908],[29.5070758,50.7746472],[29.4719593,50.7735966],[29.5102686,50.7654158],[29.5350364,50.7763668],[29.5665882,50.7702758],[29.5708231,50.7799302],[29.5992303,50.7831547],[29.6097397,50.7814736],[29.6100138,50.771465],[29.6525432,50.7633205],[29.7511488,50.7668018],[29.8174388,50.7750788],[29.8754877,50.794543],[29.8973973,50.7795183],[29.8861044,50.769763],[29.8980895,50.7470486],[29.9129323,50.7659299],[29.9078197,50.7776581],[29.9181228,50.7748588],[29.9195389,50.7544598],[29.9613405,50.754701],[29.9721252,50.776441],[30.0183008,50.7703079],[30.0572091,50.7768163],[30.0608446,50.7691048],[30.046026,50.7566523],[30.0552903,50.740519],[30.0415692,50.7297987],[30.0767657,50.7074259],[30.0733325,50.6978967],[30.1130359,50.6897045],[30.1071806,50.7151835],[30.1491854,50.7091287],[30.2118371,50.7181844],[30.2735342,50.7088952],[30.2708048,50.7022882],[30.3083798,50.6856661],[30.2795273,50.6638784],[30.286919,50.6370542],[30.2798985,50.6290848],[30.2991775,50.6087488],[30.3410717,50.5989468],[30.287768,50.6048613],[30.2863777,50.5886061],[30.3050812,50.5710527],[30.3706473,50.573564],[30.3708094,50.5864925],[30.4470757,50.5858052],[30.4906279,50.5670784]]],[[[30.6584793,51.5186366],[30.7822358,51.5120119],[30.789308,51.5251388],[30.7853608,51.5388484],[30.7360616,51.540854],[30.7356586,51.5486559],[30.7088899,51.5531668],[30.7101451,51.5308866],[30.6709512,51.5308833],[30.6278647,51.5152016],[30.5925161,51.5243561],[30.5857462,51.5159406],[30.5967033,51.5202294],[30.599775,51.5104245],[30.6584793,51.5186366]]]]}},{"type":"Feature","properties":{"oblast":"kyivska","name":"Броварський район","match":"броварський"},"geometry":{"type":"MultiPolygon","coordinates":[[[[30.723595,50.5112203],[30.7510872,50.5245356],[30.7217145,50.5219732],[30.723595,50.5112203]]],[[[31.8587741,50.6320519],[31.8836089,50.6071685],[31.9128049,50.5962843],[31.9520024,50.5442145],[32.0633663,50.5408114],[32.0619178,50.5293189],[32.0493811,50.5260444],[32.063743,50.511763],[32.0470794,50.4961864],[32.0069613,50.4868856],[32.0020454,50.4961045],[31.9867152,50.4966515],[31.9825945,50.4836172],[31.9634825,50.4855274],[31.9790985,50.4818454],[31.9732876,50.4665586],[32.0222295,50.4583633],[32.0462914,50.4018783],[32.0565637,50.3973381],[32.1018673,50.4126107],[32.0768794,50.3925868],[32.0825041,50.3790723],[32.0698715,50.3731774],[32.033448,50.3896614],[32.0092216,50.3895639],[32.0056897,50.3777648],[32.0270891,50.3642083],[32.0363008,50.3453919],[32.014693,50.3432908],[31.9823677,50.3489939],[31.9739019,50.3647025],[31.8938662,50.3683097],[31.8314912,50.4056986],[31.7595054,50.4008499],[31.7634402,50.4069574],[31.7464186,50.4077246],[31.7136998,50.3586764],[31.7195759,50.3496323],[31.669306,50.3226641],[31.6728432,50.2789322],[31.6455703,50.2795921],[31.6306441,50.2632213],[31.6037858,50.2566335],[31.5812301,50.2645185],[31.5900706,50.2900522],[31.5473429,50.3094627],[31.5006161,50.3062871],[31.4996945,50.2908258],[31.478578,50.2907226],[31.4652332,50.2789577],[31.4693364,50.2712462],[31.4400403,50.285912],[31.4445876,50.2786995],[31.4148366,50.2532765],[31.3918516,50.2709306],[31.3672215,50.2708291],[31.3553025,50.2599851],[31.3801917,50.242979],[31.3792596,50.2258387],[31.3992292,50.2168097],[31.421581,50.1757815],[31.3895917,50.1618621],[31.3783908,50.171992],[31.3459253,50.1752766],[31.2722826,50.1670579],[31.2722491,50.1889228],[31.1854219,50.1971769],[31.2111155,50.2488604],[31.2076091,50.2872828],[31.1566257,50.2975643],[31.1432361,50.3244776],[31.1499098,50.3430083],[31.1728692,50.3609246],[31.2124657,50.3594605],[31.2032747,50.3801468],[31.2235307,50.3871931],[31.2116217,50.3967281],[31.2190032,50.4059876],[31.2096047,50.4173509],[31.2247273,50.4222426],[31.1817101,50.4485024],[31.1436664,50.4441988],[31.0971215,50.4764998],[31.0043736,50.4642783],[30.9977778,50.4664919],[31.0020657,50.4761815],[30.9704786,50.4829489],[30.9594222,50.4725657],[30.937985,50.4714481],[30.9498721,50.4662756],[30.9414526,50.4605261],[30.91579,50.46495],[30.8680879,50.435374],[30.8290233,50.4390723],[30.848544,50.4194355],[30.8263593,50.4040635],[30.7981798,50.4153223],[30.8015562,50.4268059],[30.7921949,50.4337452],[30.7425803,50.4584656],[30.7546732,50.4616015],[30.7524384,50.4697877],[30.7414507,50.4687957],[30.7486933,50.4838431],[30.759833,50.48355],[30.7376052,50.498925],[30.7619215,50.509033],[30.7524954,50.5185383],[30.8233496,50.5371286],[30.8158409,50.5639723],[30.783867,50.580017],[30.7709597,50.5755955],[30.7663781,50.583909],[30.719819,50.5908142],[30.70833,50.57281],[30.714,50.55565],[30.6989546,50.5546532],[30.6976485,50.5619823],[30.6700143,50.5537407],[30.6540359,50.5341711],[30.5569711,50.540275],[30.5526161,50.5342851],[30.5656585,50.5157585],[30.5409426,50.5231983],[30.5436766,50.5320311],[30.5304265,50.5444175],[30.5721724,50.5449612],[30.558866,50.5566064],[30.5635196,50.5609891],[30.590111,50.5549825],[30.5813107,50.5596992],[30.5943086,50.5725094],[30.5772418,50.5840575],[30.5924821,50.5907024],[30.6189823,50.5841903],[30.6411024,50.5937663],[30.6255269,50.608953],[30.6478039,50.6119857],[30.6704387,50.6527725],[30.6870246,50.6489571],[30.6997072,50.6598662],[30.6746006,50.6885737],[30.7032264,50.7007358],[30.6711438,50.7121268],[30.7140796,50.7246842],[30.7115481,50.7394202],[30.7676767,50.7797781],[30.8367936,50.764028],[30.848247,50.7824361],[30.8705477,50.7861293],[30.8459966,50.7766864],[30.8386384,50.7581255],[30.845122,50.7540378],[30.83146,50.7543015],[30.8375287,50.7439509],[30.8753499,50.7465891],[30.8771783,50.7684085],[30.8893744,50.7736991],[30.892164,50.7658879],[30.9507331,50.7570055],[31.0695375,50.7647947],[31.0752729,50.7810384],[31.1268068,50.7744043],[31.1215943,50.7499831],[31.1672482,50.7324776],[31.1647196,50.7251762],[31.1907635,50.7245577],[31.1907391,50.7028024],[31.2059673,50.7060585],[31.2065612,50.6965545],[31.2182611,50.69702],[31.2236645,50.6674334],[31.1989431,50.6448016],[31.2271074,50.6271843],[31.2175814,50.6205615],[31.2277496,50.6132696],[31.16594,50.6074628],[31.1658194,50.5894873],[31.1874522,50.5889294],[31.1879767,50.5745527],[31.2464955,50.5670413],[31.2595796,50.5564565],[31.2544942,50.543613],[31.262058,50.5391401],[31.319232,50.5281334],[31.3304253,50.5010433],[31.3642502,50.5308615],[31.4450923,50.5003676],[31.4928997,50.5230416],[31.5217936,50.5220871],[31.5226043,50.5364646],[31.552948,50.5196866],[31.571144,50.5280821],[31.6303502,50.5208492],[31.6457383,50.5314502],[31.6466746,50.5526703],[31.6692924,50.5521962],[31.6834815,50.5630476],[31.7818557,50.5594459],[31.7771522,50.5776059],[31.7880813,50.5789199],[31.7822875,50.6056462],[31.812125,50.6059129],[31.8108232,50.6236981],[31.8587741,50.6320519]]]]}},{"type":"Feature","properties":{"oblast":"kyivska","name":"Бориспільський район","match":"бориспільський"},"geometry":{"type":"MultiPolygon","coordinates":[[[[31.6728432,50.2789322],[31.6455703,50.2795921],[31.6306441,50.2632213],[31.6037858,50.2566335],[31.5812301,50.2645185],[31.5900706,50.2900522],[31.5473429,50.3094627],[31.5006161,50.3062871],[31.4996945,50.2908258],[31.478578,50.2907226],[31.4652332,50.2789577],[31.4693364,50.2712462],[31.4400403,50.285912],[31.4445876,50.2786995],[31.4148366,50.2532765],[31.3918516,50.2709306],[31.3709449,50.2730221],[31.3553025,50.2599851],[31.3801917,50.242979],[31.3792596,50.2258387],[31.3992292,50.2168097],[31.421581,50.1757815],[31.3940978,50.1622883],[31.3459253,50.1752766],[31.2722826,50.1670579],[31.2722491,50.1889228],[31.1902713,50.1950615],[31.2111155,50.2488604],[31.2076091,50.2872828],[31.1566257,50.2975643],[31.1432361,50.3244776],[31.1499098,50.3430083],[31.1728692,50.3609246],[31.2124657,50.3594605],[31.2032747,50.3801468],[31.2235307,50.3871931],[31.2116217,50.3967281],[31.2190032,50.4059876],[31.2096047,50.4173509],[31.2247273,50.4222426],[31.1817101,50.4485024],[31.1436664,50.4441988],[31.0971215,50.4764998],[31.0043736,50.4642783],[30.9977778,50.4664919],[31.0020657,50.4761815],[30.9704786,50.4829489],[30.9594222,50.4725657],[30.937985,50.4714481],[30.9498721,50.4662756],[30.9414526,50.4605261],[30.91579,50.46495],[30.8680879,50.435374],[30.8290233,50.4390723],[30.848544,50.4194355],[30.8187002,50.3943757],[30.7765635,50.3951082],[30.7773979,50.3825986],[30.7422048,50.3719664],[30.7173689,50.3826047],[30.7070716,50.3657095],[30.711417,50.352317],[30.69675,50.34725],[30.673835,50.3549934],[30.6686032,50.3598431],[30.6791925,50.3714023],[30.6359163,50.3611286],[30.6420063,50.3378189],[30.6264732,50.3487124],[30.6113333,50.3464106],[30.649302,50.2915876],[30.670824,50.2804547],[30.6603823,50.2636288],[30.6767463,50.2563702],[30.6893634,50.2615282],[30.720992,50.2450643],[30.7107352,50.2293634],[30.7152843,50.2204676],[30.7318067,50.2202651],[30.7723769,50.1583498],[30.8004703,50.1637651],[30.841779,50.1400126],[30.8446439,50.1520282],[30.8935976,50.1321369],[30.9237643,50.1043505],[30.9256983,50.0854821],[30.9608728,50.0740531],[30.9668702,50.0487793],[31.0633868,49.9853242],[31.1177283,49.9863435],[31.1872244,49.9673607],[31.1775926,49.9513752],[31.256243,49.936239],[31.3005516,49.966554],[31.3053076,49.9725584],[31.2879856,49.9712601],[31.2961905,49.9811702],[31.3829725,49.9928543],[31.43174,49.9868432],[31.4450977,49.9742026],[31.4249519,49.9360291],[31.4340793,49.891807],[31.445496,49.8767706],[31.470182,49.8736072],[31.4766956,49.860025],[31.4966245,49.8598803],[31.5023639,49.8433268],[31.5144709,49.8472558],[31.5147904,49.8688902],[31.5566061,49.8747815],[31.580868,49.9067395],[31.6126244,49.9061663],[31.6147053,49.8569405],[31.7114761,49.8507097],[31.7522795,49.8933895],[31.7739912,49.89373],[31.7706049,49.9203736],[31.7952774,49.9340011],[31.8133873,49.9662075],[31.8897905,49.9624116],[31.9013949,49.9437454],[31.9180287,49.9613983],[31.9184071,49.9912191],[31.8999608,50.0192503],[31.9684397,50.0445241],[31.9797333,50.038701],[31.9865417,50.0524735],[31.9040163,50.0560697],[31.9114146,50.1007745],[31.9752853,50.1252744],[31.9579735,50.1411538],[31.9464897,50.1366091],[31.9341184,50.1584553],[31.9653221,50.1516286],[32.0001985,50.1943896],[31.9933348,50.2013518],[32.0173552,50.2062288],[32.0562062,50.1877346],[32.0864231,50.2215584],[32.1081928,50.219946],[32.118106,50.2284028],[32.0894508,50.2469771],[32.1009103,50.2766062],[32.0838638,50.283214],[32.1399305,50.3046563],[32.1290183,50.31601],[32.1525195,50.3374675],[32.1411382,50.3541282],[32.1610264,50.3685532],[32.12007,50.37969],[32.0698715,50.3731774],[32.033448,50.3896614],[32.0092216,50.3895639],[32.0056897,50.3777648],[32.0270891,50.3642083],[32.0363008,50.3453919],[32.014693,50.3432908],[31.9823677,50.3489939],[31.9739019,50.3647025],[31.8938662,50.3683097],[31.8314912,50.4056986],[31.7595054,50.4008499],[31.7634402,50.4069574],[31.7464186,50.4077246],[31.7136998,50.3586764],[31.7195759,50.3496323],[31.669306,50.3226641],[31.6728432,50.2789322]]]]}},{"type":"Feature","properties":{"oblast":"kyivska","name":"Обухівський район","match":"обухівський"},"geometry":{"type":"MultiPolygon","coordinates":[[[[30.6594921,49.8371696],[30.5423573,49.8259269],[30.5410159,49.8598866],[30.5731612,49.8629982],[30.5874851,49.8910489],[30.5296943,49.917259],[30.5380493,49.9361872],[30.4925644,49.9359317],[30.4881334,49.9663842],[30.4406396,49.9921153],[30.342122,49.9901219],[30.3231749,50.0106039],[30.3002018,50.0134118],[30.2550548,50.0724272],[30.1968804,50.1171728],[30.2217847,50.1313564],[30.1981652,50.1495508],[30.2409652,50.1454807],[30.2517047,50.154277],[30.2341899,50.1621181],[30.2406755,50.1725933],[30.2117479,50.172875],[30.2043557,50.1821249],[30.2352789,50.2011842],[30.2282837,50.2122764],[30.2383715,50.219298],[30.2502993,50.213629],[30.242895,50.2072861],[30.2934304,50.1880987],[30.2895288,50.1961619],[30.30519,50.1984671],[30.3062865,50.2167352],[30.3194702,50.2187],[30.3216507,50.2357681],[30.3325787,50.235655],[30.3231843,50.2233621],[30.3462714,50.19348],[30.338501,50.1837548],[30.3817248,50.166393],[30.375022,50.1773413],[30.3867164,50.1784956],[30.3866735,50.1936706],[30.4119989,50.1960488],[30.4213491,50.211807],[30.384062,50.2374783],[30.4007524,50.2488858],[30.3745043,50.2653587],[30.3971153,50.2739581],[30.378769,50.2888796],[30.4196608,50.2945058],[30.4220988,50.3031008],[30.3998171,50.306353],[30.4029778,50.3176489],[30.4325983,50.3184631],[30.4259323,50.3246634],[30.437072,50.3340892],[30.478102,50.3395257],[30.475114,50.3333488],[30.497387,50.3325372],[30.4883265,50.3267619],[30.4961613,50.321866],[30.5335835,50.3171084],[30.5276376,50.2907369],[30.5463749,50.2910255],[30.542585,50.2759191],[30.5536222,50.2697443],[30.563785,50.2772768],[30.5862081,50.2453938],[30.5926614,50.2132422],[30.6435516,50.2260905],[30.6369175,50.2353595],[30.6453645,50.2397833],[30.6102996,50.2807286],[30.6258488,50.2825765],[30.6309106,50.2971035],[30.670824,50.2804547],[30.6603823,50.2636288],[30.6767463,50.2563702],[30.6893634,50.2615282],[30.720992,50.2450643],[30.7107352,50.2293634],[30.7152843,50.2204676],[30.7318067,50.2202651],[30.7723769,50.1583498],[30.8004703,50.1637651],[30.841779,50.1400126],[30.8446439,50.1520282],[30.8935976,50.1321369],[30.9237643,50.1043505],[30.9256983,50.0854821],[30.9608728,50.0740531],[30.9668702,50.0487793],[31.0633868,49.9853242],[31.1177283,49.9863435],[31.1872244,49.9673607],[31.1775926,49.9513752],[31.2489071,49.9365619],[31.3124433,49.9635546],[31.3475202,49.949126],[31.3342738,49.9359058],[31.3801579,49.907259],[31.3657765,49.8960217],[31.3104236,49.8918663],[31.2606901,49.8580382],[31.2471344,49.8680329],[31.2078722,49.852244],[31.2210363,49.8323358],[31.1897813,49.7902733],[31.2165089,49.7767907],[31.2049242,49.7571895],[31.2168632,49.7390204],[31.2099231,49.7375191],[31.2220092,49.7331515],[31.1963758,49.7015808],[31.2172779,49.6946845],[31.2114587,49.6862786],[31.2014254,49.6910887],[31.2021129,49.6752013],[31.1356301,49.6037246],[31.128754,49.5838776],[31.1526976,49.5806129],[31.1397284,49.5720405],[31.1538449,49.5554094],[31.1090576,49.5571479],[31.0974331,49.5429237],[31.1049389,49.5316578],[31.0928602,49.5160535],[31.0945648,49.4965212],[31.0401186,49.4737679],[31.043914,49.4572739],[31.0330424,49.4583069],[31.0292932,49.4717513],[31.0051973,49.4510044],[31.0066611,49.4311072],[30.9936963,49.4224733],[30.9296981,49.418262],[30.9238401,49.4360239],[30.9009294,49.4449555],[30.7952625,49.438126],[30.794431,49.4466584],[30.7792363,49.4453994],[30.7907403,49.4581247],[30.7658312,49.4656014],[30.7561773,49.4584978],[30.7628292,49.4666903],[30.7462907,49.4688989],[30.7305247,49.4891796],[30.6942505,49.4731979],[30.7019399,49.4883793],[30.7200443,49.4923968],[30.7158077,49.502792],[30.694394,49.5165125],[30.6859162,49.5415233],[30.6550608,49.5595945],[30.6595373,49.5816959],[30.6265442,49.593144],[30.6179705,49.6194325],[30.6205102,49.6064543],[30.6437328,49.5974134],[30.6975914,49.5960337],[30.7076268,49.6099648],[30.7166208,49.601419],[30.7246258,49.6057543],[30.7361231,49.6248861],[30.6976971,49.6389523],[30.7005081,49.6573289],[30.7299346,49.656643],[30.7334134,49.688174],[30.7456778,49.6918908],[30.7347715,49.7081555],[30.7220602,49.7079111],[30.7062176,49.7398068],[30.7158043,49.7392665],[30.7175106,49.8261624],[30.6594921,49.8371696]]]]}},{"type":"Feature","properties":{"oblast":"kyivska","name":"Білоцерківський район","match":"білоцерківський"},"geometry":{"type":"MultiPolygon","coordinates":[[[[30.5719981,49.3535426],[30.5835476,49.3496934],[30.6071149,49.3703037],[30.6391177,49.356096],[30.6604318,49.360501],[30.7287195,49.3318835],[30.749575,49.3450585],[30.778555,49.3436579],[30.7999469,49.3539619],[30.8660513,49.3508309],[30.8824436,49.3628942],[30.9090149,49.3586178],[30.9210205,49.3811505],[30.9305772,49.3804799],[30.9370145,49.4068039],[30.9210956,49.4155958],[30.9296981,49.418262],[30.9238401,49.4360239],[30.9009294,49.4449555],[30.7952625,49.438126],[30.794431,49.4466584],[30.7792363,49.4453994],[30.7907403,49.4581247],[30.7658312,49.4656014],[30.7561773,49.4584978],[30.7628292,49.4666903],[30.7462907,49.4688989],[30.732936,49.4886516],[30.7194726,49.4903547],[30.6942505,49.4731979],[30.7019399,49.4883793],[30.7200443,49.4923968],[30.7156364,49.5030916],[30.694394,49.5165125],[30.6859162,49.5415233],[30.6550608,49.5595945],[30.6595373,49.5816959],[30.6265442,49.593144],[30.6176736,49.6068776],[30.6205741,49.6234925],[30.6204325,49.6066171],[30.6296001,49.5999595],[30.6975914,49.5960337],[30.7076268,49.6099648],[30.7166208,49.601419],[30.7246258,49.6057543],[30.7364295,49.6220596],[30.697394,49.6417331],[30.7005081,49.6573289],[30.7299346,49.656643],[30.7334134,49.688174],[30.7456778,49.6918908],[30.7347715,49.7081555],[30.7220602,49.7079111],[30.7062176,49.7398068],[30.7158043,49.7392665],[30.7175106,49.8261624],[30.6594921,49.8371696],[30.5423573,49.8259269],[30.5410159,49.8598866],[30.5731612,49.8629982],[30.5874851,49.8910489],[30.5296943,49.917259],[30.5380493,49.9361872],[30.4925644,49.9359317],[30.4881334,49.9663842],[30.4406396,49.9921153],[30.3760949,49.9853328],[30.3341183,49.9917101],[30.3425378,49.9967071],[30.3002018,50.0134118],[30.2550548,50.0724272],[30.1968804,50.1171728],[30.1810183,50.1065091],[30.1299149,50.1011427],[30.0971427,50.0772558],[30.1058105,50.0655643],[30.0937186,50.0125413],[29.9989778,50.0322739],[29.9505086,50.0551617],[29.9149347,50.045158],[29.9246141,50.03623],[29.9187639,50.0027178],[29.9369073,50.0018363],[29.9625465,49.9576793],[29.9841329,49.9533375],[29.9686083,49.9395052],[29.9430495,49.9369192],[29.893603,49.9006133],[29.8948194,49.8912839],[29.8746197,49.8962707],[29.8513502,49.8710994],[29.7857916,49.9000872],[29.7314742,49.8822233],[29.6996659,49.9062667],[29.6496534,49.8782428],[29.6666348,49.8739772],[29.6551358,49.8666594],[29.6404752,49.8696516],[29.6208032,49.8522814],[29.6037997,49.8557671],[29.5929383,49.8414512],[29.5468977,49.8354713],[29.5418946,49.8189979],[29.5090815,49.8350422],[29.490665,49.8253514],[29.4975512,49.8159994],[29.4831652,49.8044026],[29.4700061,49.8144242],[29.4386888,49.8055263],[29.462044,49.7619157],[29.4351659,49.7293503],[29.4453545,49.7134413],[29.4980338,49.7135546],[29.4907462,49.7078007],[29.4889911,49.6689197],[29.5134814,49.6628506],[29.5052255,49.6491931],[29.5352411,49.6366637],[29.4962874,49.6000044],[29.5307082,49.5620631],[29.5461909,49.5314753],[29.5391818,49.5209462],[29.5699227,49.5032238],[29.5848928,49.506811],[29.5851329,49.4949951],[29.5598397,49.4980142],[29.5432408,49.4845247],[29.5952597,49.4431365],[29.5725578,49.4334029],[29.5423379,49.4015971],[29.5051574,49.3957052],[29.5028911,49.3699817],[29.5198909,49.3606446],[29.5226656,49.3373794],[29.5352881,49.3238979],[29.5732212,49.3240066],[29.6189189,49.3058315],[29.6076367,49.2995757],[29.6189744,49.281213],[29.6141655,49.275573],[29.6218564,49.2742129],[29.6130763,49.2655706],[29.6391935,49.2472009],[29.6624512,49.2500465],[29.6899123,49.2374643],[29.7011975,49.2606401],[29.7203048,49.243737],[29.7161138,49.2358492],[29.7541296,49.2268784],[29.7274707,49.2081191],[29.7603021,49.1796938],[29.8828813,49.1860685],[29.8768783,49.2002662],[29.89762,49.204817],[29.9322729,49.2485713],[29.9555578,49.2521576],[29.9570596,49.2855928],[29.9444634,49.3016651],[29.9471051,49.3121575],[29.9600052,49.306448],[30.0074222,49.315131],[30.0104183,49.3278677],[30.0264808,49.3343837],[30.0783754,49.3224588],[30.0889081,49.2851361],[30.1123291,49.2703198],[30.1233349,49.289004],[30.1071414,49.3029173],[30.1322713,49.3138051],[30.1366196,49.3313415],[30.2004215,49.328162],[30.1897437,49.2750853],[30.3665146,49.2552051],[30.3644795,49.244874],[30.3758619,49.2364118],[30.3978314,49.3034262],[30.4211241,49.3023807],[30.4139106,49.3304444],[30.4418395,49.3354518],[30.4378206,49.3523309],[30.4734596,49.3650013],[30.5155778,49.3277695],[30.5473941,49.3266149],[30.5455247,49.3362077],[30.5719981,49.3535426]]]]}},{"type":"Feature","properties":{"oblast":"kyivska","name":"Фастівський район","match":"фастівський"},"geometry":{"type":"MultiPolygon","coordinates":[[[[30.2497803,50.1549541],[30.2341899,50.1621181],[30.2406755,50.1725933],[30.2117479,50.172875],[30.2043557,50.1821249],[30.2352789,50.2011842],[30.2282837,50.2122764],[30.2383715,50.219298],[30.2502993,50.213629],[30.242895,50.2072861],[30.2934304,50.1880987],[30.2895288,50.1961619],[30.30519,50.1984671],[30.3062865,50.2167352],[30.3194702,50.2187],[30.3226572,50.2359861],[30.3325787,50.235655],[30.3231843,50.2233621],[30.3462714,50.19348],[30.338501,50.1837548],[30.3817248,50.166393],[30.375022,50.1773413],[30.3867164,50.1784956],[30.3866735,50.1936706],[30.4119989,50.1960488],[30.4213491,50.211807],[30.384062,50.2374783],[30.4007524,50.2488858],[30.3745043,50.2653587],[30.3971153,50.2739581],[30.37789,50.2869956],[30.4196608,50.2945058],[30.4220988,50.3031008],[30.3998171,50.306353],[30.4029778,50.3176489],[30.4325983,50.3184631],[30.4259323,50.3246634],[30.437072,50.3340892],[30.4742542,50.3376108],[30.4683024,50.3601008],[30.4374998,50.3569636],[30.425988,50.3741479],[30.3902922,50.3697714],[30.3934327,50.3627007],[30.3642046,50.3527507],[30.3346286,50.3749895],[30.3040111,50.3483836],[30.259746,50.3553623],[30.2659956,50.3497154],[30.2433792,50.3421568],[30.2351126,50.3210594],[30.2078935,50.3386304],[30.201821,50.3316469],[30.1691142,50.3410116],[30.1611936,50.3480775],[30.1666809,50.3545937],[30.1469913,50.3373241],[30.125083,50.3479833],[30.0896457,50.335078],[30.0903833,50.3243988],[30.0617453,50.3464788],[30.0698215,50.3649797],[30.0564775,50.3765085],[30.0343707,50.3774048],[30.026831,50.3961707],[29.9721381,50.4100969],[29.9637629,50.405832],[29.9684246,50.3999937],[29.9990514,50.3803007],[29.9854177,50.3715271],[29.9842456,50.3522245],[29.9176088,50.3380046],[29.9098867,50.2986737],[29.8277776,50.2967564],[29.7582896,50.3488348],[29.7258169,50.3164347],[29.6820533,50.3116333],[29.6766442,50.2915311],[29.6886841,50.277236],[29.666215,50.2745823],[29.6736799,50.2674243],[29.6655592,50.2649714],[29.703561,50.2300379],[29.6856272,50.2262533],[29.6431484,50.1798054],[29.6916698,50.1536394],[29.6591354,50.1276466],[29.6557451,50.1180738],[29.6699515,50.1137496],[29.6469242,50.1065546],[29.6970534,50.0685208],[29.6952236,50.0438828],[29.6715101,50.0322104],[29.6979508,50.0058726],[29.6906253,49.9979564],[29.7171313,49.9793257],[29.7146213,49.9668066],[29.7309648,49.9657111],[29.7211615,49.9594433],[29.7352238,49.9443586],[29.7254035,49.9417649],[29.728047,49.9327959],[29.665875,49.9112778],[29.627186,49.8863787],[29.6324976,49.8771286],[29.6495938,49.8781642],[29.6996659,49.9062667],[29.7314742,49.8822233],[29.7857916,49.9000872],[29.8513502,49.8710994],[29.8746197,49.8962707],[29.8948194,49.8912839],[29.893603,49.9006133],[29.9430495,49.9369192],[29.9686083,49.9395052],[29.9841329,49.9533375],[29.9625465,49.9576793],[29.9369073,50.0018363],[29.9187639,50.0027178],[29.9246141,50.03623],[29.9149347,50.045158],[29.9505086,50.0551617],[29.9989778,50.0322739],[30.0937186,50.0125413],[30.1058105,50.0655643],[30.0971427,50.0772558],[30.1299149,50.1011427],[30.1828017,50.1069561],[30.2209881,50.1291435],[30.1981652,50.1495508],[30.2409652,50.1454807],[30.2497803,50.1549541]]]]}},{"type":"Feature","properties":{"oblast":"kyivska","name":"Бучанський район","match":"бучанський"},"geometry":{"type":"MultiPolygon","coordinates":[[[[30.3625202,50.4300354],[30.4425788,50.3814158],[30.4302718,50.3718645],[30.3902922,50.3697714],[30.3934327,50.3627007],[30.3642046,50.3527507],[30.3346286,50.3749895],[30.3040111,50.3483836],[30.259746,50.3553623],[30.2659956,50.3497154],[30.2433792,50.3421568],[30.2351126,50.3210594],[30.2078935,50.3386304],[30.201821,50.3316469],[30.1691142,50.3410116],[30.1611936,50.3480775],[30.1666809,50.3545937],[30.1469913,50.3373241],[30.125083,50.3479833],[30.0896457,50.335078],[30.0903833,50.3243988],[30.0617453,50.3464788],[30.0698215,50.3649797],[30.0564775,50.3765085],[30.0343707,50.3774048],[30.026831,50.3961707],[29.9721381,50.4100969],[29.9637629,50.405832],[29.9684246,50.3999937],[29.9990514,50.3803007],[29.9854177,50.3715271],[29.9842456,50.3522245],[29.9176088,50.3380046],[29.9098867,50.2986737],[29.8277776,50.2967564],[29.7582896,50.3488348],[29.7561224,50.3387189],[29.7185905,50.3139063],[29.6449552,50.3243804],[29.6116258,50.3414701],[29.6418163,50.358275],[29.6376309,50.3725749],[29.6174937,50.3649006],[29.5889815,50.3747518],[29.5903771,50.4003375],[29.5602398,50.4225009],[29.4802885,50.4131377],[29.4818114,50.4040167],[29.454759,50.4014455],[29.4425755,50.4154229],[29.4815295,50.4190046],[29.4985012,50.440241],[29.4975412,50.4506092],[29.4467841,50.4527614],[29.4571438,50.4711127],[29.4835292,50.459305],[29.5108425,50.4707502],[29.5025369,50.4838911],[29.5070711,50.49988],[29.4602177,50.5172533],[29.4670066,50.527508],[29.4581371,50.5394687],[29.4857659,50.5366177],[29.5024022,50.5473408],[29.4983402,50.5898195],[29.4447373,50.6210648],[29.4722914,50.6282155],[29.4635764,50.6332494],[29.4851073,50.6468021],[29.4767962,50.6532357],[29.4860114,50.6626495],[29.5226443,50.6619626],[29.5421929,50.6896876],[29.565803,50.6930041],[29.5860904,50.7087567],[29.5976293,50.7291076],[29.5792361,50.7402938],[29.5814372,50.7490339],[29.5664402,50.7632114],[29.5708231,50.7799302],[29.6097397,50.7814736],[29.6100138,50.771465],[29.6525432,50.7633205],[29.7511488,50.7668018],[29.8174388,50.7750788],[29.8754877,50.794543],[29.8973973,50.7795183],[29.8861044,50.769763],[29.8980895,50.7470486],[29.9129323,50.7659299],[29.9078197,50.7776581],[29.9181228,50.7748588],[29.9195389,50.7544598],[29.9613405,50.754701],[29.9721252,50.776441],[30.0183008,50.7703079],[30.0572091,50.7768163],[30.0608446,50.7691048],[30.046026,50.7566523],[30.0552903,50.740519],[30.0415692,50.7297987],[30.0767657,50.7074259],[30.0733325,50.6978967],[30.1130359,50.6897045],[30.1071806,50.7151835],[30.1491854,50.7091287],[30.2118371,50.7181844],[30.2735342,50.7088952],[30.2708048,50.7022882],[30.3083798,50.6856661],[30.2795273,50.6638784],[30.286919,50.6370542],[30.2798985,50.6290848],[30.2991775,50.6087488],[30.340851,50.5960101],[30.287768,50.6048613],[30.2832758,50.597202],[30.3050812,50.5710527],[30.3415751,50.5573201],[30.3264556,50.5462477],[30.298026,50.5544188],[30.3025182,50.5334296],[30.2610574,50.5115169],[30.270083,50.4982362],[30.251669,50.4848427],[30.2490655,50.4742939],[30.2577451,50.4697581],[30.2399088,50.4524157],[30.2464771,50.4404725],[30.2361453,50.4268097],[30.269261,50.4262956],[30.2813786,50.4473313],[30.3221848,50.4424423],[30.3499284,50.4513004],[30.3625202,50.4300354]]],[[[30.3412337,50.4856343],[30.3490673,50.4888667],[30.3454349,50.4986686],[30.3176662,50.4940556],[30.3412337,50.4856343]]]]}},{"type":"Feature","properties":{"oblast":"kirovohradska","name":"Олександрійський район","match":"олександрійський"},"geometry":{"type":"MultiPolygon","coordinates":[[[[32.7835497,48.5009775],[32.7751676,48.4938306],[32.7920432,48.45935],[32.7841091,48.4533693],[32.8436292,48.4319676],[32.9183107,48.4643011],[32.9116801,48.4738744],[33.0171363,48.4820601],[33.0127001,48.5045432],[33.0464299,48.5075826],[33.0513716,48.4621429],[33.0911978,48.4642148],[33.1058258,48.4356638],[33.0781201,48.4331679],[33.0828106,48.4038886],[33.0738501,48.4032963],[33.0782645,48.3812109],[33.0695241,48.3804252],[33.0714201,48.3705628],[33.0418754,48.370774],[33.0531038,48.3180269],[33.1056414,48.3229164],[33.120608,48.275538],[33.1369818,48.278264],[33.1541915,48.2315445],[33.1465666,48.2307962],[33.156084,48.1852891],[33.1389501,48.1825849],[33.1455529,48.1517359],[33.18793,48.1453741],[33.1854053,48.1584443],[33.2428521,48.1725158],[33.2472448,48.1516151],[33.271753,48.153682],[33.2769907,48.1032988],[33.2933922,48.101973],[33.3018255,48.1187865],[33.3165281,48.124455],[33.291361,48.149523],[33.4306064,48.1699393],[33.4301453,48.1887345],[33.4961675,48.202146],[33.4974762,48.2111362],[33.4847526,48.2143047],[33.4982747,48.2169031],[33.5006559,48.2318993],[33.51289,48.2305032],[33.5111682,48.2188807],[33.5459884,48.2348788],[33.5296946,48.2757412],[33.5128577,48.2781058],[33.5175368,48.329029],[33.4735583,48.329004],[33.4781858,48.3492877],[33.4617697,48.3494942],[33.4597453,48.3576043],[33.47321,48.3675931],[33.4684699,48.388193],[33.4971077,48.393669],[33.4949439,48.4049355],[33.4864272,48.4045052],[33.4890422,48.4403393],[33.4694623,48.5337008],[33.4797365,48.5358471],[33.4724917,48.5449163],[33.4841544,48.5476099],[33.4819095,48.5578953],[33.5844532,48.5764061],[33.5902581,48.5596473],[33.6232085,48.5665173],[33.6092517,48.5994683],[33.6500646,48.5997633],[33.6613741,48.58621],[33.7624908,48.6246124],[33.7566241,48.6574445],[33.8018692,48.6627786],[33.8053568,48.6875783],[33.7503398,48.681167],[33.7462728,48.6933358],[33.7303588,48.692132],[33.6819104,48.7231043],[33.6187843,48.7275595],[33.607564,48.7513511],[33.5851037,48.7547656],[33.5831319,48.7969551],[33.6381151,48.7902809],[33.6590409,48.7931066],[33.6742008,48.8148154],[33.6894192,48.8081192],[33.7152649,48.8137289],[33.7252513,48.7892112],[33.811374,48.8028204],[33.8190656,48.7760891],[33.8509542,48.7708127],[33.8477445,48.8025881],[33.862621,48.8374013],[33.873674,48.8403933],[33.8943109,48.9019481],[33.8149378,48.9379673],[33.6992036,48.9453287],[33.6651085,48.9784797],[33.6371895,48.9738312],[33.6340428,48.9616577],[33.6006362,48.9418454],[33.609097,48.9384509],[33.589323,48.916845],[33.5676745,48.9188297],[33.5751592,48.9110338],[33.5476551,48.9126572],[33.5373325,48.931362],[33.4742998,48.9147365],[33.4761202,48.9520329],[33.4315734,48.9567914],[33.4212766,48.9487646],[33.4155796,48.9517545],[33.4235638,48.9561031],[33.4036222,48.9597909],[33.4011984,48.9278424],[33.3518066,48.9529371],[33.3196157,48.9490147],[33.3135945,48.9582755],[33.325024,48.9613805],[33.2975501,49.010521],[33.3278673,49.0247995],[33.3166906,49.0424382],[33.3199614,49.0615503],[33.2620421,49.0919021],[33.2884206,49.097159],[33.3043011,49.118343],[33.2681556,49.1341093],[33.2618352,49.1529212],[33.2403531,49.1667405],[33.248669,49.0859309],[33.1998675,49.0736036],[33.1869663,49.0964106],[33.1558935,49.098792],[33.1508456,49.1219974],[33.1580761,49.1296285],[33.1019995,49.1852126],[33.0331109,49.1857467],[33.0118265,49.2028927],[32.9953364,49.2024973],[32.9831251,49.211463],[32.983447,49.2400955],[32.9290167,49.2296321],[32.8591216,49.2447143],[32.757271,49.1668461],[32.7619643,49.1509082],[32.7771948,49.1420693],[32.8904096,49.1265557],[32.8961836,49.0948475],[32.8144669,49.0753207],[32.8293519,49.0747718],[32.8427046,49.0281641],[32.8280061,49.0107256],[32.8453572,49.0124229],[32.8739558,48.9923909],[32.8435481,48.9903099],[32.8454602,48.980692],[32.7974636,48.9710984],[32.7333299,48.9648233],[32.7388327,48.9436882],[32.7533244,48.9361481],[32.7416653,48.9310482],[32.7638104,48.9324137],[32.7737149,48.9236645],[32.7781241,48.8909249],[32.8084042,48.8937517],[32.8145924,48.8862594],[32.829857,48.8980158],[32.872041,48.8823472],[32.8858672,48.8154975],[32.7838401,48.8007044],[32.8004979,48.725298],[32.7776455,48.7198339],[32.7809103,48.70546],[32.8049557,48.7044328],[32.8081328,48.6894212],[32.7640449,48.6866522],[32.7679968,48.6636067],[32.754556,48.6604201],[32.7925313,48.6437697],[32.8008582,48.6213688],[32.83971,48.6247282],[32.8581376,48.6373523],[32.856772,48.6161439],[32.8032325,48.6136067],[32.8009934,48.6000242],[32.7772855,48.6058606],[32.77353,48.5990566],[32.7811507,48.5956741],[32.7741319,48.5780871],[32.7635643,48.5773981],[32.7650685,48.5595721],[32.7555471,48.5579011],[32.759156,48.5441762],[32.7763066,48.544165],[32.7828761,48.5137984],[32.7701911,48.5135643],[32.7835497,48.5009775]]]]}},{"type":"Feature","properties":{"oblast":"kirovohradska","name":"Кропивницький район","match":"кропивницький"},"geometry":{"type":"MultiPolygon","coordinates":[[[[32.8049557,48.7044328],[32.8081328,48.6894212],[32.7640449,48.6866522],[32.7679968,48.6636067],[32.754556,48.6604201],[32.7925313,48.6437697],[32.8008582,48.6213688],[32.83971,48.6247282],[32.8558603,48.6385228],[32.856772,48.6161439],[32.8032325,48.6136067],[32.8009934,48.6000242],[32.7772855,48.6058606],[32.7741319,48.5780871],[32.7635643,48.5773981],[32.7650685,48.5595721],[32.7555471,48.5579011],[32.759156,48.5441762],[32.7763066,48.544165],[32.7828761,48.5137984],[32.7701911,48.5135643],[32.7835497,48.5009775],[32.7751676,48.4938306],[32.7920432,48.45935],[32.7841091,48.4533693],[32.8436292,48.4319676],[32.9183107,48.4643011],[32.9116801,48.4738744],[33.0171363,48.4820601],[33.0127001,48.5045432],[33.0464299,48.5075826],[33.0513716,48.4621429],[33.0911978,48.4642148],[33.1058258,48.4356638],[33.0781201,48.4331679],[33.0828106,48.4038886],[33.0738501,48.4032963],[33.0782645,48.3812109],[33.0695241,48.3804252],[33.0714201,48.3705628],[33.0418754,48.370774],[33.0531038,48.3180269],[33.1056414,48.3229164],[33.120608,48.275538],[33.1369818,48.278264],[33.1423557,48.2515058],[33.1499058,48.252257],[33.1562673,48.1861074],[33.1389501,48.1825849],[33.1455529,48.1517359],[33.18793,48.1453741],[33.1854053,48.1584443],[33.2144634,48.161368],[33.2321509,48.1271566],[33.181681,48.1180973],[33.1870989,48.1042245],[33.2355386,48.1134027],[33.2220676,48.1058851],[33.2250584,48.0922047],[33.1416496,48.0765247],[33.1537542,48.0421922],[33.1431898,48.0639347],[33.1090739,48.065609],[33.1030032,48.0555085],[33.109175,48.0424559],[33.036952,48.0337805],[33.0356715,48.0172127],[33.02194,48.0133114],[33.0193469,47.9849098],[33.004483,47.9890748],[32.9892162,48.0484699],[32.9524982,48.0352897],[32.9450932,48.0423894],[32.913485,48.037587],[32.9150383,48.0315917],[32.8702838,48.0319424],[32.8876008,48.0177548],[32.8941148,47.9857122],[32.8017303,47.9747103],[32.7956157,47.9939455],[32.6890579,47.9825853],[32.6971688,47.9466922],[32.7371024,47.9517741],[32.7455728,47.932722],[32.6517763,47.9214869],[32.6558598,47.9047994],[32.6766327,47.9072212],[32.6855937,47.873001],[32.664442,47.8709697],[32.6692405,47.8529901],[32.6794286,47.8517554],[32.6575792,47.8195987],[32.4296391,47.7895592],[32.4229345,47.8013939],[32.4018658,47.7946847],[32.396465,47.8005423],[32.3629765,47.7888589],[32.3037571,47.8239474],[32.248037,47.816465],[32.2365308,47.8148154],[32.2398978,47.7938631],[32.2225186,47.7915994],[32.2316815,47.760423],[32.1606087,47.7511189],[32.154689,47.7611116],[32.1402589,47.7488944],[32.1358652,47.7579133],[32.116945,47.7559326],[32.1092838,47.7844614],[32.0896569,47.7822509],[32.0765689,47.806549],[32.0596547,47.8044878],[32.0548786,47.8173152],[31.9598764,47.8096817],[31.9630773,47.7989162],[31.8376686,47.7830536],[31.8274308,47.8165727],[31.8691185,47.8234751],[31.8532711,47.848407],[31.8572534,47.8646693],[31.8906963,47.8669388],[31.8766678,47.9194892],[31.8550209,47.9161497],[31.8439389,47.9636924],[31.7809227,47.9601064],[31.7527849,47.9437813],[31.7290654,48.0355775],[31.7830732,48.0423319],[31.7659894,48.107444],[31.8181828,48.1152661],[31.8864263,48.1116311],[31.882788,48.1256147],[31.9159843,48.12985],[31.9149816,48.1378022],[31.9746714,48.1386876],[31.9797878,48.1249147],[32.0305978,48.1339234],[32.0111732,48.1335075],[32.0075745,48.1496899],[31.9723251,48.1536428],[31.9704879,48.1643173],[31.9517402,48.1632371],[31.9444128,48.1881949],[31.9574267,48.1907737],[31.911997,48.2741251],[31.9333969,48.2788896],[31.9304031,48.3143755],[31.9392759,48.3158639],[31.9345925,48.3340861],[31.9443813,48.3359571],[31.9257975,48.368011],[31.9191135,48.4409762],[31.8858783,48.4387856],[31.8771775,48.4730136],[31.8467741,48.476486],[31.8491507,48.4960922],[31.8708415,48.4956679],[31.8715049,48.5293632],[31.9047904,48.5423005],[31.9541555,48.5336707],[31.9436278,48.542881],[31.9429693,48.5621472],[31.9154133,48.5793791],[31.9503982,48.5948424],[31.9789181,48.5909785],[31.9759987,48.5977996],[31.9862176,48.5997143],[31.9817608,48.6086154],[31.9713603,48.6064916],[31.9544701,48.6458217],[31.9408443,48.6539737],[31.9576204,48.666569],[31.9431284,48.6947202],[31.974309,48.6853141],[32.0739738,48.7126673],[32.0551101,48.7245302],[32.0481743,48.7379622],[32.0577898,48.741484],[32.0450802,48.7445319],[32.0162797,48.7989386],[31.8995752,48.8139203],[31.9301479,48.8421955],[31.9060348,48.8762709],[31.9123301,48.8867044],[31.9212745,48.8801156],[31.9543801,48.9103912],[32.0066529,48.913153],[32.0265394,48.9308372],[32.0489901,48.9163586],[32.093307,48.9189018],[32.0863366,48.904873],[32.1460206,48.9122758],[32.1535862,48.9446819],[32.131103,48.9513113],[32.1346735,48.966203],[32.1777507,48.972709],[32.1875691,48.9957845],[32.2181005,48.9868267],[32.233714,49.0594719],[32.2621929,49.0589202],[32.2599789,49.078198],[32.2826144,49.0845548],[32.2982625,49.073395],[32.3485796,49.0792993],[32.3534533,49.0695324],[32.3654377,49.0719301],[32.3757518,49.0500926],[32.3717265,49.0375404],[32.3970497,49.0262164],[32.4172909,49.0279222],[32.4428274,49.0525972],[32.4524301,49.0386296],[32.4757196,49.0335256],[32.4654874,49.0317183],[32.4711945,49.0096828],[32.497842,49.0123932],[32.5215471,48.9388939],[32.5517534,48.9418492],[32.5390454,48.9670191],[32.5781205,48.9589937],[32.5821135,48.9508087],[32.60781,48.9646045],[32.6116197,48.9536051],[32.653406,48.953315],[32.6798419,48.9573442],[32.6714588,48.9829937],[32.6959547,48.9829742],[32.6980543,48.9743141],[32.7310854,48.9745054],[32.7388327,48.9436882],[32.7533244,48.9361481],[32.7416653,48.9310482],[32.7638104,48.9324137],[32.7737149,48.9236645],[32.7781241,48.8909249],[32.8084042,48.8937517],[32.8145924,48.8862594],[32.829857,48.8980158],[32.8585796,48.8811571],[32.8707589,48.8835955],[32.8858672,48.8154975],[32.7838401,48.8007044],[32.8004979,48.725298],[32.7776455,48.7198339],[32.7809103,48.70546],[32.8049557,48.7044328]]]]}},{"type":"Feature","properties":{"oblast":"kirovohradska","name":"Новоукраїнський район","match":"новоукраїнський"},"geometry":{"type":"MultiPolygon","coordinates":[[[[31.1779934,48.6306416],[31.2004121,48.6009626],[31.1383239,48.5912663],[31.1074491,48.5916735],[31.1001676,48.6122308],[30.9830751,48.6032917],[30.984143,48.5543745],[30.9217074,48.5531799],[30.9316665,48.5219771],[30.8834713,48.5217954],[30.88225,48.4939093],[30.8473536,48.4641867],[30.8274026,48.4652443],[30.8079111,48.4529231],[30.8423005,48.438028],[30.8248738,48.4168429],[30.8463135,48.3926494],[30.8411463,48.3838733],[30.8649022,48.3780883],[30.9340985,48.3961621],[30.9387875,48.3828022],[30.9989714,48.3801861],[31.0068067,48.3472514],[31.0204715,48.3486488],[31.0298215,48.3184157],[31.0155449,48.3131974],[31.0207904,48.2944308],[31.1251246,48.3022682],[31.1324273,48.283698],[31.1219993,48.2825852],[31.1177131,48.2699929],[31.0908342,48.2671257],[31.1055227,48.2523478],[31.1038869,48.2394208],[31.0870338,48.2371536],[31.0909598,48.2239849],[31.1380877,48.2292811],[31.1401253,48.2207575],[31.1641423,48.2224938],[31.1921851,48.1940157],[31.1817594,48.1789766],[31.2012455,48.1683553],[31.2207565,48.1708125],[31.2364712,48.1169589],[31.3251945,48.1383135],[31.3301312,48.1140224],[31.3678634,48.1193567],[31.3797896,48.1324637],[31.3891468,48.1292942],[31.3951405,48.108328],[31.4202802,48.1116961],[31.4179638,48.1209015],[31.4868521,48.1295906],[31.4985336,48.0873897],[31.4764187,48.0831909],[31.4701323,48.0634245],[31.4880874,48.0653914],[31.4925401,48.0502899],[31.5074923,48.0555481],[31.5094936,48.0688927],[31.5509943,48.0699355],[31.5405344,48.1077935],[31.5591711,48.1102565],[31.5713612,48.0970356],[31.5842077,48.1055503],[31.582466,48.1287182],[31.6340116,48.1348427],[31.6420165,48.1149732],[31.6842941,48.1202722],[31.6945326,48.093348],[31.8181828,48.1152661],[31.8864263,48.1116311],[31.882788,48.1256147],[31.9159843,48.12985],[31.9149816,48.1378022],[31.9746714,48.1386876],[31.9797878,48.1249147],[32.0305978,48.1339234],[32.0111732,48.1335075],[32.0075745,48.1496899],[31.9723251,48.1536428],[31.9704879,48.1643173],[31.9517402,48.1632371],[31.9444128,48.1881949],[31.9574267,48.1907737],[31.911997,48.2741251],[31.9333969,48.2788896],[31.9304031,48.3143755],[31.9392759,48.3158639],[31.9345925,48.3340861],[31.9443813,48.3359571],[31.9257975,48.368011],[31.9191135,48.4409762],[31.8858783,48.4387856],[31.8771775,48.4730136],[31.8467741,48.476486],[31.8491507,48.4960922],[31.8708415,48.4956679],[31.8715049,48.5293632],[31.9047904,48.5423005],[31.9541555,48.5336707],[31.9436278,48.542881],[31.9429693,48.5621472],[31.9154133,48.5793791],[31.9503982,48.5948424],[31.9789181,48.5909785],[31.9759987,48.5977996],[31.9862176,48.5997143],[31.9817608,48.6086154],[31.9713603,48.6064916],[31.9544701,48.6458217],[31.9408443,48.6539737],[31.9576204,48.666569],[31.9431284,48.6947202],[31.974309,48.6853141],[32.0739738,48.7126673],[32.0551101,48.7245302],[32.0481743,48.7379622],[32.0577898,48.741484],[32.0450802,48.7445319],[32.0162797,48.7989386],[31.8995752,48.8139203],[31.9301479,48.8421955],[31.9060348,48.8762709],[31.9182295,48.9062642],[31.8218939,48.9366646],[31.8052944,48.9496396],[31.7510646,48.9260483],[31.6984618,48.9309838],[31.6895238,48.896414],[31.6402658,48.9003338],[31.6389044,48.9080341],[31.6022122,48.9025304],[31.5988664,48.8925613],[31.5806873,48.8878597],[31.5948138,48.9061767],[31.5817229,48.9126803],[31.5668778,48.8999202],[31.5771922,48.8966862],[31.5686242,48.891579],[31.580971,48.8849423],[31.5742744,48.8808237],[31.5814379,48.8733821],[31.5591544,48.8630892],[31.5670634,48.8571708],[31.5544264,48.8370091],[31.5621269,48.8347181],[31.5270627,48.8162548],[31.5281476,48.8042489],[31.4679877,48.7886051],[31.4227572,48.7637019],[31.4360105,48.7538411],[31.4244445,48.7430693],[31.4113633,48.7560703],[31.4128144,48.7454915],[31.3930581,48.7349126],[31.3941557,48.7481435],[31.3838022,48.728089],[31.3577708,48.7417711],[31.3537199,48.7274823],[31.3264425,48.7269683],[31.309187,48.7588665],[31.2677155,48.7516583],[31.2528629,48.7410411],[31.2666191,48.6957484],[31.2452507,48.6931954],[31.2329236,48.7144404],[31.224131,48.7129329],[31.1817455,48.697889],[31.1898876,48.6929736],[31.1857226,48.6861118],[31.1461169,48.6730141],[31.1779934,48.6306416]]]]}},{"type":"Feature","properties":{"oblast":"kirovohradska","name":"Голованівський район","match":"голованівський"},"geometry":{"type":"MultiPolygon","coordinates":[[[[30.6844879,48.1880601],[30.647191,48.1852116],[30.6564591,48.1719647],[30.6210406,48.1662439],[30.6178592,48.1560366],[30.5557412,48.1557513],[30.527007,48.1795746],[30.5046845,48.1582021],[30.4956417,48.1703479],[30.4686909,48.162865],[30.4357792,48.1728593],[30.4136478,48.1630745],[30.3674766,48.1745779],[30.3271578,48.160332],[30.3278739,48.1475424],[30.3165713,48.1407371],[30.2623874,48.1480336],[30.2419848,48.1408612],[30.1874463,48.1550857],[30.1051837,48.1400999],[30.0492758,48.1504063],[30.0320996,48.178794],[30.0023178,48.1841168],[30.008769,48.209117],[29.9902007,48.2300256],[29.9752929,48.2168644],[29.9303634,48.2332855],[29.891458,48.1857954],[29.8434007,48.2122516],[29.7856548,48.2044966],[29.7708804,48.2263341],[29.7823386,48.2422708],[29.7707517,48.2568042],[29.7722363,48.2721285],[29.7493056,48.2894556],[29.7504924,48.2993085],[29.7630153,48.296354],[29.781974,48.3148765],[29.784235,48.3300239],[29.8039069,48.3321088],[29.8005812,48.3487651],[29.8111419,48.348764],[29.7864111,48.3694983],[29.8729297,48.4169106],[29.8645681,48.4256897],[29.9571562,48.4508647],[29.9531816,48.4615943],[29.9641715,48.4605654],[29.96786,48.4718036],[30.0498295,48.4827495],[30.0871951,48.4578148],[30.1137383,48.4521495],[30.1446295,48.4727048],[30.1558122,48.4859421],[30.1516387,48.4967953],[30.1626455,48.5035196],[30.2205295,48.4798243],[30.2561097,48.4890708],[30.2547893,48.5054099],[30.3864863,48.5270213],[30.4029125,48.573874],[30.4528743,48.5832993],[30.4735449,48.5654117],[30.5665508,48.5672257],[30.5678629,48.5913782],[30.557694,48.5955285],[30.5708909,48.6057062],[30.5294597,48.6277714],[30.5516312,48.6540717],[30.5986247,48.6630861],[30.6110338,48.6977707],[30.5759081,48.7207106],[30.6091075,48.7191185],[30.6219367,48.7397752],[30.6353503,48.7390394],[30.6369926,48.7518962],[30.6981482,48.7673974],[30.7511208,48.7608508],[30.7530995,48.7701335],[30.8038131,48.7568991],[30.8114254,48.7694825],[30.83222,48.7496621],[30.8834744,48.7439029],[30.8974835,48.7464948],[30.9015335,48.7615647],[30.9456166,48.7589696],[30.9436575,48.772238],[30.9664304,48.7611641],[31.0381146,48.7605407],[31.0588005,48.7543762],[31.068901,48.7368916],[31.0865405,48.7316426],[31.1007848,48.7397858],[31.1136494,48.7276793],[31.1222359,48.740906],[31.130323,48.7366444],[31.1425811,48.746803],[31.1522957,48.7397776],[31.1748318,48.7618039],[31.2053049,48.7556941],[31.2161016,48.7684628],[31.2531692,48.7642238],[31.2649432,48.747832],[31.2528629,48.7410411],[31.2527578,48.7297842],[31.2666191,48.6957484],[31.2452507,48.6931954],[31.2329236,48.7144404],[31.224131,48.7129329],[31.1817455,48.697889],[31.1898876,48.6929736],[31.1857226,48.6861118],[31.1461169,48.6730141],[31.2004121,48.6009626],[31.1383239,48.5912663],[31.1074491,48.5916735],[31.1001676,48.6122308],[30.9830751,48.6032917],[30.984143,48.5543745],[30.9217074,48.5531799],[30.9316665,48.5219771],[30.8834713,48.5217954],[30.88225,48.4939093],[30.8473536,48.4641867],[30.8274026,48.4652443],[30.8079111,48.4529231],[30.8423005,48.438028],[30.8251328,48.4133978],[30.851246,48.3763804],[30.9340985,48.3961621],[30.9387875,48.3828022],[30.9993715,48.3799087],[31.0068067,48.3472514],[31.0204715,48.3486488],[31.0298215,48.3184157],[31.0155449,48.3131974],[31.0207904,48.2944308],[31.1251246,48.3022682],[31.1324273,48.283698],[31.1219993,48.2825852],[31.1177131,48.2699929],[31.0908342,48.2671257],[31.1055227,48.2523478],[31.1038869,48.2394208],[31.0870338,48.2371536],[31.0909598,48.2239849],[31.0560989,48.2201329],[31.0527322,48.2322044],[30.9812229,48.2221771],[30.9893724,48.1844659],[30.9317281,48.1839697],[30.9304435,48.1662813],[30.8999568,48.159321],[30.8550746,48.1610721],[30.8484801,48.1843664],[30.8237164,48.1883362],[30.8138696,48.1697051],[30.7925069,48.1679766],[30.7854417,48.1914431],[30.7193171,48.1865015],[30.7167351,48.1955866],[30.6844879,48.1880601]]]]}},{"type":"Feature","properties":{"oblast":"luhanska","name":"Старобільський район","match":"старобільський"},"geometry":{"type":"MultiPolygon","coordinates":[[[[39.3945223,49.0655896],[39.306432,49.0998111],[39.2750019,49.0886618],[39.2451945,49.0935325],[39.2256385,49.109175],[39.2470908,49.1205014],[39.2419866,49.1269978],[39.188911,49.1170361],[39.143182,49.1281299],[39.1384332,49.0978047],[38.878684,49.1215441],[38.8155824,49.0939786],[38.8178703,49.0547821],[38.7465557,49.0572043],[38.7490153,49.0499165],[38.7243068,49.0439128],[38.7022617,49.05278],[38.6906934,49.0455232],[38.6924207,49.0662361],[38.7223542,49.067765],[38.7193018,49.0915425],[38.6967713,49.0899722],[38.6900926,49.1049652],[38.6889955,49.1609387],[38.6516726,49.1758226],[38.6133814,49.1744935],[38.6255211,49.1969421],[38.5042128,49.2025926],[38.513115,49.2226163],[38.4754381,49.2467783],[38.4863037,49.2625432],[38.4768127,49.2829205],[38.5519481,49.2797133],[38.5852638,49.342349],[38.6064264,49.3407307],[38.6254513,49.3567293],[38.6196846,49.3892277],[38.5897753,49.3959838],[38.58679,49.4102019],[38.6372235,49.4349227],[38.6715424,49.4272281],[38.683151,49.3952192],[38.6723363,49.393889],[38.6732027,49.3796452],[38.69252,49.3625816],[38.7109601,49.3691877],[38.766962,49.3533294],[38.8306564,49.3749442],[38.8912904,49.3782063],[38.8922292,49.3976526],[38.9042723,49.3973244],[38.896274,49.4131895],[38.8637334,49.4275909],[38.870109,49.4487597],[38.8997984,49.4685006],[38.8998681,49.4909898],[38.9182359,49.505621],[38.9173669,49.5341078],[38.8990313,49.5566835],[38.8963598,49.5847684],[38.909964,49.6237502],[38.9472038,49.6237433],[38.9300644,49.6396775],[38.9463535,49.6409437],[38.945691,49.6529774],[38.9334547,49.653415],[38.9490974,49.6577977],[38.9559585,49.6794276],[38.8907379,49.7257137],[38.8739419,49.7175151],[38.846342,49.7247323],[38.8403284,49.7135679],[38.8221753,49.7176747],[38.8160115,49.7064462],[38.7769452,49.7134587],[38.7919173,49.7478299],[38.7867165,49.7555278],[38.8003877,49.7625488],[38.7953612,49.7779369],[38.8385314,49.7849806],[38.8402212,49.7945288],[38.8891245,49.8189282],[38.9134696,49.8177402],[38.9307216,49.7968246],[39.0304984,49.8225476],[39.0668866,49.8155717],[39.1799184,49.8887192],[39.2262173,49.8400371],[39.2275866,49.8073073],[39.2513594,49.7763882],[39.2855875,49.7551815],[39.37833,49.7388021],[39.4428197,49.7603734],[39.6106823,49.7336425],[39.5914623,49.7189788],[39.6389642,49.6346434],[39.6587093,49.6160723],[39.7502035,49.5974662],[39.8064088,49.5581257],[39.8914272,49.5587923],[39.9345732,49.5741232],[39.9516721,49.5976672],[40.0579396,49.6069739],[40.064979,49.5989766],[40.1354561,49.6170899],[40.1395697,49.596065],[40.1703866,49.5689372],[40.0390626,49.5206343],[40.0421304,49.499245],[40.0296187,49.4540906],[40.1142567,49.3858239],[40.2004606,49.3457723],[40.1822792,49.3035868],[40.1864106,49.2812014],[40.2278093,49.2605138],[40.2081102,49.241921],[40.1366025,49.2392662],[40.0776342,49.187047],[40.0310227,49.1794522],[39.9385911,49.0829448],[39.9379232,49.0564397],[39.8113632,49.0607476],[39.7665489,49.0398504],[39.6931931,49.0506126],[39.6722598,49.0405133],[39.6851435,49.034565],[39.663949,49.0009298],[39.6759063,48.9902291],[39.6496797,48.9828716],[39.625985,49.0041842],[39.5856446,48.9770552],[39.5356187,48.991718],[39.5342401,49.0156832],[39.4958147,49.0726482],[39.5048296,49.0888708],[39.4666082,49.0867893],[39.4629282,49.105276],[39.4463615,49.1057615],[39.4517434,49.0943738],[39.4331717,49.0772675],[39.44772,49.0738097],[39.4464326,49.0642151],[39.4297063,49.0555503],[39.3945223,49.0655896]]]]}},{"type":"Feature","properties":{"oblast":"luhanska","name":"Сватівський район","match":"сватівський"},"geometry":{"type":"MultiPolygon","coordinates":[[[[38.2225513,49.1829236],[38.2198048,49.1591303],[38.2357492,49.1804068],[38.3955324,49.1898449],[38.3858094,49.2002617],[38.4081012,49.2051459],[38.4070095,49.21147],[38.3558464,49.2072768],[38.3550283,49.2517473],[38.3644509,49.2525264],[38.3604021,49.2623646],[38.4243339,49.2823099],[38.4233844,49.3003074],[38.4409797,49.3078575],[38.4421009,49.2972535],[38.477498,49.2983502],[38.4768127,49.2829205],[38.5519481,49.2797133],[38.5852638,49.342349],[38.6064264,49.3407307],[38.6254513,49.3567293],[38.6196846,49.3892277],[38.5842365,49.4003477],[38.5906094,49.4159466],[38.6084139,49.4179009],[38.6110197,49.4273441],[38.6372235,49.4349227],[38.6715424,49.4272281],[38.683151,49.3952192],[38.6723363,49.393889],[38.6732027,49.3796452],[38.69252,49.3625816],[38.7109601,49.3691877],[38.766962,49.3533294],[38.8306564,49.3749442],[38.8912904,49.3782063],[38.8922292,49.3976526],[38.9042723,49.3973244],[38.896274,49.4131895],[38.8637334,49.4275909],[38.870109,49.4487597],[38.8997984,49.4685006],[38.8998681,49.4909898],[38.9182359,49.505621],[38.9173669,49.5341078],[38.8990313,49.5566835],[38.8963598,49.5847684],[38.909964,49.6237502],[38.9472038,49.6237433],[38.9300644,49.6396775],[38.9463535,49.6409437],[38.945691,49.6529774],[38.9334547,49.653415],[38.9490974,49.6577977],[38.9559585,49.6794276],[38.8907379,49.7257137],[38.8739419,49.7175151],[38.846342,49.7247323],[38.8403284,49.7135679],[38.8221753,49.7176747],[38.8160115,49.7064462],[38.7769452,49.7134587],[38.7919173,49.7478299],[38.7867165,49.7555278],[38.8003877,49.7625488],[38.7953612,49.7779369],[38.8385314,49.7849806],[38.8402212,49.7945288],[38.8891245,49.8189282],[38.9121607,49.8183424],[38.9121714,49.8439329],[38.9044869,49.8489418],[38.9184183,49.8586918],[38.8964537,49.870535],[38.8422374,49.8654585],[38.8247019,49.878687],[38.7909597,49.8782705],[38.7685257,49.8958646],[38.7447238,49.8972987],[38.7239415,49.9271076],[38.6920533,49.9370159],[38.6859683,49.9621287],[38.7185508,49.9831856],[38.6858386,50.0075227],[38.6771321,49.9943224],[38.6806726,49.9744476],[38.6471061,49.9559856],[38.6164632,49.9747839],[38.5917655,49.9772558],[38.5276405,49.9587388],[38.4887955,49.9637401],[38.4784325,49.983279],[38.4649717,49.983316],[38.469015,49.9952969],[38.4335688,50.0012609],[38.4163168,49.981692],[38.3498476,50.006984],[38.3511928,50.0357945],[38.3325849,50.0580084],[38.3293019,50.08544],[38.3004574,50.0867978],[38.2557397,50.0725124],[38.1787737,50.079928],[38.1859164,50.0226201],[38.2218117,49.9791893],[38.1627595,49.9515608],[38.1713064,49.9418887],[38.1270446,49.9221256],[38.1245957,49.9422697],[38.0458474,49.9148583],[38.0320896,49.8996608],[38.093529,49.8460777],[38.073678,49.8360138],[38.017711,49.8370829],[38.0095719,49.8127852],[38.0548811,49.7915125],[38.0525154,49.783448],[38.0379456,49.7827777],[37.9988497,49.7532542],[37.9826707,49.7551587],[37.9766813,49.7678],[37.9514337,49.731662],[37.9747072,49.7084843],[38.0167106,49.7129176],[37.9986513,49.70038],[38.0133793,49.6954199],[38.0112724,49.6774386],[38.0320367,49.6668015],[38.0265141,49.6630793],[38.0457938,49.657506],[37.9959275,49.6477859],[37.987107,49.6418408],[37.9957706,49.6286273],[37.9805195,49.6260576],[37.9748306,49.6116033],[37.9443097,49.6112904],[37.9340905,49.5894807],[37.9523188,49.5685519],[37.9011744,49.5741737],[37.886433,49.549142],[37.9272576,49.5478595],[37.9259607,49.5416342],[37.8857732,49.5188635],[37.8468168,49.5206187],[37.83667,49.4926815],[37.8508964,49.4877142],[37.8440005,49.4452346],[37.8755942,49.4467491],[37.8783381,49.4134652],[37.8962713,49.4034895],[37.8769165,49.3287301],[37.8834557,49.3126874],[37.948553,49.303627],[37.9584141,49.2851618],[37.9137111,49.277715],[37.8988744,49.2702854],[37.9117826,49.2595009],[37.8662869,49.2463704],[37.8732017,49.223261],[37.889835,49.2191761],[37.8896007,49.2118835],[37.9334722,49.2207777],[37.9425636,49.2141219],[37.9193732,49.2066285],[37.9349032,49.1916819],[37.8933772,49.1751721],[37.9025383,49.1668335],[37.8931224,49.1603634],[37.9807073,49.130659],[38.0401745,49.1265537],[38.043648,49.1504996],[38.0312401,49.1513908],[38.0543151,49.1782669],[38.1025359,49.1786877],[38.0945429,49.192774],[38.1457221,49.1974697],[38.1953162,49.1751423],[38.2225513,49.1829236]]],[[[38.210468,49.0830212],[38.2064903,49.0954451],[38.1895977,49.0891536],[38.210468,49.0830212]]]]}},{"type":"Feature","properties":{"oblast":"luhanska","name":"Щастинський район","match":"щастинський"},"geometry":{"type":"MultiPolygon","coordinates":[[[[39.0734465,48.6513982],[39.139582,48.6607037],[39.1469138,48.675681],[39.1767955,48.6834774],[39.195807,48.7072967],[39.2060208,48.6992779],[39.2431438,48.7104299],[39.2546759,48.7424185],[39.2683983,48.7429037],[39.27222,48.7544421],[39.2852129,48.7497883],[39.3070051,48.7724508],[39.324156,48.7768799],[39.3284796,48.7683779],[39.3558927,48.7667833],[39.3447041,48.7571011],[39.3612727,48.7359794],[39.3551946,48.7268974],[39.375243,48.7182119],[39.3482896,48.7120844],[39.357401,48.6980669],[39.4116002,48.6719413],[39.4109818,48.6584104],[39.4522341,48.6557613],[39.4518244,48.643132],[39.467976,48.638569],[39.4669962,48.6287437],[39.5148826,48.6346954],[39.5130855,48.6223214],[39.534983,48.5952725],[39.5312065,48.5853906],[39.5455427,48.585235],[39.5605123,48.5991998],[39.5705545,48.581991],[39.602505,48.5921751],[39.5962071,48.5771431],[39.6087599,48.5736452],[39.6220969,48.5871675],[39.6914604,48.5863647],[39.6604688,48.6081275],[39.6936947,48.6366372],[39.6936369,48.6493038],[39.7161213,48.6547668],[39.7018448,48.6695154],[39.723289,48.6838629],[39.7043076,48.7205075],[39.723478,48.7255324],[39.7251087,48.7404353],[39.739425,48.7437217],[39.7257552,48.7525601],[39.7437394,48.7703808],[39.7683701,48.7660734],[39.7626275,48.7728662],[39.7839403,48.7917859],[39.7799063,48.8118492],[39.7858436,48.8245772],[39.7976933,48.8246702],[39.7914022,48.8289222],[39.7969222,48.8404175],[39.976136,48.7934566],[40.0798362,48.8699514],[40.0608449,48.9093807],[40.0351158,48.9159109],[40.0041707,48.9013689],[39.9932215,48.8682343],[39.9488398,48.8764365],[39.9250245,48.8958337],[39.8528999,48.8907603],[39.8383811,48.9032217],[39.8270085,48.8864235],[39.8190504,48.9078769],[39.7753894,48.9221054],[39.7780341,48.9516025],[39.7487068,48.9785728],[39.752875,48.9858728],[39.7266832,48.975638],[39.6995741,49.0008444],[39.6496797,48.9828716],[39.625985,49.0041842],[39.5856446,48.9770552],[39.5356187,48.991718],[39.5342401,49.0156832],[39.4958147,49.0726482],[39.5048296,49.0888708],[39.4666082,49.0867893],[39.4629282,49.105276],[39.4446838,49.1032566],[39.4517434,49.0943738],[39.4331717,49.0772675],[39.44772,49.0738097],[39.4464326,49.0642151],[39.4297063,49.0555503],[39.306432,49.0998111],[39.2750019,49.0886618],[39.2451945,49.0935325],[39.2256385,49.109175],[39.2470908,49.1205014],[39.2419866,49.1269978],[39.188911,49.1170361],[39.143182,49.1281299],[39.1384332,49.0978047],[38.878684,49.1215441],[38.8155824,49.0939786],[38.8212097,49.0195355],[38.8010207,49.0066651],[38.8209253,49.006475],[38.8226125,48.9736961],[38.7726027,48.9339854],[38.7531352,48.9346248],[38.7651354,48.927351],[38.697128,48.8834481],[38.7213832,48.87306],[38.659561,48.8569673],[38.695913,48.8295649],[38.6933112,48.8219542],[38.6724758,48.8250728],[38.6770087,48.8143953],[38.6625892,48.8108167],[38.6946128,48.7992223],[38.6665535,48.7859049],[38.6580107,48.770394],[38.6977047,48.7591877],[38.7636816,48.7701245],[38.8012379,48.7602203],[38.7987351,48.752305],[38.937794,48.7475769],[38.9338136,48.7367385],[38.94313,48.7346136],[38.9585291,48.735819],[38.9601755,48.7464761],[38.9807094,48.7449558],[39.0006843,48.7201591],[38.9857468,48.7116895],[38.9992477,48.7119088],[39.0022138,48.6990511],[39.0166334,48.6953121],[39.0290386,48.6630616],[39.0110075,48.6605474],[39.0429288,48.6472723],[39.0734465,48.6513982]]]]}},{"type":"Feature","properties":{"oblast":"luhanska","name":"Сіверськодонецький район","match":"сіверськодонецький"},"geometry":{"type":"MultiPolygon","coordinates":[[[[38.2225513,49.1829236],[38.2198048,49.1591303],[38.2357492,49.1804068],[38.3955324,49.1898449],[38.3858094,49.2002617],[38.4081012,49.2051459],[38.4070095,49.21147],[38.3558464,49.2072768],[38.3550283,49.2517473],[38.3644509,49.2525264],[38.3604021,49.2623646],[38.4243339,49.2823099],[38.4233844,49.3003074],[38.4409797,49.3078575],[38.4421009,49.2972535],[38.477498,49.2983502],[38.475709,49.2712278],[38.4863037,49.2625432],[38.4754381,49.2467783],[38.513115,49.2226163],[38.5042128,49.2025926],[38.6255211,49.1969421],[38.6133814,49.1744935],[38.6516726,49.1758226],[38.6889955,49.1609387],[38.6900926,49.1049652],[38.6967713,49.0899722],[38.7193018,49.0915425],[38.7223542,49.067765],[38.6924207,49.0662361],[38.6906934,49.0455232],[38.7022617,49.05278],[38.7243068,49.0439128],[38.7490153,49.0499165],[38.7465557,49.0572043],[38.8178703,49.0547821],[38.8212097,49.0195355],[38.8010207,49.0066651],[38.8209253,49.006475],[38.8226688,48.9738264],[38.7726027,48.9339854],[38.7531352,48.9346248],[38.7651354,48.927351],[38.697128,48.8834481],[38.7213832,48.87306],[38.659561,48.8569673],[38.695913,48.8295649],[38.6933112,48.8219542],[38.6724758,48.8250728],[38.6770087,48.8143953],[38.6625892,48.8108167],[38.6946128,48.7992223],[38.6665535,48.7859049],[38.6580107,48.770394],[38.6961061,48.7592796],[38.7636816,48.7701245],[38.8012379,48.7602203],[38.7987351,48.752305],[38.900882,48.7512674],[38.8824874,48.6929717],[38.8644871,48.6950538],[38.8433808,48.6713704],[38.7560534,48.7042522],[38.6852244,48.7165777],[38.6788997,48.7527697],[38.659772,48.7465787],[38.6576635,48.7587219],[38.6458675,48.7571333],[38.6488087,48.7677097],[38.6265443,48.7708975],[38.6207528,48.7608644],[38.5933889,48.7584772],[38.5579369,48.7797135],[38.5266709,48.7726152],[38.5161942,48.7845688],[38.4797591,48.7852156],[38.4924503,48.7707603],[38.5191661,48.7728149],[38.5084945,48.7507357],[38.5174424,48.7495407],[38.5212588,48.7338609],[38.5141987,48.7244795],[38.4977698,48.7244205],[38.5246483,48.7167294],[38.5305674,48.6864355],[38.5807453,48.6789032],[38.5692737,48.6644412],[38.5483965,48.6602026],[38.5518145,48.6730847],[38.5098576,48.6836092],[38.4781133,48.6710305],[38.4869189,48.679477],[38.4697995,48.6839038],[38.4955163,48.6908907],[38.4592938,48.6974934],[38.4596318,48.688053],[38.4431952,48.6899866],[38.4454215,48.682344],[38.4051186,48.6688056],[38.3965462,48.6553485],[38.4180844,48.658318],[38.4165153,48.6421183],[38.4666753,48.6454182],[38.4787023,48.6555257],[38.4693521,48.6396973],[38.4208202,48.641062],[38.4504211,48.6258318],[38.4449118,48.6109659],[38.4001619,48.5991501],[38.3966321,48.5819342],[38.4043086,48.5633634],[38.4444022,48.5700797],[38.4591544,48.5296792],[38.4766799,48.5311144],[38.4803116,48.5184059],[38.4525007,48.467289],[38.4289134,48.4654243],[38.4331875,48.4476651],[38.4029084,48.4344542],[38.3824003,48.4294141],[38.3656365,48.4432766],[38.3407992,48.4373299],[38.3108872,48.4557299],[38.3188212,48.4646625],[38.2881689,48.4761967],[38.3052224,48.4753823],[38.2995039,48.4896126],[38.3206317,48.5081625],[38.2737225,48.5453326],[38.2634819,48.6370174],[38.2291388,48.6339615],[38.2257673,48.6522761],[38.2659066,48.6563833],[38.2670492,48.6637463],[38.2868224,48.6647738],[38.284843,48.6821404],[38.3153021,48.6843592],[38.3072501,48.6877644],[38.314653,48.7045779],[38.3041522,48.7108401],[38.3251351,48.7140328],[38.3198512,48.7334541],[38.2831088,48.7373719],[38.2631332,48.7502753],[38.2831317,48.7734726],[38.2785505,48.8025566],[38.3167452,48.8057329],[38.3137518,48.8284843],[38.2724243,48.8246666],[38.2598126,48.8427742],[38.2212424,48.8392965],[38.229112,48.8586976],[38.2279914,48.9367431],[38.1956434,48.9277686],[38.1425706,48.9328947],[38.1333625,48.92374],[38.0921853,48.9393804],[38.0537975,48.9395869],[38.037377,48.9248644],[38.036229,48.9351695],[38.0217987,48.9329705],[38.0058503,48.9465823],[38.0286759,48.973432],[38.0537116,48.9648958],[38.0524671,48.9857249],[38.0985904,48.9927494],[38.0526388,49.0595841],[38.0622572,49.0632345],[38.0839616,49.1353431],[38.0815852,49.148068],[38.0312401,49.1513908],[38.0543151,49.1782669],[38.1025359,49.1786877],[38.0945429,49.192774],[38.1457221,49.1974697],[38.1953162,49.1751423],[38.2225513,49.1829236]]],[[[38.5853325,48.7297359],[38.5925939,48.7309752],[38.5765547,48.7310445],[38.5853325,48.7297359]]],[[[38.5701832,48.7188955],[38.5490522,48.7269344],[38.5632777,48.710518],[38.5841238,48.7041743],[38.5701832,48.7188955]]],[[[38.3031946,48.4972524],[38.2926428,48.4906721],[38.3075827,48.4931464],[38.3031946,48.4972524]]]]}},{"type":"Feature","properties":{"oblast":"luhanska","name":"Довжанський район","match":"довжанський"},"geometry":{"type":"MultiPolygon","coordinates":[[[[39.4066597,48.1331323],[39.3907738,48.1257108],[39.3679107,48.1372649],[39.3875473,48.1617188],[39.3892469,48.1828028],[39.4204038,48.1743745],[39.4280232,48.207633],[39.439073,48.214311],[39.4501912,48.2024658],[39.4879145,48.2197298],[39.5366439,48.2164246],[39.5328829,48.2039498],[39.5687422,48.199335],[39.5796237,48.188495],[39.6040141,48.2381415],[39.6507954,48.2519552],[39.6563315,48.2655125],[39.6726394,48.2694832],[39.6657729,48.2843923],[39.7038603,48.2983407],[39.6860933,48.3186068],[39.687531,48.3390503],[39.6640563,48.3429797],[39.6651721,48.3556359],[39.6949768,48.3841668],[39.6312399,48.3747812],[39.6188673,48.3857095],[39.6028319,48.4318114],[39.601119,48.453263],[39.6118176,48.4539333],[39.6127725,48.4638017],[39.6342301,48.4646127],[39.6337259,48.486235],[39.6421265,48.4865976],[39.6412468,48.4939143],[39.6203363,48.4926701],[39.608556,48.5671654],[39.6220969,48.5871675],[39.6355294,48.5813051],[39.747194,48.5906316],[39.752417,48.5819942],[39.7898519,48.5932927],[39.8244899,48.5863558],[39.8207214,48.5787952],[39.8497724,48.5686954],[39.8670781,48.5071514],[39.8476213,48.5020724],[39.8458993,48.4750302],[39.8980254,48.4477103],[39.8890507,48.4416965],[39.9114686,48.4206107],[39.9062812,48.4039465],[39.9185228,48.3978563],[39.906131,48.3900805],[39.9248207,48.3752165],[39.9415255,48.3869135],[39.9317582,48.3644239],[39.9467075,48.3541298],[39.9427029,48.345693],[39.8461005,48.3326884],[39.8408125,48.3096602],[39.8871919,48.3092954],[39.9103874,48.2912561],[39.9153873,48.2696662],[39.9348293,48.2792214],[39.9520558,48.3036283],[39.9904382,48.3171825],[40.0207043,48.2536483],[40.0066522,48.2418724],[40.0095409,48.2246869],[39.9430194,48.2291844],[39.9369925,48.1810425],[39.9094918,48.1798568],[39.902495,48.1403415],[39.8712972,48.1172145],[39.8689824,48.0794552],[39.8337516,48.0668856],[39.8840001,48.0490094],[39.8833913,48.0409777],[39.7764757,48.0398569],[39.7932422,48.0108537],[39.8164406,48.0008096],[39.8150244,47.9857946],[39.8229302,47.9828234],[39.8169529,47.9633631],[39.8247756,47.9553643],[39.8062851,47.9504876],[39.7937304,47.9194447],[39.7949159,47.870316],[39.7634865,47.8707446],[39.7635502,47.8464451],[39.7377969,47.8276273],[39.6265644,47.8391777],[39.520483,47.8254933],[39.4781283,47.8601978],[39.4483651,47.8519468],[39.4310367,47.8568751],[39.4262858,47.8865546],[39.4443966,47.8995072],[39.4970126,47.8998771],[39.3927864,47.9716677],[39.3849484,47.9912817],[39.3933677,48.012578],[39.4571775,48.0298902],[39.4716668,48.0473903],[39.4441473,48.0500511],[39.4247545,48.0689053],[39.4186806,48.1239184],[39.4066597,48.1331323]]],[[[39.5834216,48.3007126],[39.5675359,48.298989],[39.5780003,48.2846065],[39.5735264,48.2766956],[39.5629906,48.2785235],[39.5628576,48.2954082],[39.5273334,48.3009172],[39.5312548,48.3133341],[39.5669174,48.3206258],[39.5846742,48.3173668],[39.5834216,48.3007126]]],[[[39.4156301,48.0642534],[39.3861472,48.0576171],[39.3818664,48.0360853],[39.398539,48.0370753],[39.3882716,48.0257896],[39.4003415,48.0225175],[39.4125241,48.0363723],[39.4104695,48.0531171],[39.4242346,48.0543398],[39.4156301,48.0642534]]]]}},{"type":"Feature","properties":{"oblast":"luhanska","name":"Ровеньківський район","match":"ровеньківський"},"geometry":{"type":"MultiPolygon","coordinates":[[[[39.3989243,48.1281194],[39.3679107,48.1372649],[39.3889518,48.1729691],[39.3784194,48.1927264],[39.3560392,48.2015924],[39.3753247,48.2338681],[39.3241895,48.2342948],[39.3162123,48.2193977],[39.2639776,48.2110061],[39.2060278,48.2297914],[39.1472359,48.2924726],[39.0517769,48.2909801],[39.0411216,48.3533789],[39.0022318,48.353342],[39.0020788,48.3664407],[38.9745769,48.378894],[38.9553721,48.3622394],[38.9157258,48.3593618],[38.9146406,48.384773],[38.9274026,48.3862133],[38.928324,48.3969132],[38.8921519,48.393085],[38.8924581,48.3849114],[38.835672,48.3720244],[38.8361696,48.3580757],[38.8120143,48.3543142],[38.8012274,48.318818],[38.8105297,48.2975156],[38.7617423,48.2951142],[38.5876498,48.237428],[38.6134215,48.2042346],[38.6016265,48.1725099],[38.6689874,48.1648024],[38.6627308,48.1507506],[38.8203959,48.1162414],[38.806696,48.0882836],[38.8174818,48.0843192],[38.7995269,48.0747152],[38.8179226,48.0659146],[38.8293027,48.0774432],[38.8314692,48.0579098],[38.8126713,48.0479449],[38.8253525,48.0297743],[38.8612538,48.0147577],[39.0398439,48.0069404],[39.0385008,47.9563534],[39.0570247,47.9468464],[39.0738359,47.9529286],[39.0914413,47.9409895],[39.0651605,47.8960073],[39.0744035,47.8696799],[39.0830915,47.8696996],[39.0829182,47.8516507],[39.1097322,47.8517128],[39.1097657,47.8424812],[39.2365055,47.8535487],[39.2419088,47.8674263],[39.3553743,47.8727381],[39.3875527,47.8712597],[39.4124678,47.8299376],[39.4385791,47.8399194],[39.4328687,47.844447],[39.4415,47.8549912],[39.4310367,47.8568751],[39.4262858,47.8865546],[39.4443966,47.8995072],[39.4970126,47.8998771],[39.3927864,47.9716677],[39.3845882,47.9924251],[39.3933677,48.012578],[39.4571775,48.0298902],[39.4716668,48.0473903],[39.4441473,48.0500511],[39.4247545,48.0689053],[39.416199,48.1299618],[39.3989243,48.1281194]]]]}},{"type":"Feature","properties":{"oblast":"luhanska","name":"Луганський район","match":"луганський"},"geometry":{"type":"MultiPolygon","coordinates":[[[[39.0461665,48.488418],[39.0363175,48.4899219],[39.023416,48.47524],[39.0135133,48.4805031],[38.9883971,48.4561391],[38.9780116,48.4653312],[38.9576608,48.4627054],[38.9635589,48.4334625],[38.9554522,48.4327311],[38.9564411,48.4154897],[38.9411174,48.4142209],[38.9274026,48.3862133],[38.9150675,48.3858441],[38.9157258,48.3593618],[38.9553721,48.3622394],[38.9745769,48.378894],[39.0020788,48.3664407],[39.0022318,48.353342],[39.0411216,48.3533789],[39.0517769,48.2909801],[39.1472359,48.2924726],[39.2060278,48.2297914],[39.2631361,48.2110854],[39.3162123,48.2193977],[39.3241895,48.2342948],[39.3620259,48.235938],[39.3757442,48.232796],[39.3560392,48.2015924],[39.4153747,48.1754017],[39.439073,48.214311],[39.4501912,48.2024658],[39.5072135,48.2215693],[39.5366439,48.2164246],[39.5328829,48.2039498],[39.5687422,48.199335],[39.5796237,48.188495],[39.6040141,48.2381415],[39.6507954,48.2519552],[39.6563315,48.2655125],[39.6726394,48.2694832],[39.6657729,48.2843923],[39.7057056,48.3022375],[39.6860933,48.3186068],[39.687531,48.3390503],[39.6640563,48.3429797],[39.6651721,48.3556359],[39.6949768,48.3841668],[39.6312399,48.3747812],[39.6070626,48.4171529],[39.601119,48.453263],[39.6118176,48.4539333],[39.6127725,48.4638017],[39.6342301,48.4646127],[39.6337259,48.486235],[39.6421265,48.4865976],[39.6412468,48.4939143],[39.6203363,48.4926701],[39.6116791,48.5741149],[39.596073,48.5776754],[39.6055788,48.5896346],[39.5705545,48.581991],[39.5590693,48.5991395],[39.5470744,48.586001],[39.5318985,48.5851458],[39.534983,48.5952725],[39.5130855,48.6223214],[39.5148826,48.6346954],[39.468163,48.6283288],[39.467976,48.638569],[39.4523963,48.6421438],[39.4512406,48.6562885],[39.4109818,48.6584104],[39.4116002,48.6719413],[39.3559291,48.6994684],[39.3482896,48.7120844],[39.375201,48.7188809],[39.3551946,48.7268974],[39.3612727,48.7359794],[39.3447041,48.7571011],[39.3546948,48.768255],[39.3284796,48.7683779],[39.3257469,48.7766986],[39.3098545,48.7744059],[39.2846525,48.7495113],[39.27222,48.7544421],[39.2683983,48.7429037],[39.2546759,48.7424185],[39.2431438,48.7104299],[39.2060208,48.6992779],[39.195807,48.7072967],[39.1767955,48.6834774],[39.1469138,48.675681],[39.139582,48.6607037],[39.0734465,48.6513982],[39.0704512,48.6174206],[39.0468207,48.5943261],[39.0803325,48.5861891],[39.1155042,48.5901874],[39.0954924,48.5632391],[39.1185379,48.56309],[39.1301572,48.5521118],[39.0642927,48.5441439],[39.0875906,48.5370021],[39.0646797,48.5139779],[39.0912866,48.490025],[39.0945053,48.4725799],[39.0348101,48.4751547],[39.0461665,48.488418]]],[[[39.6161195,48.2021432],[39.5965412,48.206352],[39.6039552,48.213999],[39.6161195,48.2021432]]]]}},{"type":"Feature","properties":{"oblast":"luhanska","name":"Алчевський район","match":"алчевський"},"geometry":{"type":"MultiPolygon","coordinates":[[[[38.5194601,48.2730495],[38.5753142,48.2673126],[38.5911911,48.2517491],[38.5876941,48.2375407],[38.7617423,48.2951142],[38.8105297,48.2975156],[38.8012274,48.318818],[38.8120143,48.3543142],[38.8361696,48.3580757],[38.835672,48.3720244],[38.8924581,48.3849114],[38.8921519,48.393085],[38.9357967,48.3974946],[38.9411174,48.4142209],[38.9564411,48.4154897],[38.9554522,48.4327311],[38.9635589,48.4334625],[38.9576608,48.4627054],[38.9780116,48.4653312],[38.9883971,48.4561391],[39.0372884,48.4902525],[39.0461665,48.488418],[39.0347886,48.4758233],[39.0432858,48.4722242],[39.0945053,48.4725799],[39.0912866,48.490025],[39.0646797,48.5139779],[39.0875906,48.5370021],[39.0642927,48.5441439],[39.1297073,48.5512915],[39.1185379,48.56309],[39.0954924,48.5632391],[39.1163089,48.5895771],[39.0468207,48.5943261],[39.0704512,48.6174206],[39.0749573,48.64937],[39.0429288,48.6472723],[39.0110075,48.6605474],[39.0290386,48.6630616],[39.0166334,48.6953121],[39.0022138,48.6990511],[38.9992477,48.7119088],[38.9857468,48.7116895],[39.0006843,48.7201591],[38.9807094,48.7449558],[38.9601755,48.7464761],[38.9585291,48.735819],[38.94313,48.7346136],[38.9338136,48.7367385],[38.937794,48.7475769],[38.900882,48.7512674],[38.8824874,48.6929717],[38.8644871,48.6950538],[38.8433808,48.6713704],[38.7560534,48.7042522],[38.6852244,48.7165777],[38.6788997,48.7527697],[38.659772,48.7465787],[38.6576635,48.7587219],[38.6458675,48.7571333],[38.6488087,48.7677097],[38.6265443,48.7708975],[38.6207528,48.7608644],[38.5933889,48.7584772],[38.5579369,48.7797135],[38.5266709,48.7726152],[38.5161942,48.7845688],[38.4797591,48.7852156],[38.4924503,48.7707603],[38.5191661,48.7728149],[38.5084945,48.7507357],[38.5174424,48.7495407],[38.5212588,48.7338609],[38.5141987,48.7244795],[38.4977698,48.7244205],[38.5246483,48.7167294],[38.5305674,48.6864355],[38.5807453,48.6789032],[38.5692737,48.6644412],[38.5483965,48.6602026],[38.5518145,48.6730847],[38.5098576,48.6836092],[38.4781133,48.6710305],[38.4869189,48.679477],[38.4697995,48.6839038],[38.4956264,48.6906775],[38.4658921,48.697628],[38.4538382,48.6930638],[38.4596318,48.688053],[38.4431952,48.6899866],[38.4454215,48.682344],[38.4184277,48.6786463],[38.3957899,48.6602137],[38.4203482,48.6565215],[38.4165153,48.6421183],[38.4658599,48.6452516],[38.4791636,48.6539133],[38.4693521,48.6396973],[38.4208202,48.641062],[38.4504211,48.6258318],[38.4449118,48.6109659],[38.4001619,48.5991501],[38.3966321,48.5819342],[38.4043086,48.5633634],[38.4444022,48.5700797],[38.4591544,48.5296792],[38.4712779,48.5333808],[38.4816635,48.5239025],[38.4525007,48.467289],[38.4286649,48.4652115],[38.4391053,48.3915523],[38.4500969,48.3759133],[38.4685913,48.3791478],[38.4868568,48.361872],[38.4334453,48.3392632],[38.4411454,48.3164583],[38.4281664,48.3083439],[38.4337894,48.2971971],[38.4270415,48.2782877],[38.5194601,48.2730495]]]]}},{"type":"Feature","properties":{"oblast":"lvivska","name":"Шептицький район","match":"шептицький"},"geometry":{"type":"MultiPolygon","coordinates":[[[[24.5881104,50.4937021],[24.5958996,50.4976914],[24.5866996,50.4999093],[24.5881104,50.4937021]]],[[[25.0414539,50.254888],[25.0520682,50.2571521],[25.0324317,50.2809542],[25.0576146,50.2967854],[25.0587799,50.3423377],[25.0168725,50.3416365],[24.9406026,50.3892649],[24.9293611,50.378121],[24.9397722,50.363838],[24.9368321,50.3457144],[24.8854736,50.344471],[24.887188,50.3588069],[24.8668826,50.3610932],[24.8594173,50.3496592],[24.7786951,50.3394932],[24.7148915,50.3428563],[24.7219634,50.3732731],[24.7072769,50.3837259],[24.6513219,50.4034038],[24.6543127,50.4101312],[24.5967046,50.4138503],[24.5994459,50.4561891],[24.5812278,50.4579671],[24.5979476,50.4665078],[24.5974305,50.4784911],[24.5877637,50.4933891],[24.5545922,50.4940955],[24.5580248,50.5113565],[24.5306178,50.5515668],[24.4890428,50.5564581],[24.4502741,50.5391609],[24.4064438,50.5602388],[24.3987056,50.5741136],[24.4133393,50.5866964],[24.3807168,50.6091548],[24.3612538,50.5968772],[24.3234189,50.5998563],[24.3122418,50.5718515],[24.2308563,50.5835227],[24.2249072,50.5929602],[24.2111125,50.5922008],[24.2010266,50.6141208],[24.1734499,50.616461],[24.163211,50.6316883],[24.1722101,50.6341122],[24.1548753,50.6466569],[24.1260666,50.6489605],[24.0981892,50.6374365],[24.0920425,50.6233686],[24.0986497,50.5995336],[24.0701051,50.5033883],[24.0345288,50.444832],[24.0058266,50.4353798],[23.997543,50.4121407],[23.8033635,50.4047644],[23.7270286,50.3880008],[23.7031117,50.3752858],[23.6737102,50.3196862],[23.6855557,50.299994],[23.7968723,50.3001143],[23.8139572,50.2685262],[23.8440984,50.256301],[23.8848878,50.2552421],[23.9130611,50.2202868],[23.9734568,50.2202723],[23.964954,50.2093029],[23.9726388,50.2026649],[24.0915126,50.2033038],[24.0909292,50.1677663],[24.0714867,50.1661886],[24.1081806,50.1424965],[24.1095883,50.1148647],[24.1345267,50.1146604],[24.1317273,50.1322221],[24.1485706,50.1597624],[24.2034344,50.1304848],[24.2154109,50.1625376],[24.2413578,50.1794214],[24.2436714,50.1968177],[24.3132327,50.1988189],[24.3171932,50.1880803],[24.335756,50.1839467],[24.3292964,50.17703],[24.3481775,50.175379],[24.33793,50.1594323],[24.3720268,50.1616029],[24.3674502,50.1707618],[24.3886599,50.1755405],[24.4564577,50.1593722],[24.4271862,50.1379781],[24.436937,50.1331826],[24.4517349,50.1405247],[24.526473,50.1334132],[24.5286969,50.1173738],[24.5812928,50.1137121],[24.6291674,50.1193044],[24.6347392,50.1344229],[24.6660364,50.1310697],[24.6725498,50.1461483],[24.7060123,50.137244],[24.7433781,50.1410138],[24.7566141,50.1356897],[24.7442103,50.1299928],[24.7462065,50.1204512],[24.776492,50.116995],[24.7940283,50.1252868],[24.7948345,50.1151732],[24.8611045,50.0988242],[24.8690643,50.1064756],[24.859184,50.1125171],[24.869952,50.1093713],[24.8680446,50.1258099],[24.8822629,50.1500827],[24.8585683,50.1619824],[24.8305703,50.1617295],[24.8358426,50.1790714],[24.8533407,50.179649],[24.8491433,50.1742706],[24.8579052,50.1709903],[24.8733193,50.1776875],[24.8689976,50.1844216],[24.9117429,50.1785364],[24.9935663,50.1966657],[25.0313392,50.228147],[25.0414539,50.254888]]]]}},{"type":"Feature","properties":{"oblast":"lvivska","name":"Золочівський район","match":"золочівський"},"geometry":{"type":"MultiPolygon","coordinates":[[[[25.1251379,50.2824105],[25.0555274,50.300562],[25.0324317,50.2809542],[25.0520682,50.2571521],[25.0414539,50.254888],[25.0313392,50.228147],[24.9935663,50.1966657],[24.9117429,50.1785364],[24.8689976,50.1844216],[24.8733193,50.1776875],[24.8579052,50.1709903],[24.8491433,50.1742706],[24.8533407,50.179649],[24.83595,50.1791519],[24.8305703,50.1617295],[24.8585683,50.1619824],[24.8822629,50.1500827],[24.8680446,50.1258099],[24.869952,50.1093713],[24.859184,50.1125171],[24.8690643,50.1064756],[24.8611045,50.0988242],[24.7948345,50.1151732],[24.7940283,50.1252868],[24.776492,50.116995],[24.7462065,50.1204512],[24.7532979,50.1394522],[24.7060123,50.137244],[24.6725498,50.1461483],[24.6660364,50.1310697],[24.6347392,50.1344229],[24.6291674,50.1193044],[24.5303557,50.1177081],[24.5353156,50.0970354],[24.4364361,50.1069736],[24.4356654,50.0916094],[24.4625454,50.0880428],[24.4503577,50.074547],[24.4725641,50.0522646],[24.492617,50.0599242],[24.4986643,50.0379209],[24.5363919,50.0355549],[24.5527174,50.0213441],[24.4815357,50.0153897],[24.4836418,50.0008892],[24.4429432,49.9773764],[24.4565844,49.9638004],[24.4421842,49.9507357],[24.4490073,49.9432603],[24.4386663,49.9406229],[24.4358812,49.8945862],[24.3917059,49.9001041],[24.3878317,49.8875531],[24.3540929,49.8840709],[24.3536572,49.8689153],[24.4128603,49.8631113],[24.4531084,49.8461852],[24.5029534,49.8655337],[24.5493784,49.8425022],[24.6039818,49.8319872],[24.6116258,49.8275077],[24.6057464,49.8099519],[24.5897162,49.804969],[24.6131659,49.7950566],[24.6082731,49.7722261],[24.6695817,49.7395682],[24.6938959,49.7386033],[24.7057739,49.7275895],[24.6970769,49.7076371],[24.7639559,49.7214882],[24.7822805,49.7131264],[24.7881732,49.6765064],[24.821761,49.6729601],[24.8284239,49.6885691],[24.8491607,49.6845935],[24.8540299,49.6605197],[24.8256257,49.6663183],[24.8359102,49.6582653],[24.8176137,49.6584436],[24.8440886,49.6439128],[24.8315624,49.6388047],[24.8365039,49.6279905],[24.8285916,49.6223383],[24.851006,49.6214805],[24.8457715,49.6012925],[24.864187,49.5991614],[24.8711318,49.6096967],[24.9009141,49.5997025],[24.8984407,49.6105314],[24.9126702,49.6151515],[24.9426733,49.6092041],[24.9309715,49.6171593],[24.9543054,49.6159097],[24.9633374,49.6264475],[24.9613621,49.6428418],[24.9826384,49.6365698],[24.9879932,49.6432259],[24.9887764,49.6587202],[24.9983705,49.6598261],[24.9971985,49.6965663],[25.022051,49.7351751],[25.0460106,49.7308183],[25.0674447,49.7115007],[25.114973,49.7456373],[25.0723704,49.7702238],[25.0899188,49.782484],[25.0838073,49.8284641],[25.1373142,49.8147375],[25.1515146,49.8331154],[25.1747568,49.8370865],[25.2370816,49.8240133],[25.2586386,49.8387055],[25.2875415,49.8282399],[25.2990732,49.853673],[25.375037,49.8679764],[25.3891244,49.8972107],[25.3763232,49.9132831],[25.3872746,49.9326644],[25.4268694,49.9371035],[25.403801,49.9479417],[25.4121797,49.9696438],[25.402346,49.9858916],[25.3194937,50.0156797],[25.1972475,50.1310292],[25.2081748,50.1617186],[25.2010294,50.1666606],[25.2150723,50.1795829],[25.165417,50.2091738],[25.1694618,50.2230066],[25.1845869,50.2259495],[25.1901276,50.2488166],[25.2067691,50.2473001],[25.2049392,50.2793035],[25.1625801,50.2903796],[25.1251379,50.2824105]]]]}},{"type":"Feature","properties":{"oblast":"lvivska","name":"Львівський район","match":"львівський"},"geometry":{"type":"MultiPolygon","coordinates":[[[[24.2034656,50.1305635],[24.2154109,50.1625376],[24.2354083,50.1706747],[24.2436714,50.1968177],[24.2540604,50.1988034],[24.3132327,50.1988189],[24.3171932,50.1880803],[24.335756,50.1839467],[24.3292964,50.17703],[24.3481775,50.175379],[24.33793,50.1594323],[24.3720268,50.1616029],[24.3674502,50.1707618],[24.3886599,50.1755405],[24.4564577,50.1593722],[24.4271862,50.1379781],[24.436937,50.1331826],[24.4517349,50.1405247],[24.526473,50.1334132],[24.5353156,50.0970354],[24.4364361,50.1069736],[24.4356654,50.0916094],[24.4625454,50.0880428],[24.4503577,50.074547],[24.4725641,50.0522646],[24.492617,50.0599242],[24.4986643,50.0379209],[24.5363919,50.0355549],[24.5527174,50.0213441],[24.4815357,50.0153897],[24.4836418,50.0008892],[24.4429432,49.9773764],[24.4565844,49.9638004],[24.4421842,49.9507357],[24.4490073,49.9432603],[24.4386663,49.9406229],[24.4358812,49.8945862],[24.3917059,49.9001041],[24.3878317,49.8875531],[24.3540929,49.8840709],[24.3536572,49.8689153],[24.4128603,49.8631113],[24.4531084,49.8461852],[24.5029534,49.8655337],[24.5493784,49.8425022],[24.6099245,49.8286825],[24.6057464,49.8099519],[24.5897162,49.804969],[24.6131659,49.7950566],[24.6082731,49.7722261],[24.6695817,49.7395682],[24.6938959,49.7386033],[24.7057739,49.7275895],[24.6970769,49.7076371],[24.7639559,49.7214882],[24.7822805,49.7131264],[24.7881732,49.6765064],[24.821761,49.6729601],[24.8284239,49.6885691],[24.8491607,49.6845935],[24.8540299,49.6605197],[24.8256257,49.6663183],[24.8359102,49.6582653],[24.8176137,49.6584436],[24.8440886,49.6439128],[24.8315624,49.6388047],[24.8365039,49.6279905],[24.8286842,49.6222033],[24.851006,49.6214805],[24.8456266,49.6010317],[24.8336506,49.5992203],[24.8392081,49.5868812],[24.8291445,49.5930694],[24.7987658,49.586097],[24.7915633,49.5728367],[24.721255,49.5698165],[24.7292802,49.5470938],[24.7201669,49.5319549],[24.7208261,49.4967597],[24.7007141,49.4918596],[24.6561351,49.505438],[24.6392583,49.4973724],[24.5695913,49.5341219],[24.505327,49.5128466],[24.4922352,49.523459],[24.4982609,49.5401484],[24.4855735,49.5477701],[24.4350543,49.5372013],[24.4398154,49.5116119],[24.4013917,49.4950409],[24.3176043,49.4968278],[24.3116444,49.4993294],[24.3197071,49.5190725],[24.3064439,49.53773],[24.2765933,49.5471129],[24.2605376,49.5639907],[24.2459058,49.5560982],[24.2455012,49.5631034],[24.2157555,49.5658695],[24.2190057,49.5754936],[24.2106999,49.5812031],[24.1372277,49.5768599],[24.0994012,49.5928399],[24.0581381,49.6395593],[24.0369111,49.6478753],[24.0380269,49.6395976],[24.0148526,49.624612],[23.9616843,49.6386581],[23.936947,49.6586665],[23.9289743,49.6279659],[23.910406,49.6319],[23.914465,49.614412],[23.9614177,49.5931876],[23.9398252,49.5840693],[23.9321019,49.5701023],[23.8466708,49.5802608],[23.850401,49.5890843],[23.8175634,49.6055633],[23.7989162,49.5981637],[23.7825023,49.5725045],[23.7865369,49.5524919],[23.8186299,49.53263],[23.8183259,49.513183],[23.8051,49.5306306],[23.780876,49.5102334],[23.7718381,49.5160288],[23.7795251,49.5184115],[23.7724446,49.5218347],[23.7769242,49.5333067],[23.7365895,49.5345047],[23.725453,49.5301248],[23.7570763,49.5211132],[23.7666183,49.504984],[23.7176361,49.5007538],[23.7129849,49.5168294],[23.6637637,49.5167245],[23.6386886,49.5299636],[23.6493909,49.5731823],[23.6261523,49.5786192],[23.62737,49.5901171],[23.6031382,49.6024172],[23.6237705,49.6087425],[23.6302829,49.6361304],[23.6052149,49.6454751],[23.6159161,49.6559326],[23.5692948,49.6387186],[23.5646599,49.6577942],[23.5449403,49.6569469],[23.5366593,49.6807955],[23.5000472,49.6774509],[23.4857049,49.7059787],[23.4650804,49.7049614],[23.4381061,49.6768849],[23.4187825,49.6887346],[23.4512145,49.7441563],[23.4357241,49.7555547],[23.462521,49.7657541],[23.4518106,49.7799341],[23.4601423,49.8084761],[23.4436021,49.8235916],[23.4852647,49.8207697],[23.5488211,49.8771085],[23.5847397,49.8769207],[23.5820212,49.8554854],[23.6398905,49.8247227],[23.6522081,49.8434607],[23.6764531,49.8434821],[23.6913355,49.8507841],[23.6923088,49.8612962],[23.7130541,49.8567044],[23.7190327,49.8430327],[23.8564697,49.841883],[23.8854656,49.8503219],[23.858172,49.8780651],[23.8872948,49.8751989],[23.8938153,49.8895369],[23.9175469,49.8907439],[23.9274643,49.9051556],[23.9208887,49.9103633],[23.9327746,49.9184505],[23.9280482,49.9284289],[23.9390025,49.9352144],[23.9203808,49.9279402],[23.9251084,49.942038],[23.9116859,49.9459603],[23.9149169,49.9565835],[23.8926876,49.9761362],[23.8115819,49.9954446],[23.8091878,50.0256234],[23.7844176,50.0358378],[23.7734969,50.0693171],[23.6516501,50.116689],[23.6410079,50.1344298],[23.6180577,50.134085],[23.628153,50.1419362],[23.5980473,50.1453044],[23.5803782,50.1752671],[23.5275132,50.1758182],[23.5154521,50.1508914],[23.5049656,50.151591],[23.4905085,50.1686972],[23.4961361,50.1756981],[23.4866963,50.1767762],[23.4879588,50.1885921],[23.4476824,50.1992949],[23.4701465,50.2178925],[23.5810135,50.265997],[23.6115663,50.2992543],[23.6310441,50.3048038],[23.6388487,50.3205064],[23.6770073,50.3294555],[23.6745041,50.3161522],[23.6855557,50.299994],[23.7968723,50.3001143],[23.8139572,50.2685262],[23.8440984,50.256301],[23.8848878,50.2552421],[23.9130611,50.2202868],[23.9734568,50.2202723],[23.964954,50.2093029],[23.9726388,50.2026649],[24.0915126,50.2033038],[24.0909292,50.1677663],[24.0714867,50.1661886],[24.1081806,50.1424965],[24.1047089,50.1157869],[24.1345267,50.1146604],[24.1317273,50.1322221],[24.1485706,50.1597624],[24.2034656,50.1305635]]]]}},{"type":"Feature","properties":{"oblast":"lvivska","name":"Яворівський район","match":"яворівський"},"geometry":{"type":"MultiPolygon","coordinates":[[[[23.8719821,49.8471362],[23.7190327,49.8430327],[23.7130541,49.8567044],[23.6923088,49.8612962],[23.6913355,49.8507841],[23.6764531,49.8434821],[23.6522081,49.8434607],[23.6398905,49.8247227],[23.5820212,49.8554854],[23.5847397,49.8769207],[23.550295,49.8776528],[23.4852647,49.8207697],[23.4436021,49.8235916],[23.460388,49.8077046],[23.4518106,49.7799341],[23.4606293,49.7604097],[23.4269776,49.7524016],[23.3958256,49.7613082],[23.3842408,49.7453859],[23.3977001,49.7348167],[23.391121,49.7171024],[23.3810366,49.7148833],[23.4051152,49.7059611],[23.4043765,49.6841793],[23.3565197,49.6788721],[23.3499059,49.6655374],[23.3167395,49.674472],[23.3118006,49.654064],[23.2729763,49.6518886],[23.2692053,49.6437044],[23.2358972,49.6539882],[23.2131422,49.6449576],[23.1562229,49.6547436],[23.133586,49.6454647],[23.094399,49.6488444],[23.0790256,49.6345665],[23.0459635,49.6490389],[23.035621,49.6388402],[23.0468446,49.6391634],[23.0470473,49.6281669],[22.9948544,49.6237721],[22.969625,49.6355094],[22.9781597,49.6445662],[23.0023452,49.6359124],[22.9648346,49.6659814],[22.9730741,49.6756181],[22.932845,49.690467],[22.9099997,49.6837067],[22.9231765,49.697051],[22.9091952,49.7091462],[22.8496209,49.714442],[22.8967765,49.7517557],[22.9016035,49.7682569],[22.9619287,49.8047019],[22.9566696,49.8111286],[22.9706985,49.8386462],[22.9954723,49.8421548],[23.1149238,49.9565395],[23.2130058,50.0311008],[23.2159873,50.0474664],[23.2393204,50.054451],[23.2793285,50.0862897],[23.2791803,50.0998143],[23.3139516,50.1119628],[23.4476824,50.1992949],[23.4879588,50.1885921],[23.4866963,50.1767762],[23.4961361,50.1756981],[23.4905085,50.1686972],[23.5049656,50.151591],[23.5154521,50.1508914],[23.5275132,50.1758182],[23.5803782,50.1752671],[23.5980473,50.1453044],[23.628153,50.1419362],[23.6180577,50.134085],[23.6410079,50.1344298],[23.6516501,50.116689],[23.7734969,50.0693171],[23.7844176,50.0358378],[23.8091878,50.0256234],[23.8115819,49.9954446],[23.8998324,49.9720992],[23.9149169,49.9565835],[23.9116859,49.9459603],[23.9251084,49.942038],[23.9203808,49.9279402],[23.9390025,49.9352144],[23.9280482,49.9284289],[23.9327746,49.9184505],[23.9208887,49.9103633],[23.9274643,49.9051556],[23.9175469,49.8907439],[23.8938153,49.8895369],[23.8872948,49.8751989],[23.858172,49.8780651],[23.8854656,49.8503219],[23.8719821,49.8471362]]]]}},{"type":"Feature","properties":{"oblast":"lvivska","name":"Самбірський район","match":"самбірський"},"geometry":{"type":"MultiPolygon","coordinates":[[[[23.1629119,48.8691799],[23.1482748,48.8422626],[23.0969773,48.8628557],[23.0576143,48.8464639],[23.0209955,48.8478247],[23.0000162,48.8304758],[22.974838,48.8446284],[22.970152,48.8744717],[22.8917077,48.9105294],[22.8728158,48.955923],[22.90022,48.9697231],[22.9155553,48.9670589],[22.9188337,48.9814007],[22.8980202,49.0050469],[22.8678265,49.0028681],[22.8915926,49.0078454],[22.8940025,49.0167844],[22.8740131,49.0307851],[22.8813388,49.0383696],[22.8666349,49.0399881],[22.8757807,49.0513508],[22.8645314,49.0667861],[22.8927565,49.094556],[22.862702,49.100061],[22.8507123,49.1148727],[22.8312715,49.1109784],[22.8121302,49.125044],[22.8164015,49.1297679],[22.7931002,49.1382901],[22.7891975,49.1577275],[22.7391328,49.1579778],[22.7561721,49.1826257],[22.7327165,49.1822679],[22.7190041,49.164986],[22.7072649,49.1749798],[22.7339598,49.2114432],[22.7476795,49.2156221],[22.7148875,49.2264901],[22.7213127,49.2413378],[22.7396304,49.2473455],[22.750946,49.3165998],[22.7468489,49.3598976],[22.6966855,49.495128],[22.6512378,49.5083715],[22.6408214,49.5299899],[22.6746896,49.549156],[22.69484,49.58198],[22.7833142,49.6572404],[22.787224,49.6764621],[22.8055619,49.693402],[22.821923,49.6945322],[22.8496209,49.714442],[22.9091952,49.7091462],[22.9231765,49.697051],[22.9099997,49.6837067],[22.932845,49.690467],[22.9730741,49.6756181],[22.9648346,49.6659814],[23.0023452,49.6359124],[22.9781597,49.6445662],[22.969625,49.6355094],[22.9948544,49.6237721],[23.0282664,49.6247059],[23.0506736,49.6319369],[23.035621,49.6388402],[23.0459635,49.6490389],[23.0790256,49.6345665],[23.094399,49.6488444],[23.133586,49.6454647],[23.1562229,49.6547436],[23.2131422,49.6449576],[23.2358972,49.6539882],[23.2598794,49.643818],[23.307855,49.6523358],[23.3167395,49.674472],[23.3499059,49.6655374],[23.3565197,49.6788721],[23.4060448,49.6856787],[23.4051152,49.7059611],[23.3810366,49.7148833],[23.391121,49.7171024],[23.3977001,49.7348167],[23.3842408,49.7453859],[23.3958256,49.7613082],[23.4419845,49.7541238],[23.4512145,49.7441563],[23.4187825,49.6887346],[23.4381061,49.6768849],[23.4650804,49.7049614],[23.4857049,49.7059787],[23.5000472,49.6774509],[23.5366593,49.6807955],[23.5449403,49.6569469],[23.5646599,49.6577942],[23.5692948,49.6387186],[23.6159161,49.6559326],[23.6052149,49.6454751],[23.6302829,49.6361304],[23.6237705,49.6087425],[23.6031382,49.6024172],[23.62737,49.5901171],[23.6261523,49.5786192],[23.6493909,49.5731823],[23.6431999,49.5455973],[23.6380366,49.5319191],[23.5728174,49.5465146],[23.5669947,49.510091],[23.5542957,49.4960935],[23.5303418,49.4900254],[23.4720763,49.496588],[23.4017488,49.4845517],[23.4016578,49.4687423],[23.3877421,49.4624202],[23.351813,49.4638993],[23.3343478,49.4539445],[23.2876742,49.4660368],[23.2723933,49.4381536],[23.2477447,49.4313179],[23.2507495,49.421287],[23.2674594,49.416357],[23.242473,49.3987139],[23.229062,49.3721778],[23.2356655,49.3676541],[23.2198512,49.3524488],[23.1957006,49.3665642],[23.1680202,49.3662428],[23.1528819,49.3619038],[23.1454146,49.3441734],[23.1123608,49.339685],[23.1274718,49.3227429],[23.1158084,49.3276389],[23.1050021,49.3171776],[23.1185925,49.3081621],[23.1091724,49.3022699],[23.1466053,49.2851313],[23.1604025,49.2687433],[23.1462152,49.2587946],[23.1434015,49.2441502],[23.160648,49.236395],[23.1531351,49.2211433],[23.1843593,49.2095943],[23.2196757,49.1756454],[23.1861116,49.1519213],[23.1854385,49.1328451],[23.1563588,49.1192311],[23.1605561,49.1101739],[23.1522293,49.1001801],[23.2252908,49.0405371],[23.2107506,49.0301841],[23.1902675,49.0369792],[23.1832947,49.0199355],[23.1696314,49.0297753],[23.1601533,49.0221856],[23.1415609,49.0343383],[23.1279641,49.0290508],[23.1364692,49.0195468],[23.1130332,49.0091432],[23.123458,49.0084526],[23.1277887,48.9636777],[23.0845055,48.9227831],[23.0823486,48.908207],[23.0999455,48.8793311],[23.1629119,48.8691799]]]]}},{"type":"Feature","properties":{"oblast":"lvivska","name":"Дрогобицький район","match":"дрогобицький"},"geometry":{"type":"MultiPolygon","coordinates":[[[[23.712271,49.2995757],[23.7393161,49.3151451],[23.7464079,49.3361287],[23.7818438,49.3374695],[23.7896597,49.3511838],[23.7725802,49.3494306],[23.7715403,49.3610219],[23.808099,49.3795522],[23.8005071,49.4012569],[23.7877295,49.4005777],[23.7919016,49.4195117],[23.7835261,49.4221505],[23.8012252,49.4488306],[23.7692484,49.4557462],[23.7570533,49.473296],[23.7392235,49.4728685],[23.7479148,49.4851485],[23.7833174,49.4793212],[23.7894825,49.4936499],[23.7171552,49.50082],[23.7129849,49.5168294],[23.6637637,49.5167245],[23.6408745,49.5316144],[23.5780146,49.5464291],[23.5542957,49.4960935],[23.4982843,49.4899934],[23.4720763,49.496588],[23.4017488,49.4845517],[23.4016578,49.4687423],[23.3877421,49.4624202],[23.351813,49.4638993],[23.3343478,49.4539445],[23.2876742,49.4660368],[23.2723933,49.4381536],[23.2477447,49.4313179],[23.2507495,49.421287],[23.2674594,49.416357],[23.242473,49.3987139],[23.229062,49.3721778],[23.2356655,49.3676541],[23.2198512,49.3524488],[23.1957006,49.3665642],[23.1548345,49.3630986],[23.1475925,49.3453337],[23.1123608,49.339685],[23.1274718,49.3227429],[23.1158084,49.3276389],[23.1050021,49.3171776],[23.1185925,49.3081621],[23.1091724,49.3022699],[23.1466053,49.2851313],[23.1604025,49.2687433],[23.1462152,49.2587946],[23.1434015,49.2441502],[23.160648,49.236395],[23.1531351,49.2211433],[23.1843593,49.2095943],[23.2196757,49.1756454],[23.1861116,49.1519213],[23.1854385,49.1328451],[23.1563588,49.1192311],[23.1528037,49.0989345],[23.249872,49.0287751],[23.2744055,49.0547793],[23.2726861,49.0931156],[23.2873687,49.1070154],[23.2697997,49.1289442],[23.3010524,49.140239],[23.3086851,49.1541488],[23.351828,49.1340709],[23.3863718,49.1598391],[23.3898071,49.1706648],[23.3558792,49.2024663],[23.377612,49.2028167],[23.4186558,49.2258117],[23.4301901,49.2200673],[23.4163445,49.2156839],[23.4172136,49.2063726],[23.4386122,49.1913734],[23.497079,49.186174],[23.5153234,49.1751107],[23.5151464,49.1653814],[23.4942855,49.13278],[23.5169005,49.1188489],[23.5182795,49.1379317],[23.5685261,49.142312],[23.5589344,49.1559397],[23.5811439,49.1789937],[23.5826254,49.1938204],[23.5689837,49.2021737],[23.5876617,49.2086775],[23.5816336,49.2116037],[23.633821,49.2031361],[23.67193,49.220059],[23.6919871,49.2508824],[23.6640755,49.2686501],[23.6692735,49.2815],[23.712271,49.2995757]]]]}},{"type":"Feature","properties":{"oblast":"lvivska","name":"Стрийський район","match":"стрийський"},"geometry":{"type":"MultiPolygon","coordinates":[[[[23.712271,49.2995757],[23.7393161,49.3151451],[23.7464079,49.3361287],[23.7818438,49.3374695],[23.7896597,49.3511838],[23.7725802,49.3494306],[23.7715403,49.3610219],[23.808099,49.3795522],[23.8005071,49.4012569],[23.7877295,49.4005777],[23.7919016,49.4195117],[23.7835261,49.4221505],[23.8012252,49.4488306],[23.7692484,49.4557462],[23.7570533,49.473296],[23.7392235,49.4728685],[23.7479148,49.4851485],[23.7833174,49.4793212],[23.7894825,49.4936499],[23.7370749,49.4967981],[23.7666183,49.504984],[23.7570763,49.5211132],[23.725453,49.5301248],[23.7769242,49.5333067],[23.7724446,49.5218347],[23.7795251,49.5184115],[23.7718381,49.5160288],[23.7827803,49.5101592],[23.8015572,49.5313293],[23.8183259,49.513183],[23.8186299,49.53263],[23.7865369,49.5524919],[23.7825023,49.5725045],[23.7989162,49.5981637],[23.8175634,49.6055633],[23.850401,49.5890843],[23.8466708,49.5802608],[23.9321019,49.5701023],[23.9398252,49.5840693],[23.9614177,49.5931876],[23.914465,49.614412],[23.910406,49.6319],[23.9289743,49.6279659],[23.936947,49.6586665],[23.9616843,49.6386581],[24.0148526,49.624612],[24.0380269,49.6395976],[24.0369111,49.6478753],[24.0581381,49.6395593],[24.0994012,49.5928399],[24.1372277,49.5768599],[24.2106999,49.5812031],[24.2190057,49.5754936],[24.2157555,49.5658695],[24.2455012,49.5631034],[24.2459058,49.5560982],[24.2605376,49.5639907],[24.2765933,49.5471129],[24.3064439,49.53773],[24.3197501,49.5188983],[24.3143803,49.4977407],[24.4013917,49.4950409],[24.4180938,49.473818],[24.410474,49.4448809],[24.3598599,49.4307159],[24.3738133,49.4299746],[24.3758476,49.4133982],[24.3897592,49.4090804],[24.3870089,49.395005],[24.40602,49.393311],[24.4293638,49.3732931],[24.4004994,49.3619071],[24.3935887,49.3423157],[24.4010421,49.3362501],[24.3807614,49.3078873],[24.3586958,49.3223664],[24.3414682,49.3103827],[24.3019053,49.3162908],[24.299183,49.2888644],[24.305422,49.2773065],[24.3389757,49.2919665],[24.3639187,49.2807444],[24.3409995,49.2432092],[24.3579039,49.2333716],[24.4469699,49.2302986],[24.4339873,49.2188362],[24.437436,49.1765],[24.4164067,49.16814],[24.3750654,49.1886781],[24.2818333,49.1683911],[24.2338885,49.1438173],[24.2072976,49.1484468],[24.1979369,49.1388471],[24.2130503,49.1333732],[24.1718168,49.144128],[24.1646304,49.127658],[24.1552802,49.128122],[24.1407653,49.1422169],[24.083308,49.148861],[24.0584572,49.1470785],[24.0204584,49.1172818],[23.9695063,49.137934],[23.9044927,49.0982005],[23.829326,49.1135468],[23.8028991,49.1055429],[23.7839375,49.120077],[23.7755031,49.1144042],[23.7608153,49.1223446],[23.7189996,49.0937907],[23.6988494,49.1011266],[23.6773288,49.0758689],[23.6880355,49.0658992],[23.6733298,49.0362117],[23.6487477,49.0224332],[23.6360633,49.0315832],[23.6218094,49.0253087],[23.62361,49.0133845],[23.5658425,48.9747138],[23.586113,48.9545807],[23.5614709,48.910745],[23.5765545,48.8882934],[23.6065522,48.8839172],[23.6076115,48.8761053],[23.5764328,48.8673402],[23.5673925,48.8540079],[23.5747531,48.8455031],[23.5520107,48.8218729],[23.5791505,48.7844608],[23.5418917,48.7235317],[23.5118596,48.7347223],[23.4718862,48.7182803],[23.3968405,48.7328638],[23.3777134,48.7440807],[23.3615816,48.7706896],[23.3257529,48.7533961],[23.2858766,48.7758814],[23.267999,48.7616659],[23.2011984,48.7605262],[23.1775444,48.8062306],[23.1318706,48.8383906],[23.1487341,48.8424721],[23.1626556,48.8718389],[23.0980961,48.8811043],[23.0823486,48.908207],[23.0845055,48.9227831],[23.1277887,48.9636777],[23.1235921,49.0080198],[23.1142502,49.0126747],[23.1364692,49.0195468],[23.1279641,49.0290508],[23.1379693,49.0349502],[23.180966,49.0198129],[23.1902675,49.0369792],[23.2107506,49.0301841],[23.2252908,49.0405371],[23.21354,49.052749],[23.252314,49.0294803],[23.2744055,49.0547793],[23.2726861,49.0931156],[23.2873687,49.1070154],[23.2697997,49.1289442],[23.3010524,49.140239],[23.3086851,49.1541488],[23.351828,49.1340709],[23.3863718,49.1598391],[23.3898071,49.1706648],[23.3558792,49.2024663],[23.377612,49.2028167],[23.4186558,49.2258117],[23.4301901,49.2200673],[23.4163445,49.2156839],[23.4172136,49.2063726],[23.4386122,49.1913734],[23.497079,49.186174],[23.5153234,49.1751107],[23.5151464,49.1653814],[23.4942855,49.13278],[23.5169005,49.1188489],[23.5182795,49.1379317],[23.5685261,49.142312],[23.5589344,49.1559397],[23.5811439,49.1789937],[23.5826254,49.1938204],[23.5689837,49.2021737],[23.5876617,49.2086775],[23.5816336,49.2116037],[23.633821,49.2031361],[23.67193,49.220059],[23.6919871,49.2508824],[23.6640755,49.2686501],[23.6692735,49.2815],[23.712271,49.2995757]]],[[[23.7501887,49.4670072],[23.7637993,49.4599214],[23.7607684,49.447371],[23.7378971,49.4485959],[23.7346676,49.4655566],[23.7501887,49.4670072]]]]}},{"type":"Feature","properties":{"oblast":"mykolaivska","name":"Баштанський район","match":"баштанський"},"geometry":{"type":"MultiPolygon","coordinates":[[[[32.9073198,47.1199571],[32.9187006,47.1446872],[32.9482949,47.1638164],[32.961355,47.1896302],[33.0020432,47.1899944],[33.0044164,47.1969024],[33.0156173,47.1803274],[33.0378879,47.1782057],[33.0372004,47.1886707],[33.0662034,47.200876],[33.0719918,47.2233615],[33.0991487,47.2234473],[33.1111502,47.2068666],[33.1300077,47.202869],[33.1425852,47.2103746],[33.1272546,47.2308989],[33.1836885,47.2380285],[33.1395323,47.2723339],[33.1052117,47.280462],[33.1020838,47.2906506],[33.1115348,47.293926],[33.1029147,47.3223493],[33.1372968,47.3336504],[33.1225794,47.385216],[33.0392937,47.3796948],[33.0294888,47.4212848],[33.037458,47.4255456],[33.0341304,47.4416307],[33.0538642,47.4440506],[33.0472559,47.4684701],[33.0690067,47.4752414],[33.0715543,47.4124492],[33.1378337,47.4195283],[33.1232429,47.5079417],[33.1468637,47.5146486],[33.1413235,47.5445215],[33.0949698,47.5276253],[33.0888625,47.5521654],[33.0950145,47.5971097],[32.9595839,47.5931072],[32.9968841,47.6151206],[32.9722994,47.7226695],[33.0720927,47.7389395],[33.0499017,47.7818048],[33.0661808,47.7835752],[33.0549096,47.8318089],[33.0608264,47.858987],[33.0751918,47.8604936],[33.0699184,47.8825448],[33.0861701,47.884908],[33.0783706,47.9204573],[33.0140056,47.9103976],[33.0011627,47.917957],[32.9927889,47.9349038],[33.0075661,47.9374997],[32.9945705,47.9843104],[33.0046209,47.9880843],[32.9892162,48.0484699],[32.9524982,48.0352897],[32.9450932,48.0423894],[32.913485,48.037587],[32.9150383,48.0315917],[32.8702838,48.0319424],[32.8876008,48.0177548],[32.8941148,47.9857122],[32.8017303,47.9747103],[32.7956157,47.9939455],[32.6890579,47.9825853],[32.6971688,47.9466922],[32.7371024,47.9517741],[32.7455728,47.932722],[32.6517763,47.9214869],[32.6558598,47.9047994],[32.6766327,47.9072212],[32.6855937,47.873001],[32.664442,47.8709697],[32.6692405,47.8529901],[32.6794286,47.8517554],[32.6575792,47.8195987],[32.4296391,47.7895592],[32.4206791,47.8019165],[32.3629765,47.7888589],[32.3037571,47.8239474],[32.2365308,47.8148154],[32.2398978,47.7938631],[32.2225186,47.7915994],[32.2316815,47.760423],[32.2080819,47.7573688],[32.2208731,47.711438],[32.1768715,47.7073459],[32.1925237,47.6155221],[32.2175252,47.6180719],[32.223359,47.5938373],[32.1758061,47.5885426],[32.170541,47.6137713],[32.149609,47.611833],[32.1547727,47.5901266],[32.1128064,47.5830212],[32.1218991,47.5608669],[32.1578412,47.5634994],[32.1610356,47.5426856],[32.1469685,47.5155],[32.1214423,47.5135177],[32.1287095,47.503312],[32.1195602,47.4962087],[32.1098667,47.5012681],[32.1056622,47.4890318],[32.0486761,47.4893646],[32.058997,47.442239],[32.0699789,47.4434043],[32.0752263,47.4267734],[32.1172801,47.4163629],[32.1323506,47.3456226],[32.1060136,47.3419602],[32.1249669,47.277288],[32.0872431,47.2725486],[32.1114993,47.1664647],[32.2291128,47.1827287],[32.2409617,47.1727557],[32.2178255,47.1478002],[32.2385828,47.1424036],[32.3388077,47.1578759],[32.3208144,47.1356694],[32.3771494,47.1421604],[32.3787447,47.1335223],[32.5522837,47.1554166],[32.5797641,47.0879365],[32.6003324,47.0902123],[32.6165065,47.0296231],[32.6047701,47.0281254],[32.6089482,47.0100818],[32.5438026,47.0020851],[32.5387623,47.0197837],[32.5270585,47.0183215],[32.5438045,46.9566069],[32.5170465,46.9531297],[32.5243205,46.926437],[32.5707662,46.9322784],[32.5766701,46.903265],[32.568002,46.8876174],[32.5450666,46.8826405],[32.5467399,46.869438],[32.5704869,46.8725642],[32.5854524,46.8558401],[32.6878845,46.8620814],[32.7013967,46.8207644],[32.7641489,46.8272901],[32.7715653,46.8207817],[32.776203,46.8311441],[32.8136251,46.8401364],[32.9491152,46.8579487],[32.9462653,46.8686577],[32.9198948,46.8661432],[32.9152698,46.883276],[32.8383546,46.8825934],[32.8392106,46.8962844],[32.9246045,46.9100577],[32.921715,46.9266563],[32.9798654,46.9336997],[32.9758582,46.9487523],[32.9496623,46.9465451],[32.9339743,46.9862828],[32.9496959,47.0031886],[33.0224893,46.9727807],[33.093245,47.0393468],[33.1557081,47.1174531],[33.1050252,47.1366073],[33.0819797,47.1075813],[33.102579,47.099811],[33.0729674,47.0624047],[33.0515956,47.0700634],[33.0269084,47.0396692],[32.9166978,47.0871808],[32.9073198,47.1199571]]]]}},{"type":"Feature","properties":{"oblast":"mykolaivska","name":"Вознесенський район","match":"вознесенський"},"geometry":{"type":"MultiPolygon","coordinates":[[[[31.0458395,47.8863521],[31.0489505,47.8753742],[30.9980941,47.8683913],[30.9947429,47.8755026],[30.8861418,47.8510821],[30.8835084,47.8570591],[30.8482186,47.8403345],[30.8482835,47.832273],[30.7733351,47.821002],[30.7800442,47.7931063],[30.7521058,47.7891257],[30.7535715,47.781996],[30.7588784,47.7635229],[30.7843737,47.766912],[30.7919533,47.7397546],[30.7673948,47.7325776],[30.769649,47.7214267],[30.7467169,47.7134367],[30.7551139,47.7028683],[30.7409227,47.7002395],[30.7924134,47.6362476],[30.774908,47.6235339],[30.7794845,47.5840571],[30.7448445,47.5797813],[30.7524082,47.5602362],[30.7731717,47.5463026],[30.829052,47.549695],[30.833839,47.5369639],[30.8759523,47.5449512],[30.8832499,47.5077516],[30.8521781,47.5031277],[30.8648848,47.4441945],[30.8481527,47.4394191],[30.8515105,47.4204507],[30.8871446,47.4260139],[30.8934426,47.4033123],[30.8734869,47.4005042],[30.8848753,47.3590065],[30.9007648,47.3601912],[30.9088173,47.3458803],[30.8678758,47.3343265],[30.8746575,47.3182224],[30.8930121,47.3206818],[30.9075063,47.27738],[30.9971579,47.2897998],[30.9890895,47.2673462],[31.008083,47.2698405],[31.0180868,47.2393124],[31.1704805,47.266338],[31.1782045,47.223122],[31.1463026,47.2182904],[31.1568469,47.1816542],[31.1229784,47.1769271],[31.1182809,47.1898448],[31.1089295,47.1877273],[31.1158624,47.167921],[31.1062189,47.1652986],[31.109965,47.1556144],[31.1973863,47.1550248],[31.2006419,47.1717479],[31.2460407,47.1778072],[31.2492135,47.1688951],[31.2695325,47.1718815],[31.2730665,47.1595737],[31.2894713,47.1618227],[31.2951203,47.14571],[31.3845378,47.1452997],[31.3587092,47.2305201],[31.3247339,47.2392302],[31.4113216,47.2594465],[31.4011759,47.2991149],[31.4538172,47.3015005],[31.5512624,47.2802474],[31.5847867,47.2935862],[31.5768772,47.3025889],[31.6642238,47.3368293],[31.5922074,47.3796416],[31.5924812,47.3904139],[31.6176962,47.3971623],[31.5922021,47.4265883],[31.6038835,47.4397133],[31.6504992,47.4455692],[31.6537323,47.4347394],[31.7269381,47.447076],[31.7281026,47.4742619],[31.7465723,47.4821695],[31.7524845,47.5081011],[31.8012546,47.5360935],[31.7770556,47.5608523],[31.7853856,47.5631972],[31.7845654,47.5776323],[31.8059067,47.5763341],[31.8104481,47.5674121],[31.8030675,47.5613952],[31.883049,47.5680514],[31.8874163,47.5548393],[31.9463635,47.5598066],[31.9530505,47.5405928],[31.9952326,47.5443214],[31.9987057,47.532762],[32.1081018,47.5555647],[32.1058946,47.5638561],[32.1204078,47.5656825],[32.1129995,47.5831948],[32.1547727,47.5901266],[32.149609,47.611833],[32.170541,47.6137713],[32.1758061,47.5885426],[32.223359,47.5938373],[32.2175252,47.6180719],[32.1925237,47.6155221],[32.1768715,47.7073459],[32.2208731,47.711438],[32.2080819,47.7573688],[32.1606087,47.7511189],[32.154689,47.7611116],[32.1402589,47.7488944],[32.1358652,47.7579133],[32.116945,47.7559326],[32.1092838,47.7844614],[32.0896569,47.7822509],[32.0765689,47.806549],[32.0596547,47.8044878],[32.0548786,47.8173152],[31.9598764,47.8096817],[31.9630773,47.7989162],[31.8376686,47.7830536],[31.8274308,47.8165727],[31.8691185,47.8234751],[31.8532711,47.848407],[31.8572534,47.8646693],[31.8906963,47.8669388],[31.8766678,47.9194892],[31.8550209,47.9161497],[31.8439389,47.9636924],[31.7809227,47.9601064],[31.7527849,47.9437813],[31.7290654,48.0355775],[31.7830732,48.0423319],[31.7673464,48.1021392],[31.6945326,48.093348],[31.6842941,48.1202722],[31.6420165,48.1149732],[31.6340116,48.1348427],[31.582466,48.1287182],[31.5842077,48.1055503],[31.5713612,48.0970356],[31.5591711,48.1102565],[31.5405344,48.1077935],[31.5509943,48.0699355],[31.5094936,48.0688927],[31.5074923,48.0555481],[31.4925401,48.0502899],[31.4880874,48.0653914],[31.4701323,48.0634245],[31.4764187,48.0831909],[31.4985336,48.0873897],[31.4868521,48.1295906],[31.4179638,48.1209015],[31.4202802,48.1116961],[31.403822,48.1094861],[31.4068641,48.0962908],[31.3979635,48.090989],[31.4124391,48.0385438],[31.4000464,48.0365514],[31.403945,48.0174829],[31.4176188,48.0156613],[31.4230639,47.998529],[31.4351616,47.999456],[31.4781279,47.8498192],[31.4451828,47.8454324],[31.4564734,47.8092288],[31.4419192,47.8071581],[31.4525937,47.776402],[31.4164426,47.7713504],[31.4087338,47.7923711],[31.37605,47.7872726],[31.3830766,47.7624703],[31.2938489,47.7487515],[31.2557014,47.79597],[31.2724823,47.847482],[31.2922892,47.8502057],[31.3032967,47.8327067],[31.3122003,47.8347513],[31.2975197,47.844001],[31.3007751,47.8540726],[31.2615633,47.8476817],[31.2360154,47.9149587],[31.209983,47.9114647],[31.195468,47.922052],[31.0927591,47.9049259],[31.1126917,47.8804703],[31.096613,47.8774575],[31.0877207,47.8924305],[31.0458395,47.8863521]]]]}},{"type":"Feature","properties":{"oblast":"mykolaivska","name":"Миколаївський район","match":"миколаївський"},"geometry":{"type":"MultiPolygon","coordinates":[[[[31.9987057,47.532762],[32.0958243,47.5512126],[32.1081018,47.5555647],[32.1058946,47.5638561],[32.1587255,47.5609738],[32.1583006,47.5357071],[32.1469685,47.5155],[32.1214423,47.5135177],[32.1298599,47.5073888],[32.1243641,47.4979321],[32.1098667,47.5012681],[32.1056622,47.4890318],[32.0486761,47.4893646],[32.058997,47.442239],[32.0699789,47.4434043],[32.0752263,47.4267734],[32.1172801,47.4163629],[32.1323506,47.3456226],[32.1060136,47.3419602],[32.1249669,47.277288],[32.0872431,47.2725486],[32.1114993,47.1664647],[32.2291128,47.1827287],[32.2409617,47.1727557],[32.2178255,47.1478002],[32.2385828,47.1424036],[32.3388077,47.1578759],[32.3208144,47.1356694],[32.3771494,47.1421604],[32.3787447,47.1335223],[32.5522837,47.1554166],[32.5797641,47.0879365],[32.6003324,47.0902123],[32.6165065,47.0296231],[32.6047701,47.0281254],[32.6089482,47.0100818],[32.5438026,47.0020851],[32.5387623,47.0197837],[32.5270585,47.0183215],[32.5438045,46.9566069],[32.5170465,46.9531297],[32.5243205,46.926437],[32.5707662,46.9322784],[32.576713,46.9028765],[32.568002,46.8876174],[32.5337954,46.8814646],[32.5412735,46.8501696],[32.5250909,46.8483039],[32.5314968,46.82324],[32.4693254,46.816568],[32.4632807,46.8404296],[32.3653157,46.8292574],[32.3728903,46.7990798],[32.3415854,46.7954461],[32.2272245,46.8454517],[32.2522118,46.8196044],[32.2096967,46.8057258],[32.2186855,46.7713054],[32.1689531,46.7635024],[32.171543,46.7523229],[32.05715,46.7446436],[32.0609094,46.7279785],[32.0756701,46.7299759],[32.0868325,46.6835172],[32.0201421,46.6774969],[32.0298797,46.6689066],[31.9874104,46.6641164],[31.9885849,46.6554721],[31.9300896,46.652885],[31.927471,46.5817546],[31.8619843,46.5234904],[31.8480348,46.5004454],[31.8194006,46.4958095],[31.804476,46.4791719],[31.8109129,46.3715694],[31.7974278,46.3490392],[31.7760192,46.3447972],[31.5425073,46.3817142],[31.5034804,46.3805215],[31.3814661,46.4076023],[31.1590964,46.4096818],[31.1768805,46.6283352],[31.1904375,46.6476197],[31.1758592,46.6507501],[31.1971883,46.6602818],[31.1854915,46.6624472],[31.1790155,46.7091137],[31.1540348,46.7351697],[31.1539673,46.7468789],[31.1778072,46.769368],[31.1531653,46.792222],[31.1562659,46.8353428],[31.1111509,46.8448318],[31.0928831,46.8810873],[31.0400672,46.8991214],[31.018202,46.963708],[31.1352248,46.9896657],[31.1415219,46.9789912],[31.242356,46.991323],[31.2294954,47.0217571],[31.2914197,47.0247331],[31.294019,47.0463706],[31.3049776,47.0483184],[31.2933602,47.0817398],[31.3018263,47.0834008],[31.2730665,47.1595737],[31.2894713,47.1618227],[31.2972218,47.1453733],[31.3845838,47.1454947],[31.3587092,47.2305201],[31.3247339,47.2392302],[31.4113216,47.2594465],[31.4011759,47.2991149],[31.4538172,47.3015005],[31.5512624,47.2802474],[31.5847867,47.2935862],[31.5768772,47.3025889],[31.6642238,47.3368293],[31.5922074,47.3796416],[31.5924812,47.3904139],[31.6176962,47.3971623],[31.5922021,47.4265883],[31.6038835,47.4397133],[31.6504992,47.4455692],[31.6537323,47.4347394],[31.7269381,47.447076],[31.7281026,47.4742619],[31.7465723,47.4821695],[31.7524845,47.5081011],[31.8012546,47.5360935],[31.7770556,47.5608523],[31.7853856,47.5631972],[31.7845654,47.5776323],[31.8059067,47.5763341],[31.8104481,47.5674121],[31.8030675,47.5613952],[31.883049,47.5680514],[31.8874163,47.5548393],[31.9463635,47.5598066],[31.9530505,47.5405928],[31.9952326,47.5443214],[31.9987057,47.532762]]]]}},{"type":"Feature","properties":{"oblast":"mykolaivska","name":"Первомайський район","match":"первомайський"},"geometry":{"type":"MultiPolygon","coordinates":[[[[30.7733351,47.821002],[30.7800442,47.7931063],[30.7521058,47.7891257],[30.7535715,47.781996],[30.7588784,47.7635229],[30.7843737,47.766912],[30.7919533,47.7397546],[30.7673948,47.7325776],[30.769649,47.7214267],[30.7467169,47.7134367],[30.7551139,47.7028683],[30.7408757,47.7007145],[30.7769251,47.6475502],[30.709005,47.6393413],[30.7198446,47.6087379],[30.6600197,47.6008092],[30.6620616,47.6349131],[30.6179207,47.6241874],[30.6122449,47.6357605],[30.4711277,47.618083],[30.4640113,47.6402876],[30.4205912,47.6342307],[30.3886295,47.7524534],[30.4241423,47.7609484],[30.4160897,47.7872509],[30.4392262,47.7898921],[30.4360069,47.8007676],[30.4283197,47.8005003],[30.4226196,47.8211607],[30.3303633,47.8109707],[30.2978048,47.9229094],[30.3074629,47.9298314],[30.2457711,47.9672324],[30.2495863,47.9821265],[30.2257174,48.0119028],[30.2575522,48.0210398],[30.2562703,48.0283884],[30.233668,48.0605626],[30.2068714,48.0677683],[30.2334898,48.070293],[30.2501322,48.0898027],[30.2826516,48.0851306],[30.2939334,48.0971086],[30.324776,48.0941039],[30.3147983,48.1058252],[30.3288947,48.0969323],[30.3568829,48.1010306],[30.356816,48.1127288],[30.315363,48.1167244],[30.3083451,48.1419575],[30.3278739,48.1475424],[30.3271578,48.160332],[30.3643211,48.1741202],[30.4136478,48.1630745],[30.4357792,48.1728593],[30.4686909,48.162865],[30.4956417,48.1703479],[30.5046845,48.1582021],[30.527007,48.1795746],[30.5557412,48.1557513],[30.6178592,48.1560366],[30.6210406,48.1662439],[30.6564591,48.1719647],[30.647191,48.1852116],[30.7167351,48.1955866],[30.7193171,48.1865015],[30.7854417,48.1914431],[30.7925069,48.1679766],[30.8138696,48.1697051],[30.8192763,48.1880657],[30.8484801,48.1843664],[30.8550746,48.1610721],[30.8999568,48.159321],[30.9304435,48.1662813],[30.9317281,48.1839697],[30.9893724,48.1844659],[30.9812229,48.2221771],[31.0527322,48.2322044],[31.0560989,48.2201329],[31.1380877,48.2292811],[31.1401253,48.2207575],[31.1641423,48.2224938],[31.1848563,48.2029137],[31.1921851,48.1940157],[31.1817594,48.1789766],[31.2012455,48.1683553],[31.2207565,48.1708125],[31.2364712,48.1169589],[31.3251945,48.1383135],[31.3301312,48.1140224],[31.3891468,48.1292942],[31.4068641,48.0962908],[31.3978286,48.0954358],[31.4124391,48.0385438],[31.4000464,48.0365514],[31.4048466,48.0144138],[31.4176188,48.0156613],[31.4212451,48.0000484],[31.4351616,47.999456],[31.4781279,47.8498192],[31.4451828,47.8454324],[31.4564734,47.8092288],[31.4419192,47.8071581],[31.4525937,47.776402],[31.4164426,47.7713504],[31.4087338,47.7923711],[31.37605,47.7872726],[31.3830766,47.7624703],[31.2938489,47.7487515],[31.2557014,47.79597],[31.2724823,47.847482],[31.2922892,47.8502057],[31.3032967,47.8327067],[31.3119439,47.8354614],[31.2975197,47.844001],[31.3007751,47.8540726],[31.2615633,47.8476817],[31.2360154,47.9149587],[31.209983,47.9114647],[31.195468,47.922052],[31.0910779,47.904415],[31.1126917,47.8804703],[31.0962492,47.8775371],[31.0877207,47.8924305],[31.0458395,47.8863521],[31.0489505,47.8753742],[30.9980941,47.8683913],[30.9947429,47.8755026],[30.8861418,47.8510821],[30.8835084,47.8570591],[30.8482186,47.8403345],[30.8482835,47.832273],[30.7733351,47.821002]]]]}},{"type":"Feature","properties":{"oblast":"odeska","name":"Ізмаїльський район","match":"ізмаїльський"},"geometry":{"type":"MultiPolygon","coordinates":[[[[29.623615,45.5000385],[29.6325405,45.479591],[29.6697257,45.4746234],[29.6799798,45.4577216],[29.6888479,45.4672538],[29.7059395,45.4628265],[29.7453788,45.4898946],[29.7438419,45.4627851],[29.7662678,45.4710732],[29.7858238,45.4631106],[29.7633308,45.3681761],[29.7839141,45.3180482],[29.7553258,45.270394],[29.7574286,45.2221454],[29.7276695,45.2187777],[29.7223145,45.208939],[29.6948688,45.2113549],[29.6896118,45.2002643],[29.6621923,45.2389352],[29.6635128,45.2596607],[29.678552,45.268243],[29.65093,45.3396186],[29.5928096,45.3877893],[29.5507497,45.4088678],[29.4739902,45.423179],[29.4297317,45.4425841],[29.3635356,45.4361998],[29.326675,45.448369],[29.2907355,45.4274557],[29.238151,45.432705],[29.1674249,45.39433],[28.9658847,45.3309818],[28.9490906,45.3112235],[28.9521334,45.2862785],[28.941882,45.280499],[28.914686,45.287404],[28.8742045,45.3160694],[28.84592,45.317275],[28.8164702,45.3362534],[28.7961829,45.3347304],[28.780537,45.323045],[28.8052586,45.3114933],[28.803259,45.303102],[28.752028,45.284082],[28.763615,45.264224],[28.791566,45.25396],[28.7925883,45.2434782],[28.7109378,45.2236659],[28.642478,45.24298],[28.5612283,45.2500889],[28.349033,45.320399],[28.285348,45.399623],[28.280666,45.444068],[28.2139355,45.4671885],[28.2554819,45.5155428],[28.3048003,45.5469078],[28.4207771,45.5126647],[28.4205776,45.4853455],[28.5151856,45.4998842],[28.491297,45.5711304],[28.5442136,45.5800309],[28.552955,45.5540071],[28.66052,45.5217432],[28.6439145,45.4728781],[28.6511255,45.4651929],[28.7694472,45.4958453],[28.7377368,45.5891727],[28.8817897,45.6069032],[28.8785237,45.6167275],[28.9477622,45.6283958],[28.9376387,45.6481888],[28.9856639,45.6562348],[28.9720523,45.6978481],[29.0225888,45.7020996],[29.0133097,45.7300606],[29.0185823,45.736803],[29.0429649,45.7347842],[29.0571391,45.7528063],[29.075642,45.751421],[29.0664348,45.7795554],[29.104687,45.7856518],[29.0998035,45.8005267],[29.1688696,45.8133408],[29.1853244,45.7912703],[29.1921869,45.7360484],[29.2008081,45.7374179],[29.2021852,45.7198708],[29.2166665,45.7171597],[29.2081147,45.705764],[29.3154626,45.7316843],[29.3267982,45.6896314],[29.4180637,45.6994049],[29.4240183,45.6706982],[29.4614389,45.675291],[29.468798,45.6385365],[29.4903076,45.6410104],[29.4915419,45.6143452],[29.5553527,45.6240589],[29.5523463,45.6445171],[29.6043093,45.6481492],[29.6092391,45.6200315],[29.5969224,45.5612821],[29.6504013,45.5291955],[29.623615,45.5000385]]]]}},{"type":"Feature","properties":{"oblast":"odeska","name":"Білгород-Дністровський район","match":"білгород-дністровський"},"geometry":{"type":"MultiPolygon","coordinates":[[[[29.5032149,46.0378475],[29.5338745,46.0960812],[29.5321326,46.1375735],[29.5258755,46.1525944],[29.4735892,46.1465257],[29.473487,46.1593337],[29.4829709,46.1608425],[29.483862,46.1952355],[29.6033895,46.1960088],[29.6105376,46.1985399],[29.6025296,46.2056685],[29.6255944,46.206714],[29.6255426,46.2199014],[29.6047719,46.2948499],[29.5317158,46.2872793],[29.3835667,46.3242362],[29.4835373,46.3603428],[29.4364272,46.402954],[29.4108724,46.4068982],[29.3867233,46.4466237],[29.4484591,46.4986546],[29.5024603,46.4612869],[29.4843136,46.4474115],[29.494678,46.4281002],[29.5661326,46.4164774],[29.5803143,46.3609011],[29.6005381,46.3628537],[29.6033516,46.3536731],[29.6787608,46.3613508],[29.6602999,46.4359837],[29.6788227,46.4416721],[29.6858338,46.4259968],[29.7346389,46.4350027],[29.7422191,46.443621],[29.7267899,46.4668279],[29.7412898,46.472979],[29.7763856,46.4545767],[29.7868229,46.419933],[29.8231401,46.3957558],[29.8052325,46.3856381],[29.8911359,46.3523887],[29.8869747,46.3716846],[29.9391763,46.4004698],[29.9878742,46.3840853],[29.9985919,46.3894322],[30.0083405,46.3598852],[30.0869798,46.3721127],[30.1068734,46.3913428],[30.1714343,46.4156972],[30.1692107,46.4354798],[30.2180878,46.4437912],[30.2610911,46.4140092],[30.2603686,46.3884271],[30.2878904,46.370903],[30.2998611,46.3475293],[30.284425,46.340284],[30.2925467,46.326098],[30.272517,46.3027257],[30.2669294,46.2664797],[30.376768,46.2223057],[30.4560327,46.112367],[30.4905316,46.1561481],[30.503883,46.1511889],[30.5495955,46.1834763],[30.5652364,46.1655159],[30.5107183,46.1211653],[30.4702605,46.0718074],[30.3605686,45.9901993],[30.221772,45.865916],[29.7137927,45.5777886],[29.6504013,45.5291955],[29.5969224,45.5612821],[29.6092391,45.6200315],[29.6043093,45.6481492],[29.5523463,45.6445171],[29.5553527,45.6240589],[29.4915419,45.6143452],[29.4903076,45.6410104],[29.468798,45.6385365],[29.4614389,45.675291],[29.4240183,45.6706982],[29.4180637,45.6994049],[29.3267982,45.6896314],[29.3154626,45.7316843],[29.3750584,45.737185],[29.4106396,45.7526983],[29.4032975,45.7920874],[29.4798637,45.7788548],[29.4820215,45.792303],[29.4669743,45.7922508],[29.4378085,45.8652582],[29.4653385,45.9147683],[29.4957778,45.9093598],[29.5961606,45.9220465],[29.5907509,45.9495505],[29.5611877,45.9457232],[29.551937,46.0444245],[29.5032149,46.0378475]]]]}},{"type":"Feature","properties":{"oblast":"odeska","name":"Одеський район","match":"одеський"},"geometry":{"type":"MultiPolygon","coordinates":[[[[30.701931,46.3433578],[30.5652364,46.1655159],[30.5495955,46.1834763],[30.503883,46.1511889],[30.4905316,46.1561481],[30.4560327,46.112367],[30.376768,46.2223057],[30.2669294,46.2664797],[30.272517,46.3027257],[30.2925467,46.326098],[30.284425,46.340284],[30.2998611,46.3475293],[30.2878904,46.370903],[30.2603686,46.3884271],[30.2610911,46.4140092],[30.2455703,46.4290115],[30.1950109,46.445701],[30.186916,46.4337163],[30.1686823,46.4351415],[30.1743418,46.4209782],[30.167073,46.4134449],[30.154358,46.4293341],[30.1459593,46.4144234],[30.1311659,46.4118038],[30.135236,46.4173699],[30.095724,46.4400692],[30.0964881,46.4260861],[30.0833918,46.4349874],[30.0791062,46.4241188],[30.0590353,46.4263387],[30.0551891,46.4350116],[30.0641721,46.4429057],[30.0225685,46.4420884],[30.0250741,46.4536949],[29.994955,46.4608898],[30.0232968,46.4687771],[29.995019,46.4734071],[29.9898887,46.4863922],[30.0010931,46.49581],[29.9876895,46.4938549],[29.9867551,46.5101853],[29.982816,46.499182],[29.9708869,46.5015926],[29.9608287,46.4906299],[29.9529006,46.4903967],[29.961496,46.5099987],[29.9371699,46.4937582],[29.9437634,46.5017639],[29.9063373,46.5143164],[29.9135179,46.5215879],[29.8958812,46.5273045],[29.9025636,46.5324974],[29.8882926,46.5471038],[29.8759653,46.5467104],[29.9451926,46.5552545],[29.9485321,46.5611539],[29.9398452,46.5592762],[29.9485625,46.5687809],[29.9389902,46.5683534],[29.9361724,46.589094],[29.9632777,46.5837565],[29.9682979,46.5984221],[29.9543224,46.6331603],[30.1527892,46.6276476],[30.1285002,46.6749585],[30.3166992,46.6901762],[30.3249456,46.6516944],[30.2765868,46.647074],[30.2814196,46.6327514],[30.3384029,46.6391896],[30.3446285,46.6138458],[30.3761918,46.6168716],[30.3507125,46.6540909],[30.3995031,46.6586301],[30.3900306,46.7046451],[30.3294441,46.7072373],[30.324407,46.7306953],[30.3918344,46.7408052],[30.3839165,46.7537665],[30.4027289,46.739705],[30.4944004,46.7555271],[30.4867265,46.791366],[30.4616221,46.8274847],[30.4563556,46.8639712],[30.4792601,46.8471259],[30.5097456,46.7949307],[30.5473595,46.8108782],[30.5659695,46.769421],[30.5928992,46.7747666],[30.5826851,46.7921143],[30.5869878,46.8160489],[30.5975005,46.8147641],[30.6078197,46.7744931],[30.6583369,46.7800758],[30.6517563,46.8302452],[30.6777343,46.839459],[30.6732424,46.8549047],[30.6424297,46.874245],[30.6408216,46.8992244],[30.6958117,46.9077347],[30.6905421,46.8893942],[30.6816268,46.888251],[30.6919024,46.8740694],[30.7068724,46.8820058],[30.7102809,46.8968469],[30.7169628,46.8880624],[30.7283274,46.89468],[30.725391,46.9014984],[30.8021832,46.9178854],[30.7952622,46.947346],[30.844257,46.9540271],[30.864888,46.9451616],[30.8658594,46.9202425],[30.8959794,46.9246768],[30.9033144,46.9020408],[30.892392,46.9005272],[30.9106815,46.8709691],[30.9980179,46.8950228],[31.001746,46.9082264],[31.0384021,46.9088514],[31.0400672,46.8991214],[31.0928831,46.8810873],[31.1111509,46.8448318],[31.154884,46.8368057],[31.1531653,46.792222],[31.1778072,46.769368],[31.1539673,46.7468789],[31.1540348,46.7351697],[31.1790155,46.7091137],[31.1854915,46.6624472],[31.1971883,46.6602818],[31.1758592,46.6507501],[31.1904375,46.6476197],[31.1771456,46.6266906],[31.0115169,46.5990497],[30.8303772,46.5490955],[30.7943344,46.5578788],[30.7523271,46.545339],[30.7365523,46.5286802],[30.7292559,46.4990564],[30.7569731,46.4840379],[30.7603345,46.4962604],[30.7726952,46.4363853],[30.7521961,46.3752281],[30.701931,46.3433578]]]]}},{"type":"Feature","properties":{"oblast":"odeska","name":"Болградський район","match":"болградський"},"geometry":{"type":"MultiPolygon","coordinates":[[[[28.710431,45.4583772],[28.7163815,45.4620458],[28.7081927,45.470492],[28.710431,45.4583772]]],[[[28.9953463,46.3160143],[28.9853443,46.3183124],[28.952275,46.2594504],[29.0671142,46.1955029],[28.9504641,46.093734],[29.0055542,46.0493499],[28.9789995,46.0034735],[28.7763564,45.9705896],[28.7795635,45.9604311],[28.7567233,45.9571642],[28.7635263,45.9345392],[28.7543809,45.928739],[28.7859644,45.8323044],[28.6970129,45.817872],[28.7093574,45.779905],[28.6247911,45.7663878],[28.5811117,45.7707461],[28.5945283,45.741227],[28.5890917,45.7291894],[28.5627994,45.7255193],[28.5545455,45.736318],[28.520708,45.7375183],[28.5047411,45.6998947],[28.4808577,45.6781565],[28.4864165,45.6604153],[28.5158379,45.665324],[28.5528527,45.5540713],[28.66052,45.5217432],[28.6439145,45.4728781],[28.6511255,45.4651929],[28.7694472,45.4958453],[28.7377368,45.5891727],[28.8817897,45.6069032],[28.8785237,45.6167275],[28.9477622,45.6283958],[28.9376387,45.6481888],[28.9856639,45.6562348],[28.9720523,45.6978481],[29.0225888,45.7020996],[29.0133097,45.7300606],[29.0185823,45.736803],[29.0429649,45.7347842],[29.0571391,45.7528063],[29.075642,45.751421],[29.0664348,45.7795554],[29.104687,45.7856518],[29.0998035,45.8005267],[29.1688696,45.8133408],[29.1853244,45.7912703],[29.1921869,45.7360484],[29.2008081,45.7374179],[29.2021852,45.7198708],[29.2166665,45.7171597],[29.2081147,45.705764],[29.3750584,45.737185],[29.4106396,45.7526983],[29.4032975,45.7920874],[29.4798637,45.7788548],[29.4820215,45.792303],[29.4669743,45.7922508],[29.4378085,45.8652582],[29.4653385,45.9147683],[29.4957778,45.9093598],[29.5961606,45.9220465],[29.5907509,45.9495505],[29.5611877,45.9457232],[29.551937,46.0444245],[29.5032149,46.0378475],[29.5338745,46.0960812],[29.5300846,46.147131],[29.4735892,46.1465257],[29.473487,46.1593337],[29.4829709,46.1608425],[29.483862,46.1952355],[29.5526531,46.1904504],[29.6255944,46.206714],[29.6047719,46.2948499],[29.5317158,46.2872793],[29.3835667,46.3242362],[29.4835373,46.3603428],[29.4364272,46.402954],[29.4108724,46.4068982],[29.3512806,46.5042009],[29.3315594,46.4959063],[29.3365096,46.4739927],[29.3078009,46.4648752],[29.3185762,46.4476584],[29.306011,46.4442989],[29.324102,46.4148169],[29.3027565,46.408262],[29.2962511,46.4172393],[29.2650817,46.4065279],[29.2677792,46.3936914],[29.2407054,46.3761769],[29.206756,46.3863219],[29.2468043,46.4166113],[29.2275784,46.4318808],[29.2295402,46.4582936],[29.2196698,46.4636089],[29.2552119,46.4854353],[29.2493964,46.5002148],[29.2409242,46.4990443],[29.2358278,46.5582865],[29.1618564,46.544472],[29.1634854,46.5154171],[29.0629106,46.5125886],[29.0387011,46.5058814],[29.03348,46.4907461],[28.981347,46.489047],[28.9840608,46.4778941],[29.0233177,46.4801617],[29.0254762,46.462288],[28.9308607,46.4577381],[29.0035336,46.3166654],[28.9953463,46.3160143]]]]}},{"type":"Feature","properties":{"oblast":"odeska","name":"Березівський район","match":"березівський"},"geometry":{"type":"MultiPolygon","coordinates":[[[[31.1061063,46.9848179],[31.0872499,46.9823651],[31.0899853,46.9735573],[31.018202,46.963708],[31.0384021,46.9088514],[31.001746,46.9082264],[31.002665,46.8969963],[30.9767052,46.8952199],[30.9787406,46.8875051],[30.9407544,46.882306],[30.9426818,46.8756146],[30.9106815,46.8709691],[30.892392,46.9005272],[30.9033144,46.9020408],[30.8959794,46.9246768],[30.8658594,46.9202425],[30.864888,46.9451616],[30.844257,46.9540271],[30.7952622,46.947346],[30.8021832,46.9178854],[30.725391,46.9014984],[30.7283274,46.89468],[30.7169628,46.8880624],[30.7102809,46.8968469],[30.7068724,46.8820058],[30.6919024,46.8740694],[30.6816268,46.888251],[30.6905421,46.8893942],[30.6958117,46.9077347],[30.6408216,46.8992244],[30.6424297,46.874245],[30.6732424,46.8549047],[30.6777343,46.839459],[30.6517563,46.8302452],[30.6583369,46.7800758],[30.6078197,46.7744931],[30.5975005,46.8147641],[30.5869878,46.8160489],[30.5826851,46.7921143],[30.5928992,46.7747666],[30.5659695,46.769421],[30.5473595,46.8108782],[30.5067618,46.7970157],[30.4597534,46.8658603],[30.4534175,46.8586006],[30.4616221,46.8274847],[30.4044954,46.820227],[30.3946613,46.8446556],[30.3719863,46.8415419],[30.3492383,46.9259532],[30.3168835,46.9225066],[30.3114905,46.9408899],[30.3156439,46.9498695],[30.3357126,46.9523999],[30.3334284,46.9604722],[30.2914451,46.9652345],[30.2871133,46.9795887],[30.2553954,46.976079],[30.2620755,46.9492222],[30.2476043,46.9474933],[30.2369475,46.9903302],[30.1376305,46.9797128],[30.1099744,47.0943373],[30.1736209,47.1098163],[30.1500244,47.2109741],[30.1366414,47.2233185],[30.1347,47.241099],[30.1175756,47.2395809],[30.1095768,47.2725332],[30.1286312,47.2750956],[30.122741,47.2947888],[30.1105959,47.2934208],[30.1184781,47.2831703],[30.0865169,47.2871912],[30.083522,47.2739154],[30.0481955,47.3274919],[29.9564179,47.3157395],[29.9509186,47.2972298],[29.9333419,47.2913364],[29.8915957,47.3288839],[29.9029653,47.3344404],[29.899933,47.350256],[29.9119305,47.3601601],[29.9077672,47.3696554],[29.8880809,47.3671434],[29.8760887,47.4133074],[30.0110435,47.4405124],[30.055447,47.439227],[30.0572153,47.431893],[30.1075187,47.4384873],[30.1280402,47.4610342],[30.1467469,47.463614],[30.1203155,47.4775488],[30.1153829,47.4940268],[30.16616,47.5006747],[30.1563369,47.5324284],[30.2256046,47.540367],[30.2172595,47.551821],[30.2754938,47.5661603],[30.2950499,47.5654113],[30.2976679,47.5568676],[30.4468082,47.5765921],[30.4429973,47.5902015],[30.4782167,47.5953726],[30.4711277,47.618083],[30.6122449,47.6357605],[30.6179207,47.6241874],[30.6620616,47.6349131],[30.6600197,47.6008092],[30.6993641,47.6022898],[30.7198446,47.6087379],[30.709005,47.6393413],[30.7885201,47.6492321],[30.7924134,47.6362476],[30.774908,47.6235339],[30.7794845,47.5840571],[30.7448445,47.5797813],[30.7524082,47.5602362],[30.7731717,47.5463026],[30.829052,47.549695],[30.833839,47.5369639],[30.8759523,47.5449512],[30.8832499,47.5077516],[30.8521781,47.5031277],[30.8648848,47.4441945],[30.8481527,47.4394191],[30.8515105,47.4204507],[30.8871446,47.4260139],[30.8934426,47.4033123],[30.8734869,47.4005042],[30.8848753,47.3590065],[30.9007648,47.3601912],[30.9088173,47.3458803],[30.8678758,47.3343265],[30.8746575,47.3182224],[30.8930121,47.3206818],[30.9075063,47.27738],[30.9971579,47.2897998],[30.9890895,47.2673462],[31.008083,47.2698405],[31.0180868,47.2393124],[31.1704805,47.266338],[31.1782045,47.223122],[31.1463026,47.2182904],[31.1568469,47.1816542],[31.1229784,47.1769271],[31.1182809,47.1898448],[31.1089295,47.1877273],[31.1158624,47.167921],[31.1062189,47.1652986],[31.109965,47.1556144],[31.1973863,47.1550248],[31.2006419,47.1717479],[31.2695325,47.1718815],[31.3018263,47.0834008],[31.2933602,47.0817398],[31.3049776,47.0483184],[31.294019,47.0463706],[31.2914197,47.0247331],[31.2294954,47.0217571],[31.242356,46.991323],[31.1415219,46.9789912],[31.1352248,46.9896657],[31.1061063,46.9848179]]]]}},{"type":"Feature","properties":{"oblast":"odeska","name":"Роздільнянський район","match":"роздільнянський"},"geometry":{"type":"MultiPolygon","coordinates":[[[[29.890429,46.8614053],[29.8844581,46.849365],[29.9051288,46.8202793],[29.9507877,46.8422427],[29.9799874,46.8195732],[29.9351748,46.805779],[29.9752263,46.7539125],[29.9706778,46.6885129],[29.9460315,46.6495944],[29.9543224,46.6331603],[30.1527892,46.6276476],[30.1285002,46.6749585],[30.3166992,46.6901762],[30.3249456,46.6516944],[30.2765868,46.647074],[30.2814196,46.6327514],[30.3384029,46.6391896],[30.3446285,46.6138458],[30.3761918,46.6168716],[30.3507125,46.6540909],[30.3995031,46.6586301],[30.3900306,46.7046451],[30.3294441,46.7072373],[30.324407,46.7306953],[30.3918344,46.7408052],[30.3839165,46.7537665],[30.4027289,46.739705],[30.495291,46.7588033],[30.4867265,46.791366],[30.4616221,46.8274847],[30.4044954,46.820227],[30.3946613,46.8446556],[30.3719863,46.8415419],[30.3492383,46.9259532],[30.3168835,46.9225066],[30.3114905,46.9408899],[30.3156439,46.9498695],[30.3357126,46.9523999],[30.3334284,46.9604722],[30.2914451,46.9652345],[30.2871133,46.9795887],[30.2553954,46.976079],[30.2620755,46.9492222],[30.2476043,46.9474933],[30.2369475,46.9903302],[30.1376305,46.9797128],[30.1099744,47.0943373],[30.1736209,47.1098163],[30.1500244,47.2109741],[30.1366414,47.2233185],[30.1347,47.241099],[30.1175756,47.2395809],[30.1095768,47.2725332],[30.1286312,47.2750956],[30.122741,47.2947888],[30.1105959,47.2934208],[30.1184781,47.2831703],[30.0865169,47.2871912],[30.083522,47.2739154],[30.0481955,47.3274919],[29.9564179,47.3157395],[29.9509186,47.2972298],[29.9333419,47.2913364],[29.8915957,47.3288839],[29.9029653,47.3344404],[29.899933,47.350256],[29.9119305,47.3601601],[29.9077672,47.3696554],[29.8880809,47.3671434],[29.8760887,47.4133074],[29.9527484,47.4231587],[29.9511713,47.4295389],[29.9759999,47.43839],[29.9485641,47.4376614],[29.9391442,47.4665548],[29.8920811,47.460623],[29.888476,47.475399],[29.8446641,47.4694988],[29.826234,47.5308096],[29.5980049,47.5086797],[29.6006571,47.4962937],[29.5838343,47.4941654],[29.585355,47.4781227],[29.5719237,47.4743837],[29.5752151,47.4542569],[29.5970816,47.4470743],[29.5961374,47.4547096],[29.6049136,47.4548206],[29.6177405,47.4458411],[29.5893024,47.4412132],[29.5941549,47.4189029],[29.5773564,47.4172828],[29.582777,47.3904666],[29.5688746,47.388676],[29.5986932,47.2573916],[29.5521097,47.2513875],[29.5799248,47.1357635],[29.4947466,47.1315218],[29.4992725,47.1091837],[29.5156335,47.1125576],[29.5302017,47.0754494],[29.5497337,47.0758996],[29.5476253,47.0936589],[29.6129159,47.0982362],[29.6286758,47.044726],[29.6024826,47.0416336],[29.5957857,46.9635699],[29.557411,46.9580908],[29.5720914,46.9402462],[29.6396538,46.9551812],[29.6479227,46.9194283],[29.7180636,46.932117],[29.7212065,46.9183347],[29.7310438,46.9192957],[29.7495288,46.8610701],[29.8840737,46.8861272],[29.890429,46.8614053]]]]}},{"type":"Feature","properties":{"oblast":"odeska","name":"Подільський район","match":"подільський"},"geometry":{"type":"MultiPolygon","coordinates":[[[[29.3264391,47.4147593],[29.3373839,47.3704093],[29.3907218,47.3797607],[29.3980062,47.3536396],[29.3837407,47.3451482],[29.3983616,47.300472],[29.4236972,47.3047822],[29.4270454,47.2921482],[29.4462148,47.2945883],[29.4857162,47.3058776],[29.4831419,47.3323514],[29.4934363,47.3377164],[29.4876534,47.3558608],[29.5740647,47.3704656],[29.5688746,47.388676],[29.582777,47.3904666],[29.5771996,47.4169436],[29.5941549,47.4189029],[29.5893024,47.4412132],[29.6177405,47.4458411],[29.6049136,47.4548206],[29.5961374,47.4547096],[29.5970816,47.4470743],[29.5752151,47.4542569],[29.5719237,47.4743837],[29.585355,47.4781227],[29.5838343,47.4941654],[29.6006571,47.4962937],[29.5980049,47.5086797],[29.826234,47.5308096],[29.8446641,47.4694988],[29.888476,47.475399],[29.8920811,47.460623],[29.9391442,47.4665548],[29.9485641,47.4376614],[30.0220181,47.4416308],[30.055447,47.439227],[30.0572153,47.431893],[30.1075187,47.4384873],[30.1280402,47.4610342],[30.1467469,47.463614],[30.1203155,47.4775488],[30.1153829,47.4940268],[30.16616,47.5006747],[30.1563369,47.5324284],[30.2256046,47.540367],[30.2172595,47.551821],[30.2754938,47.5661603],[30.2950499,47.5654113],[30.2976679,47.5568676],[30.4468082,47.5765921],[30.4429973,47.5902015],[30.4782167,47.5953726],[30.4640113,47.6402876],[30.4205912,47.6342307],[30.3886295,47.7524534],[30.4241423,47.7609484],[30.4160897,47.7872509],[30.4392262,47.7898921],[30.4360069,47.8007676],[30.4283197,47.8005003],[30.4226196,47.8211607],[30.3303633,47.8109707],[30.2978048,47.9229094],[30.3074629,47.9298314],[30.2457711,47.9672324],[30.2495863,47.9821265],[30.2257174,48.0119028],[30.2575522,48.0210398],[30.2562703,48.0283884],[30.233668,48.0605626],[30.2068714,48.0677683],[30.2334898,48.070293],[30.2501322,48.0898027],[30.2826516,48.0851306],[30.2939334,48.0971086],[30.324776,48.0941039],[30.3147983,48.1058252],[30.3288947,48.0969323],[30.3568829,48.1010306],[30.3571616,48.1125415],[30.315363,48.1167244],[30.3082281,48.1431095],[30.2623874,48.1480336],[30.242441,48.1408152],[30.1877319,48.155084],[30.1064321,48.1400216],[30.0499785,48.1502023],[30.0320996,48.178794],[30.0019187,48.1845835],[30.008769,48.209117],[29.9902007,48.2300256],[29.9752929,48.2168644],[29.9303634,48.2332855],[29.891458,48.1857954],[29.8406849,48.2126359],[29.7933888,48.2012732],[29.7807239,48.2085439],[29.7636282,48.2004275],[29.7235623,48.2022079],[29.6824341,48.188042],[29.6547025,48.1952453],[29.6759424,48.162344],[29.6749939,48.1278228],[29.6566959,48.1188015],[29.6682759,48.1163852],[29.663665,48.1075667],[29.6378742,48.1116312],[29.6404151,48.122822],[29.6024816,48.1329216],[29.5983313,48.119897],[29.5812942,48.1110439],[29.587515,48.101924],[29.5699005,48.0987054],[29.4950475,48.1025808],[29.4669809,48.1229936],[29.3947663,48.1137631],[29.3823462,48.1026365],[29.3868571,48.094958],[29.371637,48.0904534],[29.3522886,48.089408],[29.352339,48.0973218],[29.311332,48.0859162],[29.2774881,48.0905847],[29.2656773,48.0942016],[29.2580294,48.1121622],[29.2279126,48.1032282],[29.2040742,48.1175172],[29.2615672,48.130345],[29.250405,48.1501051],[29.2405599,48.1405544],[29.2133383,48.1431276],[29.2092285,48.1342027],[29.1413159,48.1406135],[29.157035,48.1479949],[29.1342821,48.1525389],[29.0750401,48.1945287],[29.0593798,48.19318],[29.0597861,48.1797611],[29.0457957,48.1737448],[29.0498914,48.1502457],[29.0321819,48.1255746],[29.0048975,48.150597],[28.9843783,48.1449967],[28.9453804,48.1567963],[28.9308193,48.0949152],[28.868985,48.0815491],[28.8692593,48.0690033],[28.8532367,48.078569],[28.8334151,48.0728476],[28.8496999,48.0705007],[28.8438136,48.0656643],[28.8520313,48.060855],[28.8394493,48.0349462],[28.8830749,48.0103474],[28.9018878,48.0125575],[28.8776631,48.0008078],[28.9227753,47.962456],[28.961602,47.97919],[29.0326337,47.9426417],[29.0737632,47.9438964],[29.0867456,47.9466677],[29.0794659,47.9714324],[29.0981213,47.9601256],[29.0965122,47.9733086],[29.0840737,47.9773335],[29.0928891,47.9830705],[29.130998,47.9823591],[29.1248714,47.993668],[29.1753154,47.9937782],[29.2006376,47.8843692],[29.2131984,47.8857689],[29.2162098,47.8960737],[29.2235462,47.8910929],[29.2158497,47.8859576],[29.2815702,47.8879451],[29.2273364,47.8564365],[29.1984213,47.8198447],[29.2193075,47.7984346],[29.2326968,47.7974054],[29.2470933,47.8109431],[29.2761347,47.8037076],[29.2486064,47.7513391],[29.2152313,47.7387023],[29.2043638,47.7190685],[29.2311065,47.6837634],[29.2195489,47.6820405],[29.2093865,47.6422973],[29.2339567,47.6425893],[29.2191967,47.6269847],[29.209605,47.628576],[29.2176647,47.6122875],[29.185966,47.5857538],[29.1846596,47.5719641],[29.1169452,47.5544243],[29.1515404,47.5065536],[29.1896722,47.5139663],[29.1823852,47.4959176],[29.1922926,47.4873751],[29.1876782,47.4753459],[29.1575637,47.4592329],[29.1622123,47.452674],[29.1893752,47.4672112],[29.1930219,47.4595378],[29.1821886,47.4490708],[29.190968,47.4250576],[29.2423457,47.4619687],[29.2437545,47.4153066],[29.3174901,47.4492004],[29.3264391,47.4147593]]]]}},{"type":"Feature","properties":{"oblast":"poltavska","name":"Полтавський район","match":"полтавський"},"geometry":{"type":"MultiPolygon","coordinates":[[[[34.2901372,49.9470272],[34.2872244,49.9649188],[34.2431507,49.962339],[34.238494,49.9982523],[34.2286832,50.0144116],[34.2109513,50.0204097],[34.2126278,50.0399832],[34.1650921,50.0545597],[34.1566953,50.0479379],[34.137436,50.0661041],[34.1202831,50.0582954],[34.0897895,50.0626871],[34.0617352,50.0764265],[34.07173,50.0823497],[34.0593658,50.090521],[34.0522846,50.0799663],[34.0301896,50.0823103],[34.0466811,50.0926383],[34.036899,50.1099801],[34.0807962,50.1226423],[34.0875837,50.147362],[34.1403815,50.1562195],[34.1322321,50.1727974],[34.1435817,50.2153607],[34.1746735,50.2507026],[34.1837498,50.2700006],[34.1752178,50.2717774],[34.1954085,50.2838893],[34.2073636,50.3074101],[34.2326029,50.3124735],[34.2253351,50.324539],[34.2373538,50.3295021],[34.2269456,50.3364792],[34.2386934,50.3443403],[34.2633215,50.3355795],[34.2732065,50.3522878],[34.3362093,50.3445172],[34.367365,50.3614103],[34.4097145,50.3374837],[34.3996042,50.3184951],[34.4555508,50.2870016],[34.519885,50.2807477],[34.5117922,50.2743951],[34.5236117,50.2562051],[34.5143055,50.2483257],[34.5268915,50.2402935],[34.5345543,50.2442693],[34.5281743,50.2491404],[34.5434101,50.2472779],[34.5709169,50.2269955],[34.5602095,50.2062075],[34.5233856,50.1773543],[34.5344229,50.1714438],[34.5266717,50.154264],[34.5375573,50.154322],[34.5461646,50.1324772],[34.5729287,50.121413],[34.5931065,50.1273824],[34.6319988,50.1121767],[34.6644157,50.1109077],[34.6768156,50.1338993],[34.6767952,50.1110745],[34.6982666,50.111184],[34.6998585,50.1496921],[34.7344959,50.1603383],[34.74951,50.1577533],[34.7398713,50.1449366],[34.7466506,50.1446532],[34.798131,50.1595668],[34.8329526,50.1558409],[34.8473047,50.1656465],[34.9403583,50.1521815],[34.9327884,50.1347073],[34.9373726,50.0957093],[34.9558887,50.093287],[34.9648948,50.0746106],[34.9380776,50.0618226],[34.8563132,49.9870227],[34.8702568,49.9573318],[34.859465,49.9496284],[34.8930985,49.932121],[34.912464,49.9352694],[34.9394181,49.9034839],[34.9705071,49.8852545],[34.9803521,49.8897771],[35.014287,49.8759836],[35.0337604,49.8873358],[35.0637556,49.8853611],[35.046536,49.8723164],[35.0679745,49.8586254],[35.1191351,49.8513568],[35.1400557,49.8596952],[35.2193739,49.829652],[35.2221858,49.8070418],[35.1995927,49.800448],[35.2114544,49.7890932],[35.2054041,49.7564836],[35.2229809,49.7366411],[35.259357,49.7334326],[35.2644218,49.7165933],[35.2427321,49.7128872],[35.2563781,49.708846],[35.2436622,49.6935165],[35.3301463,49.682025],[35.3445109,49.6651737],[35.433372,49.6734492],[35.4256374,49.6560405],[35.4523307,49.6305345],[35.4856818,49.5720132],[35.4049415,49.5553711],[35.426806,49.5496193],[35.4286648,49.5266585],[35.484595,49.5165052],[35.4891075,49.5022191],[35.481305,49.4840718],[35.4617008,49.4836812],[35.33168,49.5049098],[35.3157812,49.4554599],[35.3638865,49.4469711],[35.3479958,49.4048248],[35.375321,49.3982179],[35.2791408,49.3181883],[35.288161,49.2964952],[35.2716587,49.2771222],[35.2417468,49.2970261],[35.0912383,49.3006085],[35.076381,49.318084],[35.0366858,49.3318306],[35.0241127,49.3256017],[34.9803734,49.2501859],[35.0158017,49.1498851],[34.9485112,49.1939422],[34.9253331,49.1809809],[34.9195826,49.1557119],[34.8993484,49.1490508],[34.867184,49.1647966],[34.8964366,49.1692667],[34.9019243,49.178013],[34.8466,49.1912571],[34.8201349,49.1868683],[34.8270681,49.1750402],[34.8117366,49.1666705],[34.8038648,49.1791236],[34.7586473,49.1684837],[34.7653563,49.1511942],[34.7490692,49.1406315],[34.7399632,49.1445917],[34.7046925,49.1297255],[34.6933172,49.1355634],[34.679647,49.1301027],[34.682685,49.1217485],[34.6645606,49.1191657],[34.6482465,49.131604],[34.5908903,49.1119573],[34.5948787,49.0941514],[34.5722795,49.0952183],[34.5639323,49.072922],[34.5739065,49.0632597],[34.5582025,49.0554068],[34.5438676,49.0541637],[34.5155039,49.0719859],[34.4995586,49.0614719],[34.4751297,49.0736255],[34.4655688,49.0644361],[34.4019662,49.0936058],[34.4157888,49.0548183],[34.3603802,49.0333022],[34.3535377,49.01666],[34.3256542,48.9987287],[34.3531174,48.9838003],[34.312023,48.9405911],[34.300152,48.8958351],[34.3375137,48.8714737],[34.336182,48.8561195],[34.35061,48.8499726],[34.338473,48.840562],[34.3253467,48.8442983],[34.3230932,48.8288293],[34.3429635,48.8283981],[34.3385376,48.8204191],[34.2971606,48.8207337],[34.2980786,48.7845398],[34.3232486,48.7923971],[34.3423131,48.7832051],[34.3089164,48.7652948],[34.3165079,48.7561818],[34.3065544,48.7275964],[34.2937798,48.7234789],[34.2966785,48.7379641],[34.2864463,48.7438899],[34.2489886,48.7445019],[34.1767087,48.777459],[34.1410809,48.7778079],[34.1235317,48.7880754],[34.1199008,48.8224512],[34.072397,48.8248915],[34.0346511,48.8439117],[34.0197495,48.8654127],[33.930898,48.8797495],[34.0129851,48.9340032],[33.9266394,48.9785271],[33.9266394,48.988103],[33.8826941,48.9883283],[33.8830374,49.0136673],[33.9866351,49.0200281],[33.9881157,49.048526],[33.9741897,49.0507515],[33.9857598,49.0831938],[34.0533685,49.0793652],[34.0567013,49.1119782],[34.0884715,49.1130154],[34.1006621,49.1617028],[34.0891832,49.1634806],[34.0951164,49.1773738],[34.043573,49.1840902],[34.0375455,49.2047952],[34.0435842,49.2087853],[34.029809,49.2378864],[34.0058412,49.2528003],[34.0281173,49.2852474],[34.0042881,49.3123859],[33.9904639,49.3116427],[33.9795586,49.3686105],[33.9272503,49.3714025],[33.9147955,49.3643923],[33.8737357,49.3872497],[33.8892813,49.3959608],[33.8716189,49.3962532],[33.8689741,49.4135849],[33.8030415,49.4099162],[33.8057715,49.4199127],[33.7903988,49.4271166],[33.7989612,49.4372162],[33.7910236,49.4457855],[33.8079121,49.4529154],[33.813426,49.4685781],[33.8040317,49.4767085],[33.7756266,49.4730234],[33.7381477,49.5000916],[33.7023673,49.5052816],[33.6970638,49.5331748],[33.6675166,49.5731127],[33.679254,49.5717908],[33.6838888,49.5891678],[33.6966991,49.591296],[33.7454509,49.5934659],[33.756523,49.5861214],[33.767166,49.592687],[33.7640975,49.5803828],[33.7924216,49.5823792],[33.8097142,49.6033093],[33.8685896,49.6156898],[33.8691077,49.6459748],[33.9495115,49.6596848],[33.9537548,49.66945],[33.9393057,49.6886389],[33.912079,49.68355],[33.9082459,49.6910731],[33.941182,49.702704],[33.9391695,49.710499],[34.0328276,49.6996212],[34.0382677,49.7145505],[34.0549004,49.7139034],[34.0690382,49.7305115],[34.0576656,49.7412473],[34.0636422,49.74742],[34.0475742,49.7416437],[34.0459439,49.7551781],[34.1240497,49.7658115],[34.1415768,49.7766469],[34.1408264,49.7935476],[34.1809569,49.7887974],[34.1806726,49.7968528],[34.2214251,49.7979981],[34.2328205,49.821401],[34.2333089,49.8587203],[34.2538045,49.8687009],[34.2345856,49.8926475],[34.2921438,49.9035137],[34.2567582,49.9429427],[34.2901372,49.9470272]]]]}},{"type":"Feature","properties":{"oblast":"poltavska","name":"Кременчуцький район","match":"кременчуцький"},"geometry":{"type":"MultiPolygon","coordinates":[[[[33.8943109,48.9019481],[33.8149378,48.9379673],[33.6992036,48.9453287],[33.6651085,48.9784797],[33.6371895,48.9738312],[33.6340428,48.9616577],[33.6006362,48.9418454],[33.609097,48.9384509],[33.589323,48.916845],[33.5676745,48.9188297],[33.5751592,48.9110338],[33.5476551,48.9126572],[33.5373325,48.931362],[33.4742998,48.9147365],[33.4761202,48.9520329],[33.4315734,48.9567914],[33.4212766,48.9487646],[33.4155796,48.9517545],[33.4235638,48.9561031],[33.4036222,48.9597909],[33.4011984,48.9278424],[33.3518066,48.9529371],[33.3196157,48.9490147],[33.3135945,48.9582755],[33.325024,48.9613805],[33.2975501,49.010521],[33.3278673,49.0247995],[33.3166906,49.0424382],[33.3199614,49.0615503],[33.2620421,49.0919021],[33.2884206,49.097159],[33.3043011,49.118343],[33.2681556,49.1341093],[33.2618352,49.1529212],[33.2403531,49.1667405],[33.248669,49.0859309],[33.1998675,49.0736036],[33.1869663,49.0964106],[33.1558935,49.098792],[33.1508456,49.1219974],[33.1580761,49.1296285],[33.1201926,49.165257],[33.1208716,49.1748415],[33.1019995,49.1852126],[33.0331109,49.1857467],[33.0118265,49.2028927],[32.9953364,49.2024973],[32.9831251,49.211463],[32.983447,49.2400955],[32.9290167,49.2296321],[32.8154952,49.2488307],[32.7639544,49.2328622],[32.7139514,49.2573496],[32.6582553,49.2474528],[32.6342307,49.2600047],[32.6103095,49.2534942],[32.5966003,49.2759056],[32.4776304,49.3217336],[32.4679855,49.3279285],[32.4792773,49.3416832],[32.4617873,49.3473028],[32.4773001,49.3558805],[32.4926326,49.3937779],[32.5100121,49.4080116],[32.5465089,49.3814788],[32.59444,49.3778047],[32.6740158,49.3526375],[32.7377987,49.3534412],[32.7371389,49.372059],[32.6901948,49.3851316],[32.6775992,49.4008505],[32.679171,49.4253579],[32.651165,49.436147],[32.6730386,49.4479656],[32.6664734,49.4666668],[32.6776129,49.498672],[32.7166446,49.5020166],[32.7505219,49.5238192],[32.748883,49.5385104],[32.7555427,49.5396175],[32.7463016,49.548619],[32.7558946,49.5490805],[32.7472924,49.5756693],[32.7534007,49.5789121],[32.7351411,49.5961714],[32.7153423,49.5998872],[32.7147022,49.6145682],[32.7071169,49.6162052],[32.7161237,49.6190169],[32.7146482,49.6305142],[32.7013214,49.6478993],[32.7086013,49.6568481],[32.6896589,49.6598959],[32.727266,49.7123924],[32.7233129,49.73814],[32.7641784,49.7379106],[32.7816379,49.7502172],[32.8196015,49.7554949],[32.8231587,49.7669062],[32.8097072,49.773291],[32.8173652,49.7848548],[32.8490106,49.7851071],[32.8575389,49.8068706],[32.8730573,49.8079002],[32.8798846,49.7845763],[32.8805979,49.7963249],[32.9100703,49.7903933],[32.9211664,49.7731286],[32.973974,49.7608422],[32.9681963,49.751712],[32.9748528,49.7481157],[33.0177446,49.754808],[33.0526439,49.7321323],[33.0447868,49.7275592],[33.0590855,49.7145681],[33.150883,49.6923149],[33.1389304,49.6800787],[33.1538475,49.6730423],[33.1409809,49.6601533],[33.1739145,49.6479405],[33.1884842,49.6456897],[33.1887417,49.6629848],[33.2603557,49.660244],[33.263132,49.6484029],[33.2836856,49.6389578],[33.3811733,49.6572929],[33.4467561,49.6361839],[33.4412189,49.6212776],[33.6173423,49.5763922],[33.6420055,49.5221326],[33.7381477,49.5000916],[33.7756266,49.4730234],[33.8040317,49.4767085],[33.8128582,49.4607314],[33.7928508,49.4494975],[33.7989612,49.4372162],[33.7902979,49.4275091],[33.8057715,49.4199127],[33.8030415,49.4099162],[33.8689741,49.4135849],[33.8716189,49.3962532],[33.8892813,49.3959608],[33.8737357,49.3872497],[33.9147955,49.3643923],[33.9272503,49.3714025],[33.9795586,49.3686105],[33.9904639,49.3116427],[34.0042881,49.3123859],[34.0281173,49.2852474],[34.0058412,49.2528003],[34.029809,49.2378864],[34.0435842,49.2087853],[34.0375455,49.2047952],[34.043573,49.1840902],[34.0951164,49.1773738],[34.0891832,49.1634806],[34.1006621,49.1617028],[34.0884715,49.1130154],[34.0567013,49.1119782],[34.0533685,49.0793652],[33.9857598,49.0831938],[33.9741897,49.0507515],[33.9881157,49.048526],[33.9866351,49.0200281],[33.8830374,49.0136673],[33.8826941,48.9883283],[33.9266394,48.988103],[33.9266394,48.9785271],[34.0129851,48.9340032],[33.930898,48.8797495],[33.8943109,48.9019481]]]]}},{"type":"Feature","properties":{"oblast":"poltavska","name":"Лубенський район","match":"лубенський"},"geometry":{"type":"MultiPolygon","coordinates":[[[[33.374329,50.0369615],[33.3843022,50.06767],[33.4045443,50.0876537],[33.3890307,50.0885175],[33.377396,50.1114152],[33.3874381,50.1130206],[33.3941408,50.1446111],[33.3695851,50.1403731],[33.3791324,50.1484403],[33.3406433,50.170994],[33.3504801,50.1993897],[33.3376474,50.2057311],[33.286085,50.1849228],[33.2641982,50.1547411],[33.2456588,50.1472064],[33.2205962,50.1502314],[33.212099,50.1714561],[33.1950187,50.1703566],[33.1515179,50.1898723],[33.1602254,50.205948],[33.1508803,50.2091022],[33.1510078,50.2339473],[33.1442464,50.2453164],[33.1241143,50.2486085],[33.1362905,50.2647842],[33.1314443,50.2871553],[33.1081968,50.2844667],[33.0908978,50.3248249],[33.0438639,50.3370297],[33.0500506,50.3594851],[33.062468,50.3656337],[33.051566,50.3855892],[33.0006457,50.3826868],[33.0168366,50.4085525],[32.9998549,50.4139649],[33.0019327,50.4243465],[32.9618827,50.4182994],[32.9449763,50.4306016],[32.9201042,50.4291317],[32.9129786,50.4243314],[32.917473,50.409131],[32.8377476,50.3751358],[32.7904397,50.3711401],[32.7873397,50.3616321],[32.8012575,50.356274],[32.7932802,50.3466702],[32.7588695,50.3504976],[32.7499987,50.35964],[32.7433892,50.3519734],[32.6709225,50.3583949],[32.672089,50.370401],[32.6331177,50.3660031],[32.6343755,50.3571872],[32.5625968,50.3588464],[32.5277783,50.3455646],[32.4865314,50.3686488],[32.4934586,50.3991925],[32.4469211,50.3981349],[32.3730876,50.4138429],[32.3650665,50.4257494],[32.3309474,50.4266594],[32.3159555,50.4179618],[32.3260421,50.4030336],[32.2951604,50.3977451],[32.2904362,50.3793453],[32.2779715,50.3803733],[32.2785921,50.3738076],[32.2516088,50.3738143],[32.2640846,50.3620823],[32.2545921,50.346965],[32.2179045,50.3582319],[32.1434038,50.3484349],[32.1525195,50.3374675],[32.1290183,50.31601],[32.1399305,50.3046563],[32.0838638,50.283214],[32.1009103,50.2766062],[32.0894508,50.2469771],[32.1254432,50.2247961],[32.1116221,50.2126044],[32.1624112,50.1873546],[32.1770576,50.164899],[32.2988289,50.1416664],[32.3039186,50.1199374],[32.2502872,50.1147429],[32.2767172,50.0969205],[32.2616785,50.0825023],[32.3139339,50.0386887],[32.3337357,50.0583815],[32.3499856,50.0477091],[32.3446047,50.0361014],[32.3646387,50.0337198],[32.3788769,49.9809869],[32.4282925,49.9603795],[32.4179754,49.9343815],[32.4302329,49.9314772],[32.4193455,49.9283116],[32.4142421,49.9034617],[32.43475,49.8882384],[32.3739945,49.8744485],[32.4372474,49.8217974],[32.4495754,49.7963182],[32.5039357,49.8046272],[32.5143536,49.7742997],[32.5558342,49.7736363],[32.572487,49.7533334],[32.5741913,49.7025437],[32.6639933,49.6805973],[32.6896589,49.6598959],[32.727266,49.7123924],[32.7233129,49.73814],[32.7641784,49.7379106],[32.7816379,49.7502172],[32.8196015,49.7554949],[32.8231587,49.7669062],[32.8097072,49.773291],[32.8173652,49.7848548],[32.8490106,49.7851071],[32.8556951,49.7919695],[32.8499995,49.7972773],[32.8595506,49.7983173],[32.8506693,49.8028606],[32.8717248,49.8084022],[32.8798846,49.7845763],[32.8805979,49.7963249],[32.9100703,49.7903933],[32.9211664,49.7731286],[32.973974,49.7608422],[32.9681963,49.751712],[32.9748528,49.7481157],[33.0177446,49.754808],[33.0526439,49.7321323],[33.0447868,49.7275592],[33.0590855,49.7145681],[33.150883,49.6923149],[33.1389304,49.6800787],[33.1538475,49.6730423],[33.1409809,49.6601533],[33.1739145,49.6479405],[33.1884842,49.6456897],[33.1887417,49.6629848],[33.2603557,49.660244],[33.263132,49.6484029],[33.2836856,49.6389578],[33.3811733,49.6572929],[33.4467561,49.6361839],[33.4412189,49.6212776],[33.4906809,49.6131634],[33.514263,49.6483735],[33.5010028,49.6557585],[33.5003003,49.6925696],[33.5468337,49.7373448],[33.5403694,49.7681488],[33.5811736,49.7838366],[33.5798879,49.8200947],[33.5639524,49.8199911],[33.5663099,49.8329751],[33.4968621,49.8549405],[33.4385535,49.8510527],[33.4342785,49.8642213],[33.3974821,49.8869493],[33.3664059,49.8913221],[33.3647337,49.9009639],[33.378006,49.9074995],[33.3680807,49.9180968],[33.3795431,49.9243663],[33.3725236,49.9295844],[33.3831921,49.9432908],[33.3038521,49.9881675],[33.2809265,49.9922009],[33.2954556,49.9921888],[33.2948584,50.0109644],[33.3679622,50.0243904],[33.374329,50.0369615]]]]}},{"type":"Feature","properties":{"oblast":"poltavska","name":"Миргородський район","match":"миргородський"},"geometry":{"type":"MultiPolygon","coordinates":[[[[33.374329,50.0369615],[33.3843022,50.06767],[33.4045443,50.0876537],[33.3890307,50.0885175],[33.377396,50.1114152],[33.3874381,50.1130206],[33.3941408,50.1446111],[33.3695851,50.1403731],[33.3791324,50.1484403],[33.3406433,50.170994],[33.3504801,50.1993897],[33.3376474,50.2057311],[33.286085,50.1849228],[33.2580183,50.1495165],[33.2205962,50.1502314],[33.212099,50.1714561],[33.1950187,50.1703566],[33.1515179,50.1898723],[33.1602254,50.205948],[33.1508803,50.2091022],[33.1510078,50.2339473],[33.1442464,50.2453164],[33.1241143,50.2486085],[33.1362905,50.2647842],[33.1314443,50.2871553],[33.1081968,50.2844667],[33.0908978,50.3248249],[33.0422709,50.3390621],[33.0500506,50.3594851],[33.062468,50.3656337],[33.051566,50.3855892],[33.0006457,50.3826868],[33.0168366,50.4085525],[32.9998549,50.4139649],[33.0019327,50.4243465],[32.9618827,50.4182994],[32.9327239,50.4367188],[32.9656959,50.4448203],[32.9682729,50.4588972],[32.9786666,50.4627671],[32.9727357,50.4759815],[33.016009,50.4708326],[33.0131321,50.4805316],[33.0272398,50.492988],[33.0231615,50.5023365],[33.0423563,50.5020338],[33.0648556,50.5197576],[33.1016194,50.517415],[33.1187121,50.5052209],[33.1726309,50.5226357],[33.1934317,50.5078522],[33.2212305,50.5034541],[33.2379713,50.5099858],[33.2426011,50.5389424],[33.2763648,50.5535118],[33.3176637,50.5329973],[33.3188259,50.520491],[33.3738905,50.5211932],[33.3749714,50.4974952],[33.4135115,50.4990017],[33.4192414,50.4827508],[33.4337945,50.4755113],[33.4337461,50.4844598],[33.4641561,50.4925666],[33.4857245,50.4798836],[33.5057205,50.4927159],[33.531636,50.4802578],[33.5386742,50.4895189],[33.5723017,50.4947326],[33.733883,50.4584968],[33.7865459,50.4608181],[33.7875065,50.4776973],[33.8299658,50.4823705],[33.8253644,50.4882368],[33.8505945,50.4992228],[33.8119995,50.5155922],[33.8925641,50.5335621],[33.9142684,50.5141592],[33.9550455,50.5475607],[34.0088608,50.5211267],[34.028129,50.49864],[34.0490552,50.5093613],[34.0580356,50.5042372],[34.0537288,50.5127941],[34.0655849,50.516136],[34.1029193,50.504397],[34.0821376,50.4883763],[34.0978529,50.4810374],[34.1102421,50.482125],[34.1200929,50.5100262],[34.1587754,50.52242],[34.2045932,50.5242155],[34.219562,50.5334484],[34.2460016,50.5239506],[34.2550317,50.4901625],[34.2520272,50.4408763],[34.2878208,50.4127029],[34.3909906,50.3670125],[34.3362093,50.3445172],[34.2732065,50.3522878],[34.2633215,50.3355795],[34.2386934,50.3443403],[34.2269456,50.3364792],[34.2373538,50.3295021],[34.2253351,50.324539],[34.2326029,50.3124735],[34.2073636,50.3074101],[34.1954085,50.2838893],[34.1752178,50.2717774],[34.1837498,50.2700006],[34.1746735,50.2507026],[34.1435817,50.2153607],[34.1322321,50.1727974],[34.1403815,50.1562195],[34.0875837,50.147362],[34.0807962,50.1226423],[34.0364605,50.1090059],[34.0466811,50.0926383],[34.0301896,50.0823103],[34.0522846,50.0799663],[34.0593658,50.090521],[34.07173,50.0823497],[34.0617352,50.0764265],[34.0897895,50.0626871],[34.1202831,50.0582954],[34.137436,50.0661041],[34.1566953,50.0479379],[34.1650921,50.0545597],[34.2126278,50.0399832],[34.2109513,50.0204097],[34.2286832,50.0144116],[34.238494,49.9982523],[34.2431507,49.962339],[34.2872244,49.9649188],[34.2901372,49.9470272],[34.2566633,49.9424547],[34.2921438,49.9035137],[34.2345856,49.8926475],[34.2538045,49.8687009],[34.2333089,49.8587203],[34.2263396,49.8021194],[34.1806726,49.7968528],[34.1809569,49.7887974],[34.1408264,49.7935476],[34.1415768,49.7766469],[34.1240497,49.7658115],[34.0459439,49.7551781],[34.0475742,49.7416437],[34.0636422,49.74742],[34.0576656,49.7412473],[34.0690382,49.7305115],[34.0549004,49.7139034],[34.0382677,49.7145505],[34.0328276,49.6996212],[33.9391695,49.710499],[33.941182,49.702704],[33.9082459,49.6910731],[33.912079,49.68355],[33.9393057,49.6886389],[33.9537548,49.66945],[33.9495115,49.6596848],[33.8691077,49.6459748],[33.8685896,49.6156898],[33.8097142,49.6033093],[33.7924216,49.5823792],[33.7640975,49.5803828],[33.767166,49.592687],[33.756523,49.5861214],[33.7454509,49.5934659],[33.6838888,49.5891678],[33.679254,49.5717908],[33.6675166,49.5731127],[33.6970638,49.5331748],[33.7012803,49.5110759],[33.6394846,49.5238594],[33.6173423,49.5763922],[33.4889199,49.6081423],[33.514263,49.6483735],[33.5010028,49.6557585],[33.5003003,49.6925696],[33.5468337,49.7373448],[33.5403694,49.7681488],[33.5811736,49.7838366],[33.5798879,49.8200947],[33.5639524,49.8199911],[33.5663099,49.8329751],[33.4968621,49.8549405],[33.4385535,49.8510527],[33.4342785,49.8642213],[33.3974821,49.8869493],[33.3664059,49.8913221],[33.3647337,49.9009639],[33.378006,49.9074995],[33.3680807,49.9180968],[33.3795431,49.9243663],[33.3725236,49.9295844],[33.3831921,49.9432908],[33.3038521,49.9881675],[33.2809265,49.9922009],[33.2954556,49.9921888],[33.2948584,50.0109644],[33.3679622,50.0243904],[33.374329,50.0369615]]],[[[33.2008713,49.8824388],[33.2185602,49.9053963],[33.2049044,49.9133954],[33.208391,49.9229833],[33.2536442,49.9459396],[33.2606901,49.9602408],[33.2795272,49.9633769],[33.2880018,49.954002],[33.3139676,49.9688321],[33.3254191,49.9538866],[33.2968131,49.9452536],[33.2932099,49.9315221],[33.2649224,49.9356873],[33.2406023,49.9182572],[33.2617181,49.9021375],[33.2358048,49.86128],[33.2122102,49.8627652],[33.2008713,49.8824388]]]]}},{"type":"Feature","properties":{"oblast":"rivnenska","name":"Дубенський район","match":"дубенський"},"geometry":{"type":"MultiPolygon","coordinates":[[[[25.1127372,50.2872511],[25.1004192,50.3003734],[25.1089933,50.312181],[25.131944,50.3105383],[25.1295915,50.3184583],[25.166108,50.3309877],[25.1459067,50.3441955],[25.151943,50.3519746],[25.1411137,50.3694749],[25.1689863,50.379721],[25.1791587,50.3623439],[25.1987354,50.3631414],[25.2099672,50.3810878],[25.1972549,50.3935235],[25.1697754,50.3957592],[25.1586131,50.4288897],[25.1395248,50.4279387],[25.1375492,50.437473],[25.1535927,50.443208],[25.1382735,50.4609339],[25.0841286,50.4753845],[25.1514629,50.4664204],[25.1601992,50.5052718],[25.1226716,50.5282483],[25.1222643,50.5537674],[25.1916241,50.5512586],[25.1918945,50.5426738],[25.2563203,50.5326203],[25.2961779,50.539418],[25.3109255,50.5463112],[25.3214908,50.5686287],[25.3187925,50.5835466],[25.3003603,50.57966],[25.3049254,50.5979915],[25.2924693,50.6107964],[25.2919757,50.6306207],[25.3121942,50.6287551],[25.327515,50.612044],[25.3911365,50.6054782],[25.4061409,50.6116682],[25.3631138,50.6433738],[25.3516629,50.6415001],[25.3529912,50.6491679],[25.3873685,50.657972],[25.3873796,50.6759001],[25.3719758,50.6853574],[25.3793258,50.6906481],[25.4045936,50.6689651],[25.459872,50.6621519],[25.4598579,50.6751806],[25.4697049,50.6800497],[25.4753584,50.6724218],[25.5789058,50.7001061],[25.6016841,50.6962943],[25.5973822,50.7166576],[25.6942632,50.7248322],[25.694638,50.703857],[25.7221432,50.6835286],[25.7075932,50.6791742],[25.7088346,50.6714007],[25.772751,50.6762183],[25.7927173,50.6665544],[25.829291,50.6197402],[25.8097959,50.6057198],[25.817244,50.5981988],[25.8507671,50.6094912],[25.9054973,50.5950761],[25.9187422,50.5650475],[25.9078565,50.5600613],[25.9419724,50.5356033],[25.9552334,50.5450578],[25.991802,50.5354399],[25.9733594,50.5196768],[25.9780854,50.5128129],[26.0232778,50.5049612],[26.0931741,50.5385001],[26.1042417,50.4985447],[26.0981494,50.4744949],[26.0800714,50.4806299],[26.0563953,50.4426842],[26.0771695,50.4315154],[26.0697849,50.4091016],[26.0588952,50.4098428],[26.0643879,50.3841402],[25.9206256,50.3910634],[25.9396216,50.3827824],[25.9271078,50.3681271],[25.9510367,50.3517397],[25.9719591,50.3520327],[25.9951518,50.3108314],[26.0296858,50.2858606],[26.0611935,50.2690136],[26.1301091,50.2722355],[26.1125501,50.2424179],[26.0650004,50.2574805],[26.0201454,50.229621],[25.9704164,50.2456715],[25.9630403,50.2563204],[25.9237164,50.2545077],[25.8773511,50.2190198],[25.8573708,50.1914727],[25.8217195,50.1805855],[25.7288149,50.1868062],[25.7241923,50.1729459],[25.6842354,50.1768741],[25.625489,50.1521931],[25.5757186,50.1764592],[25.5542019,50.150374],[25.4760526,50.1661423],[25.4492417,50.1504222],[25.4484366,50.1244059],[25.4838234,50.1141492],[25.4890336,50.101817],[25.4540428,50.0942981],[25.4572132,50.0820261],[25.4386309,50.0719598],[25.4313862,50.052985],[25.3635652,50.0459184],[25.3590162,50.0167692],[25.3492329,50.0177999],[25.3465995,50.0040426],[25.3194937,50.0156797],[25.1972475,50.1310292],[25.2081748,50.1617186],[25.2010294,50.1666606],[25.2150723,50.1795829],[25.165417,50.2091738],[25.1694618,50.2230066],[25.1845869,50.2259495],[25.1901276,50.2488166],[25.2067691,50.2473001],[25.2049392,50.2793035],[25.166842,50.2901049],[25.1127372,50.2872511]]]]}},{"type":"Feature","properties":{"oblast":"rivnenska","name":"Вараський район","match":"вараський"},"geometry":{"type":"MultiPolygon","coordinates":[[[[25.8768869,51.3142016],[25.8885422,51.2952791],[25.8987156,51.3004655],[25.8930597,51.2913064],[25.9383126,51.2776644],[25.9310374,51.2638219],[25.947064,51.250648],[25.9462646,51.2324529],[25.9958532,51.2277033],[26.0589635,51.1844753],[26.071435,51.198786],[26.1056172,51.2024869],[26.1555909,51.2325304],[26.2576854,51.2351372],[26.2691537,51.2543962],[26.2487627,51.2677127],[26.2098776,51.2696164],[26.2136043,51.2838176],[26.1827226,51.2986346],[26.2041737,51.3115385],[26.210434,51.3335335],[26.2287684,51.3233855],[26.2408441,51.3331625],[26.2353849,51.3186698],[26.2183332,51.3131578],[26.2419727,51.3064942],[26.2302574,51.297318],[26.3128705,51.3130746],[26.3273634,51.3047706],[26.3258361,51.3148356],[26.3641312,51.3228602],[26.3391953,51.3302668],[26.3334069,51.3525722],[26.3587645,51.3542404],[26.3824302,51.3780085],[26.4395032,51.392728],[26.450808,51.4041279],[26.4427969,51.4101811],[26.4483527,51.418089],[26.4271049,51.4287795],[26.3777453,51.4200373],[26.3565418,51.4503514],[26.3593635,51.4643066],[26.3008752,51.4561872],[26.2854928,51.4711857],[26.3185041,51.4794469],[26.3205492,51.4920864],[26.2269562,51.548335],[26.2968077,51.5558626],[26.3130002,51.5806265],[26.2897266,51.5848949],[26.2755525,51.6078874],[26.2985095,51.6406835],[26.2204117,51.6748971],[26.2075972,51.6677541],[26.1979829,51.6867518],[26.1772309,51.6808837],[26.1694049,51.6973523],[26.1944072,51.6981892],[26.2409522,51.7332989],[26.3085087,51.7109697],[26.3504147,51.7092989],[26.3395844,51.7334329],[26.3218268,51.7371068],[26.3270907,51.7495467],[26.349695,51.7570414],[26.3465855,51.7669657],[26.4004763,51.7636562],[26.4195098,51.7708102],[26.4396494,51.7615618],[26.4670813,51.7881493],[26.4701624,51.8128811],[26.4388469,51.8185819],[26.4273648,51.8330671],[26.395712,51.8311526],[26.3947831,51.87683],[26.3719995,51.8622077],[26.3038505,51.8597632],[26.2730435,51.8709256],[26.1551051,51.864223],[26.1551008,51.8802335],[26.1416268,51.8743239],[26.0943917,51.9120258],[26.0478137,51.9136155],[26.0432215,51.9254676],[25.9990596,51.9330363],[25.9240427,51.9154915],[25.8254818,51.924642],[25.818598,51.9286823],[25.8238692,51.9430527],[25.7654631,51.950066],[25.77221,51.9216115],[25.7093274,51.9161683],[25.592838,51.9245265],[25.5945376,51.9150575],[25.6282182,51.903493],[25.7086476,51.8946784],[25.6401309,51.8492329],[25.6501557,51.8188508],[25.6316477,51.8041015],[25.659371,51.7836328],[25.6497102,51.7667481],[25.6695262,51.7732034],[25.6829221,51.755873],[25.661515,51.730643],[25.6656909,51.7199439],[25.6482363,51.7081647],[25.6493023,51.6940186],[25.636337,51.6886923],[25.6410946,51.6817479],[25.6086804,51.6411068],[25.5887317,51.6444752],[25.5776216,51.6246537],[25.567771,51.6327155],[25.5299224,51.6311051],[25.5319313,51.6139757],[25.555341,51.624373],[25.5640409,51.602937],[25.5789902,51.6088882],[25.5986634,51.5809722],[25.5959825,51.5623223],[25.5742248,51.5550814],[25.5652253,51.5398009],[25.5953005,51.5246586],[25.5499835,51.5194145],[25.5554116,51.5007249],[25.6102304,51.5070831],[25.6021037,51.4931907],[25.623788,51.4952847],[25.6180505,51.477255],[25.6414964,51.4788272],[25.6361716,51.4391822],[25.6465004,51.4168456],[25.6716191,51.416727],[25.6874205,51.4054452],[25.7038411,51.3839753],[25.6914101,51.3834015],[25.694955,51.3756698],[25.7247512,51.3805838],[25.7172241,51.3890121],[25.724892,51.4000976],[25.7596731,51.4003535],[25.7552737,51.3811237],[25.7812192,51.374238],[25.8072304,51.3746139],[25.8310733,51.3870922],[25.8442707,51.3756593],[25.8242955,51.3659906],[25.8354935,51.3623281],[25.8211922,51.3454774],[25.8474231,51.3201327],[25.8768869,51.3142016]]]]}},{"type":"Feature","properties":{"oblast":"rivnenska","name":"Рівненський район","match":"рівненський"},"geometry":{"type":"MultiPolygon","coordinates":[[[[26.2973171,50.1931353],[26.2737474,50.1788563],[26.2252166,50.1740828],[26.1790232,50.1973469],[26.1917689,50.2185543],[26.1853932,50.2169208],[26.1854855,50.2291424],[26.211846,50.2301964],[26.2098826,50.2484844],[26.2177777,50.2482203],[26.2211586,50.2668303],[26.1912748,50.2627842],[26.1657402,50.2308596],[26.1125501,50.2424179],[26.1301091,50.2722355],[26.0611935,50.2690136],[25.9951518,50.3108314],[25.9719591,50.3520327],[25.9510367,50.3517397],[25.9271078,50.3681271],[25.9396216,50.3827824],[25.9206256,50.3910634],[25.931048,50.3930702],[26.0280269,50.3801407],[26.0643879,50.3841402],[26.0588952,50.4098428],[26.0697849,50.4091016],[26.0771695,50.4315154],[26.0563953,50.4426842],[26.0800714,50.4806299],[26.0981494,50.4744949],[26.1042417,50.4985447],[26.0931741,50.5385001],[26.0232778,50.5049612],[25.9780854,50.5128129],[25.9733594,50.5196768],[25.991802,50.5354399],[25.9552334,50.5450578],[25.9419724,50.5356033],[25.9078565,50.5600613],[25.9187422,50.5650475],[25.9054973,50.5950761],[25.8507671,50.6094912],[25.8176002,50.5981863],[25.8097959,50.6057198],[25.8444516,50.6309608],[25.8234903,50.6466156],[25.8693239,50.6873434],[25.8785688,50.7085643],[25.8717866,50.7384433],[25.8869632,50.7644321],[25.9024577,50.8317641],[26.0219631,50.8209095],[26.0295574,50.8403207],[26.0395822,50.8417669],[26.0123404,50.866326],[25.9916053,50.8658091],[26.0007128,50.9352246],[25.9668209,50.9569366],[26.0847548,50.973315],[26.0788451,50.9899404],[26.0856252,51.0027433],[26.1072604,51.0052074],[26.0876336,51.0524654],[26.0169394,51.0833802],[25.9821132,51.0775754],[25.9409768,51.0844987],[25.9499944,51.1030473],[25.9382267,51.1125271],[25.9419083,51.1190775],[26.0057146,51.1248596],[26.0587707,51.1425783],[26.0708393,51.1555644],[26.058806,51.1845874],[26.071435,51.198786],[26.1087051,51.2059215],[26.1154772,51.1939834],[26.0815505,51.1813604],[26.0815106,51.1692526],[26.1586504,51.1723612],[26.1656943,51.1502408],[26.1965881,51.1594349],[26.2187625,51.1110587],[26.2623009,51.1181356],[26.2839597,51.1008692],[26.300395,51.1119102],[26.3157714,51.0940834],[26.3458878,51.092879],[26.3633384,51.078456],[26.348151,51.0695089],[26.352253,51.053273],[26.4359476,51.051009],[26.4713142,51.0271838],[26.4837725,51.0335867],[26.4784767,51.0667006],[26.5070381,51.0586455],[26.5074254,51.0383816],[26.5197354,51.0508503],[26.4887786,51.0812694],[26.4707682,51.0786874],[26.4492166,51.0944534],[26.4956154,51.082815],[26.5336693,51.0881176],[26.4753211,51.1300401],[26.5601507,51.1763935],[26.6299532,51.1839467],[26.6333716,51.1631755],[26.6643642,51.1457689],[26.6626646,51.1256714],[26.6736703,51.1103385],[26.6562467,51.1046084],[26.6874845,51.0949472],[26.7172203,51.1045421],[26.743562,51.1290222],[26.7462144,51.120404],[26.7491111,51.1279047],[26.7739327,51.1269261],[26.7903676,51.1483702],[26.8069499,51.1349717],[26.9726559,51.1335314],[27.0671785,51.0883563],[27.0889707,51.0599668],[27.1335976,51.055977],[27.1414124,51.0497065],[27.136743,51.0279136],[27.1750109,50.9963602],[27.2034129,50.9910347],[27.2192717,50.9731921],[27.2230784,50.9521715],[27.2387239,50.9368504],[27.2203981,50.9308476],[27.2167638,50.9199379],[27.2568459,50.8959659],[27.2437349,50.8697725],[27.2490734,50.85764],[27.2320444,50.8391985],[27.2417403,50.8256221],[27.2337043,50.7954566],[27.2436352,50.7928439],[27.2424293,50.7700573],[27.2715396,50.7612883],[27.2625732,50.7456074],[27.2753727,50.7210508],[27.2446065,50.6730678],[27.2037309,50.6661175],[27.2135934,50.6573731],[27.2075021,50.643637],[27.2138026,50.6397043],[27.1864334,50.6254917],[27.2245663,50.6053579],[27.215192,50.5883184],[27.2304028,50.5666886],[27.1307029,50.5608491],[27.1221769,50.5760757],[27.1306848,50.5879215],[27.1179282,50.5947282],[27.1036919,50.5838134],[27.0794747,50.58366],[27.0648183,50.5620733],[27.072822,50.5509714],[27.0175283,50.5589883],[27.0075388,50.5396036],[26.9828002,50.5227292],[26.8996693,50.5463377],[26.8565512,50.5090003],[26.8272447,50.5230512],[26.8175262,50.50251],[26.7783904,50.5021014],[26.7817777,50.4956642],[26.7650469,50.4890675],[26.7616191,50.4704098],[26.7891824,50.4752346],[26.7866021,50.4677334],[26.7427987,50.4615236],[26.7451779,50.4795862],[26.7344109,50.4772636],[26.7284408,50.4572769],[26.7368066,50.4448198],[26.7173713,50.4457062],[26.7125941,50.4169476],[26.6923772,50.4199648],[26.682427,50.3891126],[26.6593108,50.3921171],[26.6481266,50.3647819],[26.601775,50.3681657],[26.5867233,50.3395937],[26.5527348,50.3302332],[26.5605662,50.3170092],[26.5265611,50.3107905],[26.5268993,50.3003363],[26.4958916,50.2756877],[26.5023453,50.2620824],[26.3961634,50.2652112],[26.3239852,50.2311418],[26.2973171,50.1931353]]]]}},{"type":"Feature","properties":{"oblast":"rivnenska","name":"Сарненський район","match":"сарненський"},"geometry":{"type":"MultiPolygon","coordinates":[[[[26.3634542,51.4375272],[26.3593635,51.4643066],[26.3008752,51.4561872],[26.2854928,51.4711857],[26.3185041,51.4794469],[26.3205492,51.4920864],[26.2269562,51.548335],[26.2968077,51.5558626],[26.3130002,51.5806265],[26.2897266,51.5848949],[26.2755525,51.6078874],[26.2985095,51.6406835],[26.2204117,51.6748971],[26.2075972,51.6677541],[26.1979829,51.6867518],[26.1772309,51.6808837],[26.1694049,51.6973523],[26.1944072,51.6981892],[26.2409522,51.7332989],[26.3085087,51.7109697],[26.3504147,51.7092989],[26.3395844,51.7334329],[26.3218268,51.7371068],[26.3270907,51.7495467],[26.349695,51.7570414],[26.3465855,51.7669657],[26.4004763,51.7636562],[26.4195098,51.7708102],[26.4396494,51.7615618],[26.4719565,51.8003637],[26.5466977,51.7960247],[26.5559721,51.8040639],[26.5521963,51.8121436],[26.5901708,51.8205166],[26.5926238,51.8303343],[26.6936048,51.8233042],[26.7084639,51.8113413],[26.7291645,51.8157294],[26.7573181,51.8018503],[26.7528997,51.7727392],[26.787218,51.7666008],[26.7909621,51.7570919],[26.8461863,51.7661813],[26.8768078,51.7475495],[26.9097082,51.750042],[26.9482487,51.7360754],[26.9944366,51.7688237],[27.2023541,51.7732655],[27.2081942,51.6679319],[27.2502617,51.6672921],[27.2730063,51.6544212],[27.2447406,51.6211611],[27.2492292,51.6117134],[27.2403601,51.6018071],[27.3441101,51.6062588],[27.3592472,51.6159696],[27.4273114,51.6058721],[27.4269524,51.6138982],[27.454721,51.6199543],[27.4684764,51.6066562],[27.4827232,51.6148657],[27.4815702,51.593922],[27.50315,51.5866609],[27.5265463,51.6072444],[27.5125356,51.6067838],[27.5073509,51.6298423],[27.5172062,51.6376456],[27.5426767,51.6226602],[27.550168,51.63727],[27.6188516,51.6054089],[27.6530982,51.6175741],[27.7275982,51.6046141],[27.7346382,51.5937141],[27.7232387,51.5628511],[27.6764085,51.5395063],[27.6782262,51.5196051],[27.6630928,51.5172614],[27.6687992,51.4969216],[27.6484761,51.5018524],[27.6240599,51.4831234],[27.5788379,51.4785298],[27.5826949,51.4298321],[27.5990295,51.4301732],[27.6137924,51.4031012],[27.5843579,51.4017358],[27.5375721,51.4284073],[27.5266609,51.4431047],[27.5345305,51.4529807],[27.5036287,51.4519778],[27.4921086,51.4080421],[27.494563,51.3746501],[27.5259528,51.3663968],[27.5275302,51.3533054],[27.4897397,51.3154648],[27.4407671,51.3105868],[27.4613115,51.2642209],[27.4470985,51.2547709],[27.4692535,51.2477199],[27.4738669,51.2372421],[27.4006855,51.2007864],[27.406105,51.1878292],[27.3981321,51.1702169],[27.3739561,51.1547835],[27.3802927,51.1477346],[27.3639876,51.1429508],[27.3667288,51.097669],[27.3236257,51.0804325],[27.3174405,51.0525097],[27.3258447,51.0422538],[27.2200012,51.0301236],[27.2286768,51.021896],[27.2262937,51.0079477],[27.1998969,51.0001324],[27.2032622,50.9910624],[27.1750109,50.9963602],[27.136743,51.0279136],[27.1414124,51.0497065],[27.1335976,51.055977],[27.0889707,51.0599668],[27.0671785,51.0883563],[26.9726559,51.1335314],[26.8069499,51.1349717],[26.7903676,51.1483702],[26.7739327,51.1269261],[26.7491111,51.1279047],[26.7462144,51.120404],[26.743562,51.1290222],[26.7172203,51.1045421],[26.6874845,51.0949472],[26.6562467,51.1046084],[26.6736703,51.1103385],[26.6626646,51.1256714],[26.6643642,51.1457689],[26.6333716,51.1631755],[26.6355506,51.1818343],[26.5601507,51.1763935],[26.4748845,51.1291069],[26.5336693,51.0881176],[26.4956154,51.082815],[26.4492166,51.0944534],[26.4707682,51.0786874],[26.4887786,51.0812694],[26.5197354,51.0508503],[26.5074254,51.0383816],[26.5070381,51.0586455],[26.4784767,51.0667006],[26.4837725,51.0335867],[26.4689025,51.0270987],[26.4359476,51.051009],[26.352253,51.053273],[26.348151,51.0695089],[26.3633384,51.078456],[26.3458878,51.092879],[26.3157714,51.0940834],[26.300395,51.1119102],[26.2839597,51.1008692],[26.2623009,51.1181356],[26.2187625,51.1110587],[26.1965881,51.1594349],[26.1656943,51.1502408],[26.1586504,51.1723612],[26.0815106,51.1692526],[26.0815505,51.1813604],[26.1154772,51.1939834],[26.1087051,51.2059215],[26.1555909,51.2325304],[26.2576854,51.2351372],[26.2691537,51.2543962],[26.2487627,51.2677127],[26.2098776,51.2696164],[26.2136043,51.2838176],[26.1827226,51.2986346],[26.2041737,51.3115385],[26.210434,51.3335335],[26.2287684,51.3233855],[26.2408441,51.3331625],[26.2353849,51.3186698],[26.2183332,51.3131578],[26.2419727,51.3064942],[26.2302574,51.297318],[26.3128705,51.3130746],[26.3273634,51.3047706],[26.3258361,51.3148356],[26.3641312,51.3228602],[26.3391953,51.3302668],[26.3335416,51.3527164],[26.3587645,51.3542404],[26.3726788,51.3730303],[26.4277597,51.3865189],[26.450808,51.4041279],[26.4450805,51.4223048],[26.4271049,51.4287795],[26.3777453,51.4200373],[26.3634542,51.4375272]]]]}},{"type":"Feature","properties":{"oblast":"sumska","name":"Сумський район","match":"сумський"},"geometry":{"type":"MultiPolygon","coordinates":[[[[35.0920574,50.7163259],[35.011072,50.741793],[34.9812848,50.7393902],[34.9768455,50.7536018],[34.973847,50.742349],[34.9515454,50.7330333],[34.9344352,50.7469833],[34.9146705,50.7489388],[34.9284989,50.7412278],[34.923023,50.7283613],[34.946083,50.7183218],[34.9377846,50.7150572],[34.9387343,50.6974263],[34.8851538,50.6710543],[34.8624097,50.6250029],[34.7904428,50.6003482],[34.7979193,50.5943496],[34.7806492,50.585203],[34.7740749,50.5651649],[34.7281968,50.5694453],[34.7321029,50.5392999],[34.7122207,50.5185719],[34.6468973,50.5011661],[34.6295059,50.4906788],[34.6363871,50.4866379],[34.584947,50.4701311],[34.5774382,50.4492436],[34.5130479,50.4499785],[34.4813625,50.4008099],[34.4936185,50.3949413],[34.485957,50.3884147],[34.4728776,50.3945581],[34.3953256,50.3679387],[34.3743012,50.3717548],[34.2878208,50.4127029],[34.2520272,50.4408763],[34.2550317,50.4901625],[34.2372522,50.5537388],[34.2264441,50.5533461],[34.2273363,50.6005409],[34.1822326,50.6362987],[34.1833806,50.6463447],[34.0809772,50.7075543],[34.1190174,50.7281416],[34.1417395,50.7187895],[34.16389,50.7341631],[34.1464906,50.7441523],[34.1781764,50.7665219],[34.1612868,50.775942],[34.1619812,50.7965273],[34.1414715,50.8007723],[34.1423915,50.8096515],[34.1603912,50.8089846],[34.1696666,50.8309944],[34.1851737,50.841037],[34.1869962,50.8585964],[34.1703451,50.8814511],[34.1299212,50.8711448],[34.0984299,50.9239224],[34.1117558,50.9285148],[34.0938682,50.9377096],[34.07163,50.9344046],[34.0713125,50.9440538],[34.0468347,50.9491235],[34.0852761,50.9969816],[34.0686947,51.0116723],[34.0471539,51.014779],[34.0207236,51.0436531],[34.0232885,51.0504165],[34.0131884,51.0536971],[34.0161505,51.0777188],[34.0690957,51.0907157],[34.0885144,51.1290595],[34.1080389,51.1442872],[34.1321338,51.1444629],[34.1187668,51.1545806],[34.119341,51.1786904],[34.1475511,51.1971691],[34.1388983,51.2146617],[34.1451546,51.2345308],[34.1577328,51.2349067],[34.1502833,51.2394824],[34.1833424,51.2513297],[34.2006837,51.2462631],[34.2254803,51.2645736],[34.3057027,51.2383001],[34.3313393,51.2399827],[34.3842389,51.2738226],[34.4843098,51.2449121],[34.5132391,51.2422313],[34.5235303,51.2526087],[34.541308,51.2528404],[34.5796994,51.234196],[34.6029815,51.2536685],[34.6626432,51.2474418],[34.6687639,51.1977678],[34.7165421,51.1714211],[34.7312969,51.1825073],[34.7716212,51.1749273],[34.7845964,51.1849494],[34.8348031,51.1693405],[34.833315,51.183249],[34.8623139,51.1991556],[34.8982872,51.1930169],[34.9067938,51.2049021],[34.9330822,51.2067137],[34.9523056,51.227931],[34.9799591,51.2355426],[35.0380416,51.2178112],[35.0387556,51.2044206],[35.0625175,51.2160173],[35.0717792,51.2345064],[35.1502664,51.2234198],[35.1302701,51.1943927],[35.1349747,51.1704894],[35.1229727,51.1650862],[35.1395291,51.1538285],[35.1415622,51.1338882],[35.1746482,51.1215882],[35.1630574,51.1086669],[35.1769191,51.0987167],[35.173502,51.0872388],[35.1557136,51.090823],[35.1476163,51.0826362],[35.1635837,51.0832626],[35.1901586,51.0539591],[35.2098592,51.0467308],[35.2482719,51.0651539],[35.2759302,51.0585901],[35.3043821,51.0787376],[35.3279063,51.0772795],[35.3509033,51.0620855],[35.3751102,51.0670716],[35.4061621,51.0482286],[35.4111886,51.0391373],[35.3999529,51.0315999],[35.4093137,51.026721],[35.3746663,51.008638],[35.3228178,51.01367],[35.3523878,50.974248],[35.3257629,50.9468253],[35.3331532,50.9346684],[35.3724278,50.9323918],[35.3662482,50.9257322],[35.3926358,50.9242089],[35.4000735,50.9141463],[35.4037294,50.9027981],[35.3798926,50.8957115],[35.4018773,50.8794762],[35.3823763,50.8700793],[35.4057813,50.8630389],[35.4191177,50.843828],[35.4114062,50.802563],[35.4496669,50.7829555],[35.4887132,50.7768038],[35.4698002,50.7466019],[35.4742788,50.7400835],[35.4638767,50.734965],[35.4731539,50.725539],[35.4594576,50.68925],[35.4961851,50.6788724],[35.4858424,50.6559295],[35.4627568,50.6663096],[35.392902,50.6500043],[35.4256755,50.6031905],[35.3904639,50.5800052],[35.4278732,50.5621439],[35.4386353,50.5431276],[35.4057608,50.5533859],[35.3915085,50.5379415],[35.3327831,50.5448274],[35.3169357,50.5374932],[35.3161039,50.5275612],[35.2944882,50.5497299],[35.2948935,50.5274231],[35.2631386,50.5183122],[35.2740512,50.5267613],[35.2691234,50.536321],[35.2606118,50.5310272],[35.246831,50.5413134],[35.2730509,50.5420583],[35.2698955,50.5529285],[35.2791718,50.5631581],[35.2663019,50.5744208],[35.27339,50.5795865],[35.2438712,50.586746],[35.2325519,50.5727455],[35.1851442,50.5710317],[35.1514866,50.5913726],[35.1888463,50.5907523],[35.1681836,50.5963088],[35.1660171,50.6068927],[35.1791063,50.6139911],[35.1701864,50.6192962],[35.1748135,50.6350307],[35.2007816,50.6476609],[35.180571,50.6637811],[35.1948548,50.6659434],[35.1800948,50.6661976],[35.1826652,50.6749553],[35.1538521,50.687238],[35.1153996,50.668376],[35.0781763,50.6809467],[35.0694537,50.6702519],[35.0429454,50.6889632],[35.031935,50.6778059],[35.0214234,50.680804],[35.0237135,50.6981719],[35.0376964,50.6957848],[35.0318426,50.7006656],[35.0575662,50.7076153],[35.0562358,50.7137841],[35.0418806,50.7083898],[35.0457001,50.7153466],[35.0830876,50.7083906],[35.0920574,50.7163259]]]]}},{"type":"Feature","properties":{"oblast":"sumska","name":"Охтирський район","match":"охтирський"},"geometry":{"type":"MultiPolygon","coordinates":[[[[35.2782505,50.5223528],[35.2967103,50.530092],[35.2944882,50.5497299],[35.3161039,50.5275612],[35.3169357,50.5374932],[35.3327831,50.5448274],[35.3915085,50.5379415],[35.4057608,50.5533859],[35.4338581,50.5459638],[35.4365388,50.5299467],[35.4769617,50.4885138],[35.5635528,50.4511239],[35.5692751,50.4649123],[35.5860914,50.4485373],[35.5836144,50.3951071],[35.6119229,50.3746325],[35.6015557,50.3673887],[35.6264889,50.3519808],[35.6926624,50.3456316],[35.6886612,50.3347382],[35.6603619,50.3268231],[35.6502278,50.3097534],[35.6233295,50.3211673],[35.6303036,50.3244359],[35.5939337,50.3312547],[35.5734275,50.319806],[35.5159175,50.3172416],[35.5353313,50.3020062],[35.5244478,50.2901141],[35.5042539,50.299842],[35.4963592,50.2926133],[35.4595938,50.3149295],[35.4390285,50.316894],[35.4234871,50.3350487],[35.4099159,50.320974],[35.3790932,50.3205345],[35.3822305,50.2944786],[35.3300292,50.3186529],[35.2965161,50.2895163],[35.3298884,50.2741183],[35.3000775,50.2625297],[35.2661274,50.2652909],[35.2603892,50.2344283],[35.2376129,50.2364508],[35.2347559,50.2280774],[35.1978805,50.2381829],[35.1926064,50.2282248],[35.1480809,50.2422051],[35.1054519,50.2144842],[35.0700952,50.2058684],[35.0728827,50.1944407],[35.0398747,50.1647254],[35.029597,50.1660928],[35.0325083,50.1802657],[34.9643004,50.184696],[34.9736237,50.1584901],[34.9403583,50.1521815],[34.8473047,50.1656465],[34.8329526,50.1558409],[34.798131,50.1595668],[34.7466506,50.1446532],[34.7398713,50.1449366],[34.74951,50.1577533],[34.7344959,50.1603383],[34.6998585,50.1496921],[34.6982666,50.111184],[34.6767952,50.1110745],[34.6768156,50.1338993],[34.6654777,50.1111304],[34.6571817,50.1108447],[34.5461646,50.1324772],[34.5375573,50.154322],[34.5266717,50.154264],[34.5344229,50.1714438],[34.5233856,50.1773543],[34.5602095,50.2062075],[34.5709169,50.2269955],[34.5434101,50.2472779],[34.5281743,50.2491404],[34.5345543,50.2442693],[34.5268915,50.2402935],[34.5143055,50.2483257],[34.5236117,50.2562051],[34.5117922,50.2743951],[34.519885,50.2807477],[34.4555508,50.2870016],[34.3996042,50.3184951],[34.4106621,50.3362071],[34.3767901,50.3587447],[34.4250849,50.3841403],[34.4728776,50.3945581],[34.485957,50.3884147],[34.4936185,50.3949413],[34.4813625,50.4008099],[34.5130479,50.4499785],[34.5774382,50.4492436],[34.584947,50.4701311],[34.6363871,50.4866379],[34.6295059,50.4906788],[34.6468973,50.5011661],[34.7122207,50.5185719],[34.7321029,50.5392999],[34.7281968,50.5694453],[34.7740749,50.5651649],[34.7806492,50.585203],[34.7979193,50.5943496],[34.7904428,50.6003482],[34.8624097,50.6250029],[34.8851538,50.6710543],[34.9387343,50.6974263],[34.9377846,50.7150572],[34.946083,50.7183218],[34.923023,50.7283613],[34.9284989,50.7412278],[34.9146705,50.7489388],[34.9344352,50.7469833],[34.9515454,50.7330333],[34.973847,50.742349],[34.9768455,50.7536018],[34.9812848,50.7393902],[35.011072,50.741793],[35.0920574,50.7163259],[35.0830876,50.7083906],[35.0457001,50.7153466],[35.0418806,50.7083898],[35.0562358,50.7137841],[35.0575662,50.7076153],[35.0203356,50.6956516],[35.0259644,50.6767419],[35.0429454,50.6889632],[35.0694537,50.6702519],[35.0781763,50.6809467],[35.1153996,50.668376],[35.1538521,50.687238],[35.1826652,50.6749553],[35.1800948,50.6661976],[35.1948548,50.6659434],[35.180571,50.6637811],[35.2007816,50.6476609],[35.1748135,50.6350307],[35.1701864,50.6192962],[35.1791063,50.6139911],[35.1660171,50.6068927],[35.1681836,50.5963088],[35.1888463,50.5907523],[35.1514866,50.5913726],[35.1851442,50.5710317],[35.2325519,50.5727455],[35.2438712,50.586746],[35.27339,50.5795865],[35.2663019,50.5744208],[35.2791718,50.5631581],[35.2698955,50.5529285],[35.2730509,50.5420583],[35.246831,50.5413134],[35.2606118,50.5310272],[35.2691234,50.536321],[35.2740512,50.5267613],[35.2631386,50.5183122],[35.2782505,50.5223528]]]]}},{"type":"Feature","properties":{"oblast":"sumska","name":"Роменський район","match":"роменський"},"geometry":{"type":"MultiPolygon","coordinates":[[[[33.8458674,50.9835292],[33.7330346,50.9838197],[33.6936039,50.9639544],[33.660278,50.9705597],[33.6760139,50.9927443],[33.645544,51.0041149],[33.639965,51.0324346],[33.6086368,51.020828],[33.583188,51.0230416],[33.5550302,51.0404562],[33.5070944,51.0324564],[33.5082991,50.9849041],[33.4748702,50.9928254],[33.4520521,50.986902],[33.4432531,50.9670652],[33.4154635,50.9683113],[33.4185198,50.963049],[33.2799764,50.9839312],[33.2080752,50.9726074],[33.1970994,50.9202295],[33.210932,50.9014404],[33.1985915,50.8909405],[33.1703424,50.8880235],[33.1835742,50.8677584],[33.1695442,50.8508669],[33.1851737,50.8486881],[33.155365,50.8283036],[33.1692106,50.7995041],[33.1563345,50.7922566],[33.1898927,50.746551],[33.2402392,50.7323541],[33.1360216,50.7105702],[33.1512099,50.6936423],[33.1467737,50.6548165],[33.1173518,50.6477802],[33.1215673,50.639281],[33.1030341,50.6024316],[33.1230497,50.5956879],[33.101002,50.5914584],[33.049,50.5408409],[33.0598362,50.5222167],[33.1016194,50.517415],[33.1187121,50.5052209],[33.1726309,50.5226357],[33.1934317,50.5078522],[33.2212305,50.5034541],[33.2379713,50.5099858],[33.2426011,50.5389424],[33.2763648,50.5535118],[33.3176637,50.5329973],[33.3188259,50.520491],[33.3738905,50.5211932],[33.3749714,50.4974952],[33.4135115,50.4990017],[33.4192414,50.4827508],[33.4337945,50.4755113],[33.4337461,50.4844598],[33.4641561,50.4925666],[33.4857245,50.4798836],[33.5057205,50.4927159],[33.531636,50.4802578],[33.5386742,50.4895189],[33.5723017,50.4947326],[33.733883,50.4584968],[33.7865459,50.4608181],[33.7875065,50.4776973],[33.8299658,50.4823705],[33.8253644,50.4882368],[33.8505945,50.4992228],[33.8119995,50.5155922],[33.8925641,50.5335621],[33.9142684,50.5141592],[33.9550455,50.5475607],[34.0088608,50.5211267],[34.028129,50.49864],[34.0490552,50.5093613],[34.0580356,50.5042372],[34.0537288,50.5127941],[34.0655849,50.516136],[34.1029193,50.504397],[34.0821376,50.4883763],[34.0978529,50.4810374],[34.1102421,50.482125],[34.1200929,50.5100262],[34.1587754,50.52242],[34.2045932,50.5242155],[34.219562,50.5334484],[34.2467909,50.5246351],[34.2372522,50.5537388],[34.2264441,50.5533461],[34.2273363,50.6005409],[34.1822326,50.6362987],[34.1833806,50.6463447],[34.0809772,50.7075543],[34.1190174,50.7281416],[34.1417395,50.7187895],[34.16389,50.7341631],[34.1464906,50.7441523],[34.1781764,50.7665219],[34.1612868,50.775942],[34.1619812,50.7965273],[34.1414715,50.8007723],[34.1423915,50.8096515],[34.1603912,50.8089846],[34.187546,50.8540742],[34.1703451,50.8814511],[34.1299212,50.8711448],[34.1032224,50.9123041],[34.0984299,50.9239224],[34.1117558,50.9285148],[34.103499,50.9348052],[34.07163,50.9344046],[34.0713125,50.9440538],[34.0468347,50.9491235],[34.0852761,50.9969816],[34.0686947,51.0116723],[34.0471539,51.014779],[34.0131884,51.0536971],[34.013031,51.0661711],[33.9672489,51.0708232],[33.9686835,51.0497553],[33.9604029,51.0492632],[33.969468,51.0359691],[33.9217591,51.003623],[33.9095491,51.0059914],[33.8929153,50.9900678],[33.9036683,50.9830307],[33.8524726,50.9938301],[33.8458674,50.9835292]]]]}},{"type":"Feature","properties":{"oblast":"sumska","name":"Конотопський район","match":"конотопський"},"geometry":{"type":"MultiPolygon","coordinates":[[[[33.0415417,50.9972273],[33.0793189,50.9808205],[33.0780923,50.9917859],[33.1179099,51.0067092],[33.1369976,50.9614883],[33.1824916,50.9587238],[33.2153555,50.975413],[33.2799764,50.9839312],[33.4185198,50.963049],[33.4154635,50.9683113],[33.4432531,50.9670652],[33.4520521,50.986902],[33.4739578,50.9926633],[33.5082991,50.9849041],[33.5070944,51.0324564],[33.5550302,51.0404562],[33.583188,51.0230416],[33.6086368,51.020828],[33.639965,51.0324346],[33.645544,51.0041149],[33.6760139,50.9927443],[33.660278,50.9705597],[33.6936039,50.9639544],[33.7330346,50.9838197],[33.8458674,50.9835292],[33.8524726,50.9938301],[33.9036683,50.9830307],[33.8929153,50.9900678],[33.9095491,51.0059914],[33.9217591,51.003623],[33.969468,51.0359691],[33.9604029,51.0492632],[33.9686835,51.0497553],[33.9672489,51.0708232],[34.0174487,51.0660748],[34.0170686,51.0795904],[34.0690957,51.0907157],[34.0786198,51.1197413],[34.1080389,51.1442872],[34.1296146,51.1416333],[34.1187668,51.1545806],[34.119341,51.1786904],[34.1475511,51.1971691],[34.1388983,51.2146617],[34.1451546,51.2345308],[34.1827839,51.251252],[34.2006837,51.2462631],[34.2089192,51.2592957],[34.2302251,51.262511],[34.2323148,51.2736455],[34.2517662,51.2751322],[34.2549227,51.28219],[34.2376399,51.2925275],[34.2666251,51.2987287],[34.2729603,51.3149],[34.2822844,51.3108132],[34.2871861,51.3391488],[34.3151253,51.3293345],[34.3154365,51.3419595],[34.337908,51.3550366],[34.3308538,51.3614984],[34.3372375,51.3649985],[34.3033129,51.3796812],[34.2852026,51.3746804],[34.2924719,51.3881073],[34.2718709,51.3831105],[34.246179,51.4023175],[34.227511,51.3998081],[34.22271,51.4284307],[34.2471323,51.4312181],[34.2547635,51.4398189],[34.2452216,51.4566644],[34.2666149,51.4750751],[34.2909888,51.4803186],[34.2872357,51.4896105],[34.2390067,51.5021323],[34.1987497,51.4899779],[34.1858643,51.5079311],[34.1919215,51.5166978],[34.1753063,51.5265998],[34.1315954,51.5003428],[34.0792916,51.5169176],[34.0522598,51.5500266],[34.0395164,51.5370389],[34.0497476,51.5207739],[34.0262943,51.5186409],[34.0233233,51.5281777],[34.0009904,51.5223493],[33.9923805,51.5322048],[33.9899824,51.5102667],[33.9739644,51.519659],[34.0012266,51.4863667],[33.9870961,51.4692446],[33.9545034,51.4622674],[33.953821,51.4812553],[33.9288594,51.4643252],[33.9083774,51.462564],[33.9056514,51.4478485],[33.8730738,51.4432359],[33.8676524,51.4520613],[33.8799999,51.4541401],[33.8727882,51.4633675],[33.8866133,51.4652055],[33.8774167,51.4763105],[33.894388,51.482111],[33.8966926,51.4968154],[33.8632706,51.4845425],[33.8597647,51.4935579],[33.8712839,51.4995073],[33.8492558,51.4964099],[33.8345266,51.5125539],[33.7835051,51.5126599],[33.772812,51.5282692],[33.7492201,51.5341746],[33.7582901,51.5422439],[33.7237225,51.5789558],[33.7428307,51.5845713],[33.7363802,51.6109271],[33.6627044,51.6348701],[33.6804838,51.640878],[33.6771577,51.648424],[33.6417096,51.6444012],[33.6048823,51.6707611],[33.579269,51.6617493],[33.5557937,51.6720062],[33.5472873,51.6843967],[33.5059814,51.7020178],[33.5142282,51.7112717],[33.4903577,51.7080293],[33.4875223,51.6997429],[33.4650986,51.7166467],[33.3989921,51.7174524],[33.3414993,51.6812882],[33.3041994,51.6751747],[33.2862524,51.6832732],[33.2805199,51.6812032],[33.2888642,51.6751223],[33.2540814,51.6631019],[33.2364258,51.6663556],[33.2258398,51.6537413],[33.1992745,51.6827381],[33.1848694,51.6820308],[33.1863484,51.6722693],[33.142025,51.678781],[33.1470825,51.669351],[33.1248437,51.6484796],[33.1543778,51.6419458],[33.1545638,51.607318],[33.1919963,51.5835373],[33.2220368,51.5801704],[33.2073499,51.5701864],[33.1585447,51.5693732],[33.1572309,51.5558874],[33.1858297,51.5371817],[33.1932041,51.5137088],[33.1600991,51.4949815],[33.1363104,51.4942028],[33.1359269,51.4668886],[33.124464,51.460589],[33.1129916,51.4283593],[33.1346645,51.4166821],[33.1186199,51.4040226],[33.1353731,51.3996059],[33.1329556,51.3822418],[33.0924016,51.3900097],[33.1103863,51.3804816],[33.1077792,51.3659937],[33.0621567,51.3705287],[33.0590391,51.3837291],[33.0386172,51.3909909],[33.0565465,51.4043013],[33.0457636,51.4104297],[33.0169524,51.3960496],[33.0404979,51.368368],[33.0419772,51.3432877],[33.0625323,51.3473024],[33.0809647,51.3391678],[33.0685999,51.3318478],[33.0768359,51.3127112],[33.0477608,51.3017248],[33.0622346,51.2968977],[33.0415193,51.2917597],[33.0762417,51.2900298],[33.0654268,51.2836676],[33.0738311,51.2834413],[33.0728776,51.2754614],[33.0582476,51.2665186],[33.0688213,51.2550329],[33.029696,51.2273253],[33.0418314,51.205688],[32.9770689,51.1882644],[32.9863371,51.183946],[32.9604635,51.1626837],[32.9928151,51.1434354],[32.9426042,51.0896908],[33.0408851,51.0818332],[33.037859,51.0717793],[33.0693178,51.0691977],[33.0601376,51.0492012],[33.0850758,51.0374699],[33.0589137,51.0225246],[33.0415417,50.9972273]]]]}},{"type":"Feature","properties":{"oblast":"sumska","name":"Шосткинський район","match":"шосткинський"},"geometry":{"type":"MultiPolygon","coordinates":[[[[33.4359842,51.7136253],[33.4650986,51.7166467],[33.4875223,51.6997429],[33.4903577,51.7080293],[33.5142282,51.7112717],[33.5059814,51.7020178],[33.5781307,51.6621497],[33.6048823,51.6707611],[33.6417096,51.6444012],[33.6771577,51.648424],[33.6804838,51.640878],[33.6627044,51.6348701],[33.7384253,51.609207],[33.7428307,51.5845713],[33.7221405,51.5828481],[33.7582901,51.5422439],[33.7492201,51.5341746],[33.772812,51.5282692],[33.7848868,51.5121198],[33.8345266,51.5125539],[33.8492558,51.4964099],[33.8712839,51.4995073],[33.8597647,51.4935579],[33.8632706,51.4845425],[33.8966926,51.4968154],[33.894388,51.482111],[33.8774167,51.4763105],[33.8864985,51.4703576],[33.8727882,51.4633675],[33.8799999,51.4541401],[33.8676524,51.4520613],[33.8817065,51.4425571],[33.9056514,51.4478485],[33.9083774,51.462564],[33.9288594,51.4643252],[33.953821,51.4812553],[33.9572804,51.4616717],[33.9963607,51.4750226],[33.9996964,51.4904227],[33.9739644,51.519659],[33.9899824,51.5102667],[33.9923805,51.5322048],[34.0009904,51.5223493],[34.0233233,51.5281777],[34.0262943,51.5186409],[34.0497476,51.5207739],[34.0395164,51.5370389],[34.0522598,51.5500266],[34.0792916,51.5169176],[34.1315954,51.5003428],[34.1753063,51.5265998],[34.1919215,51.5166978],[34.1858643,51.5079311],[34.1987497,51.4899779],[34.2437859,51.5020189],[34.2909326,51.4867826],[34.2978008,51.4930606],[34.2899783,51.51],[34.3075867,51.519417],[34.2956793,51.532702],[34.2596951,51.5333432],[34.2490143,51.5769829],[34.2374496,51.5847038],[34.2166044,51.5746617],[34.2111907,51.600498],[34.1821142,51.5970031],[34.1671184,51.6456286],[34.1296856,51.6427688],[34.1122312,51.649092],[34.1046326,51.6664331],[34.0806976,51.6669242],[34.1281673,51.68957],[34.1600963,51.6860698],[34.2131156,51.7030597],[34.2340931,51.6970178],[34.2910185,51.7050711],[34.3089885,51.720309],[34.4002452,51.7149383],[34.4345158,51.730502],[34.4404811,51.74334],[34.4359066,51.7647665],[34.4092816,51.7822437],[34.4154963,51.8258321],[34.3036616,51.8872099],[34.2453611,51.8816703],[34.2589438,51.8892991],[34.2614916,51.9092818],[34.2191173,51.9203863],[34.2256683,51.928502],[34.2036474,51.9398204],[34.1896141,51.9690423],[34.143244,51.9680607],[34.1292,51.9845167],[34.1402829,51.9996027],[34.0967426,52.0048487],[34.0919709,52.0358252],[34.1013873,52.0414992],[34.0805197,52.0704191],[34.0622838,52.0729483],[34.0941193,52.0850545],[34.0998705,52.0933528],[34.0859547,52.108772],[34.1107787,52.1230097],[34.1165103,52.1410444],[34.0593057,52.1665971],[34.054526,52.1715824],[34.0650864,52.1831399],[34.052827,52.2013946],[34.0163436,52.2018983],[33.9988438,52.2109932],[34.0006256,52.2272606],[33.9379249,52.2498279],[33.944782,52.2834725],[33.9211781,52.3050042],[33.8750869,52.3065324],[33.8390248,52.3203553],[33.8552985,52.332873],[33.8364718,52.3613887],[33.7854851,52.3666013],[33.7245138,52.353427],[33.70816,52.3627881],[33.6663473,52.3442441],[33.6039618,52.3340361],[33.5772361,52.3183456],[33.5818172,52.3108275],[33.5440911,52.3241316],[33.5646717,52.3133221],[33.5598732,52.3022553],[33.4817381,52.3138678],[33.4915,52.3312825],[33.5133814,52.333979],[33.5183961,52.3548492],[33.4551102,52.365307],[33.4393772,52.3529424],[33.4468122,52.3426564],[33.4287445,52.3456787],[33.4018673,52.3131851],[33.3866461,52.3156866],[33.4021306,52.3027481],[33.3863783,52.2969451],[33.3940483,52.2908647],[33.3771847,52.2754458],[33.3861691,52.2674942],[33.3649101,52.2521873],[33.3590354,52.2584295],[33.3670655,52.2327],[33.3519012,52.2200475],[33.3167933,52.2165959],[33.3314603,52.2017825],[33.3102427,52.1848036],[33.3371168,52.1616458],[33.3236877,52.1361603],[33.3419808,52.1352333],[33.3289415,52.1399382],[33.3393969,52.1469302],[33.4172931,52.1229878],[33.4101193,52.1157531],[33.4449467,52.0974218],[33.4383976,52.0878587],[33.4906554,52.0828971],[33.4997424,52.0892317],[33.5000385,52.0383243],[33.4647216,52.0385829],[33.4287238,52.0257264],[33.4105706,52.0336096],[33.4020634,52.0514256],[33.3550288,52.030613],[33.3172152,52.0318981],[33.3180037,52.0174714],[33.3044998,52.0127676],[33.3489217,51.9988243],[33.3501609,51.9838302],[33.3840714,51.9717969],[33.3942383,51.9545281],[33.3713797,51.9529473],[33.3552,51.9309872],[33.2965051,51.9345355],[33.2916044,51.9238755],[33.2647164,51.9192021],[33.2521423,51.9262684],[33.2349151,51.9092969],[33.2202013,51.9132442],[33.2208682,51.9049677],[33.2134322,51.9128952],[33.1876839,51.9124824],[33.1716477,51.9017205],[33.1799187,51.8859376],[33.1234764,51.8635242],[33.1319047,51.8561339],[33.1229039,51.8450528],[33.1445919,51.828365],[33.1468163,51.8161736],[33.1221755,51.8105333],[33.1023787,51.782063],[33.0904686,51.7852623],[33.0785363,51.775798],[33.0849336,51.7690495],[33.0919948,51.7745562],[33.1031161,51.7464158],[33.1704773,51.6996691],[33.1439005,51.6910843],[33.1472717,51.6835001],[33.1846849,51.6722718],[33.1920395,51.6733243],[33.1848694,51.6820308],[33.1992745,51.6827381],[33.2258398,51.6537413],[33.2364258,51.6663556],[33.2540814,51.6631019],[33.2903601,51.6760204],[33.281071,51.6820202],[33.3098744,51.6750811],[33.3464513,51.6831155],[33.3913562,51.71528],[33.4359842,51.7136253]]]]}},{"type":"Feature","properties":{"oblast":"ternopilska","name":"Кременецький район","match":"кременецький"},"geometry":{"type":"MultiPolygon","coordinates":[[[[25.9834553,49.7170779],[26.0179167,49.7129497],[26.0832437,49.7230905],[26.1612991,49.7157552],[26.1655356,49.728521],[26.1908981,49.7141704],[26.2140711,49.7353076],[26.2435558,49.7453027],[26.2407615,49.7755967],[26.2255011,49.7800794],[26.2180875,49.8092014],[26.1951751,49.8202123],[26.1782462,49.8473273],[26.2010069,49.8663108],[26.1327293,49.898469],[26.1406178,49.9139573],[26.1662384,49.9221861],[26.141898,49.9718531],[26.1717777,49.9935172],[26.202068,49.9925515],[26.210723,50.0159937],[26.1758709,50.0252665],[26.2164559,50.0363221],[26.2270689,50.0476012],[26.2216225,50.0599008],[26.2008938,50.0673179],[26.2069481,50.0756059],[26.1990621,50.0978235],[26.2735469,50.1028732],[26.273658,50.1135029],[26.2348712,50.1311847],[26.2435246,50.1434191],[26.2229195,50.1427717],[26.2085322,50.1545984],[26.2209602,50.1646693],[26.2113358,50.1748437],[26.2188721,50.1813503],[26.1790232,50.1973469],[26.1917689,50.2185543],[26.1853932,50.2169208],[26.1854855,50.2291424],[26.211846,50.2301964],[26.2098826,50.2484844],[26.2177777,50.2482203],[26.2211586,50.2668303],[26.1912748,50.2627842],[26.1657402,50.2308596],[26.0650004,50.2574805],[26.0086714,50.2288735],[25.9630403,50.2563204],[25.927847,50.2555641],[25.8773511,50.2190198],[25.8573708,50.1914727],[25.8208953,50.1804991],[25.7288149,50.1868062],[25.7241923,50.1729459],[25.6842354,50.1768741],[25.625489,50.1521931],[25.5757186,50.1764592],[25.5542019,50.150374],[25.4760526,50.1661423],[25.4492417,50.1504222],[25.4484366,50.1244059],[25.4838234,50.1141492],[25.4890336,50.101817],[25.4540428,50.0942981],[25.4572132,50.0820261],[25.4386309,50.0719598],[25.4313862,50.052985],[25.3635652,50.0459184],[25.3590162,50.0167692],[25.3492329,50.0177999],[25.3466915,50.0040452],[25.4025176,49.9857123],[25.4121797,49.9696438],[25.403801,49.9479417],[25.4304828,49.9348826],[25.4196335,49.9153628],[25.4701501,49.8714422],[25.475651,49.8243297],[25.5077479,49.8154113],[25.5417824,49.7751298],[25.577253,49.802493],[25.5964091,49.8007131],[25.676783,49.8499235],[25.6837323,49.8245438],[25.7244496,49.8021632],[25.7834168,49.8139918],[25.8953519,49.7950857],[25.9040923,49.8020006],[25.9151724,49.7893303],[25.8753683,49.7737106],[25.862864,49.7478001],[25.8542883,49.7517534],[25.8624116,49.7389869],[25.8754956,49.7383175],[25.8730666,49.7284554],[25.8840159,49.724507],[25.9101055,49.7159807],[25.9149819,49.7215892],[25.9449485,49.7005018],[25.9544804,49.7075361],[25.9479936,49.715113],[25.9834553,49.7170779]]]]}},{"type":"Feature","properties":{"oblast":"ternopilska","name":"Чортківський район","match":"чортківський"},"geometry":{"type":"MultiPolygon","coordinates":[[[[26.20919,49.1672134],[26.1899149,49.1715782],[26.1960628,49.1822755],[26.1832581,49.195077],[26.1961649,49.2125058],[26.1908168,49.2204033],[26.2020144,49.2202828],[26.2073518,49.2328201],[26.2014777,49.2432802],[26.2432584,49.2428764],[26.2418728,49.2546776],[26.2584668,49.2638121],[26.2413024,49.2753418],[26.2576317,49.2772113],[26.2489405,49.2864125],[26.2595585,49.2896878],[26.2461019,49.3004194],[26.2516895,49.3093956],[26.2255485,49.3310653],[26.2275638,49.3498201],[26.2437188,49.347321],[26.2320402,49.3579371],[26.244813,49.3692702],[26.1632202,49.3845259],[26.1572228,49.3768572],[26.127381,49.3827528],[26.1263077,49.3692251],[26.0780633,49.361978],[25.9721779,49.3588243],[25.9046143,49.3765938],[25.8957015,49.3687471],[25.8976094,49.3180242],[25.9391227,49.2960301],[25.9241396,49.2858456],[25.8900757,49.2863092],[25.8904365,49.2765641],[25.8555707,49.2771637],[25.8299917,49.242906],[25.8375197,49.2404426],[25.8291028,49.2111903],[25.8544707,49.2030949],[25.8107057,49.1603804],[25.7882937,49.1497799],[25.7807042,49.159995],[25.7816219,49.1418949],[25.7673004,49.1344511],[25.7426239,49.1745618],[25.7166393,49.1681154],[25.725002,49.1760983],[25.7092319,49.1822314],[25.6833129,49.1739897],[25.680893,49.1618692],[25.6360783,49.1786717],[25.6408586,49.1618829],[25.6527808,49.1625569],[25.6646996,49.1489478],[25.6271765,49.1465777],[25.6235242,49.1312219],[25.5413467,49.1339765],[25.5064005,49.1602391],[25.522918,49.1844666],[25.4627188,49.2124797],[25.426382,49.2137515],[25.4196009,49.2017318],[25.4035012,49.2043664],[25.4028001,49.1861902],[25.295388,49.214846],[25.2550619,49.1840254],[25.246605,49.1894996],[25.0726833,49.1676738],[24.9872214,49.1838376],[24.9859703,49.1690609],[24.9349778,49.1732949],[24.8869173,49.1981839],[24.8564072,49.1778128],[24.8566586,49.163294],[24.8997975,49.1290557],[24.9564535,49.1275642],[24.9853817,49.1167563],[24.9721039,49.0965038],[24.9906452,49.0860419],[24.9912198,49.0712032],[24.9162995,49.0830878],[24.9029265,49.054698],[24.9695627,49.0113149],[24.9654863,48.9927996],[25.0174572,49.0113635],[25.0784253,48.9841232],[25.0872766,48.9840181],[25.0875404,48.9932813],[25.1194282,48.9948119],[25.1071849,48.982222],[25.1097598,48.9637789],[25.1474515,48.9436136],[25.1182455,48.9236093],[25.1399316,48.8687422],[25.1705651,48.8703733],[25.1675139,48.8937422],[25.1981439,48.9147253],[25.1908258,48.9270798],[25.2098749,48.9219068],[25.2311911,48.9325437],[25.2382931,48.9233],[25.2301449,48.8869132],[25.2109485,48.8462336],[25.228142,48.8484058],[25.237147,48.8655268],[25.2604539,48.866679],[25.2839205,48.8622287],[25.2918309,48.8451678],[25.3201774,48.8472166],[25.3254245,48.8377674],[25.3401224,48.8384519],[25.3364965,48.8548128],[25.3535367,48.8595595],[25.4326615,48.843554],[25.4387588,48.8496754],[25.4271504,48.8677939],[25.4394275,48.8715546],[25.4692983,48.8571095],[25.4500998,48.8391721],[25.4554085,48.8308982],[25.5040471,48.8071675],[25.5519389,48.7997645],[25.6405498,48.7481111],[25.6097903,48.7246563],[25.6530017,48.7051344],[25.6214679,48.6809747],[25.6275254,48.6730814],[25.7111769,48.6633446],[25.7379572,48.6332455],[25.7666417,48.6701162],[25.799178,48.6706572],[25.8550574,48.6196617],[25.8490802,48.5970976],[25.875022,48.5998855],[25.9090353,48.5868944],[25.9337812,48.5910202],[25.9752205,48.6208758],[26.0209667,48.6103153],[26.0318903,48.6430039],[26.0484062,48.6486252],[26.0620646,48.636999],[26.0658521,48.607129],[26.0443174,48.5852662],[26.0908638,48.5391504],[26.1270502,48.5543855],[26.0959491,48.599541],[26.1002834,48.6139005],[26.1182618,48.6200287],[26.1445912,48.5982311],[26.145879,48.5499899],[26.1631236,48.5305798],[26.1995994,48.5257937],[26.267827,48.5399626],[26.299579,48.5098725],[26.3246539,48.5168075],[26.356625,48.5078],[26.3920833,48.5349216],[26.4426973,48.5423385],[26.4092966,48.5418185],[26.3796221,48.5647345],[26.3773101,48.5475615],[26.3605184,48.5417135],[26.3637958,48.5595513],[26.3364774,48.5694508],[26.359843,48.5880359],[26.3413918,48.5866336],[26.341269,48.59751],[26.323921,48.6000313],[26.3268954,48.6107424],[26.2929989,48.6230522],[26.3237894,48.6296859],[26.2879094,48.6402059],[26.3089423,48.6497853],[26.3075929,48.657605],[26.2732217,48.6472063],[26.266889,48.6506406],[26.2793866,48.6682166],[26.2478818,48.6679339],[26.2453774,48.6840262],[26.2195594,48.689005],[26.237819,48.6970002],[26.2289948,48.7089099],[26.244498,48.7364951],[26.2234804,48.7521887],[26.2459153,48.7557609],[26.2299791,48.7621422],[26.2377276,48.7759095],[26.2147371,48.780262],[26.2073828,48.797442],[26.2163405,48.8016884],[26.2334201,48.7900073],[26.2255695,48.8131905],[26.2499589,48.8083049],[26.258556,48.8154802],[26.2510586,48.8225997],[26.2336002,48.8189963],[26.2185865,48.8358612],[26.2216811,48.8478078],[26.1998812,48.8589926],[26.211614,48.8647677],[26.2058651,48.875284],[26.2144311,48.8818363],[26.2042922,48.8964803],[26.2238745,48.9101427],[26.2125835,48.9137949],[26.1964146,48.9035807],[26.1839061,48.9155414],[26.1985741,48.9184315],[26.1940132,48.9334762],[26.2083055,48.955075],[26.1774167,48.9737262],[26.2119608,48.9828569],[26.1761257,48.9955811],[26.2156218,49.0048879],[26.1977488,49.0250348],[26.207938,49.0357649],[26.1833746,49.0563526],[26.2156051,49.0721229],[26.1919534,49.0776575],[26.2047462,49.1009661],[26.1955073,49.1292391],[26.205687,49.1327],[26.1946772,49.1363161],[26.1990827,49.1462854],[26.1899718,49.1583687],[26.2038115,49.1576569],[26.20919,49.1672134]]]]}},{"type":"Feature","properties":{"oblast":"ternopilska","name":"Тернопільський район","match":"тернопільський"},"geometry":{"type":"MultiPolygon","coordinates":[[[[25.6271765,49.1465777],[25.6235242,49.1312219],[25.5377571,49.1350803],[25.5064005,49.1602391],[25.522918,49.1844666],[25.4627188,49.2124797],[25.426382,49.2137515],[25.4196009,49.2017318],[25.4035012,49.2043664],[25.4028001,49.1861902],[25.295388,49.214846],[25.2550619,49.1840254],[25.246605,49.1894996],[25.0726833,49.1676738],[24.9872214,49.1838376],[24.9859703,49.1690609],[24.9226302,49.1766903],[24.8869173,49.1981839],[24.9331085,49.2356489],[24.8433199,49.2625519],[24.8406365,49.2830725],[24.8280908,49.2853678],[24.8335358,49.3367088],[24.8592875,49.3470144],[24.8332612,49.3632],[24.8280529,49.3857903],[24.7755831,49.3775254],[24.771195,49.4311427],[24.7239868,49.4815538],[24.7285056,49.49205],[24.7161724,49.4961785],[24.7292802,49.5470938],[24.721255,49.5698165],[24.7915633,49.5728367],[24.8016036,49.5875993],[24.8392081,49.5868812],[24.8336506,49.5992203],[24.8632666,49.5988681],[24.8711318,49.6096967],[24.9009141,49.5997025],[24.8984407,49.6105314],[24.9079639,49.6146898],[24.9426733,49.6092041],[24.9309715,49.6171593],[24.9543054,49.6159097],[24.9633374,49.6264475],[24.9613621,49.6428418],[24.9826384,49.6365698],[24.9879932,49.6432259],[24.9887764,49.6587202],[24.9983705,49.6598261],[24.9971985,49.6965663],[25.022051,49.7351751],[25.0460106,49.7308183],[25.0674447,49.7115007],[25.114973,49.7456373],[25.0723704,49.7702238],[25.0899188,49.782484],[25.0838073,49.8284641],[25.1373142,49.8147375],[25.1515146,49.8331154],[25.1747568,49.8370865],[25.2370816,49.8240133],[25.2586386,49.8387055],[25.2875415,49.8282399],[25.2990732,49.853673],[25.375037,49.8679764],[25.3891244,49.8972107],[25.3763232,49.9132831],[25.3884159,49.9338833],[25.4004765,49.9374319],[25.4304828,49.9348826],[25.4196335,49.9153628],[25.4618162,49.8859631],[25.4735986,49.8613904],[25.475651,49.8243297],[25.5077479,49.8154113],[25.5417824,49.7751298],[25.577253,49.802493],[25.5964091,49.8007131],[25.676783,49.8499235],[25.6837323,49.8245438],[25.7244496,49.8021632],[25.7834168,49.8139918],[25.8953519,49.7950857],[25.9040923,49.8020006],[25.9151724,49.7893303],[25.8853225,49.7811687],[25.862864,49.7478001],[25.8547527,49.7491694],[25.8754956,49.7383175],[25.8732549,49.7283283],[25.9101055,49.7159807],[25.9149819,49.7215892],[25.9449485,49.7005018],[25.9544804,49.7075361],[25.9494429,49.7154405],[26.0179167,49.7129497],[26.0832437,49.7230905],[26.1612991,49.7157552],[26.1655356,49.728521],[26.2411414,49.6937894],[26.2687675,49.6686966],[26.2625142,49.6375401],[26.231412,49.6366522],[26.2254693,49.623496],[26.1992682,49.6086606],[26.2144639,49.5900147],[26.2073698,49.5768594],[26.2191081,49.5512563],[26.203496,49.5462606],[26.1907592,49.5567697],[26.1756533,49.5493269],[26.1423169,49.5094531],[26.1881763,49.4811322],[26.189208,49.4541385],[26.2001689,49.4390437],[26.1933396,49.4300975],[26.2355581,49.4002151],[26.2239077,49.3753364],[26.127381,49.3827528],[26.1263077,49.3692251],[25.9721779,49.3588243],[25.9046143,49.3765938],[25.8957015,49.3687471],[25.8976094,49.3180242],[25.9401179,49.2980894],[25.9241396,49.2858456],[25.8900757,49.2863092],[25.8904365,49.2765641],[25.8555707,49.2771637],[25.8299917,49.242906],[25.8375197,49.2404426],[25.8291028,49.2111903],[25.8544707,49.2030949],[25.8107057,49.1603804],[25.7882937,49.1497799],[25.7807042,49.159995],[25.7808357,49.1404266],[25.7655847,49.1345164],[25.7426239,49.1745618],[25.7166393,49.1681154],[25.725002,49.1760983],[25.7092319,49.1822314],[25.6833129,49.1739897],[25.680893,49.1618692],[25.6360783,49.1786717],[25.6408586,49.1618829],[25.6527808,49.1625569],[25.6646996,49.1489478],[25.6271765,49.1465777]]]]}},{"type":"Feature","properties":{"oblast":"khersonska","name":"Генічеський район","match":"генічеський"},"geometry":{"type":"MultiPolygon","coordinates":[[[[34.9468732,46.512555],[34.890103,46.5069564],[34.8907061,46.5631548],[34.7568736,46.5493492],[34.748275,46.5841895],[34.7232991,46.5814666],[34.7127641,46.6200738],[34.7563087,46.6269756],[34.7461772,46.6832188],[34.6851011,46.6770294],[34.6808284,46.6919901],[34.6322356,46.6876186],[34.6252257,46.723972],[34.6612754,46.7271564],[34.6586929,46.7403319],[34.7350052,46.7473443],[34.7351722,46.7570629],[34.7504856,46.7578954],[34.7501431,46.7805134],[34.7675765,46.7809131],[34.7581324,46.8227066],[34.8165539,46.8284506],[34.8046826,46.8825274],[34.7525692,46.8795369],[34.7364408,46.9613595],[34.6854556,46.9558631],[34.6809711,46.9791411],[34.6238427,46.9733971],[34.6174822,46.9933158],[34.5996222,46.9917725],[34.5916567,47.0267916],[34.5672697,47.0244915],[34.5534973,47.1059694],[34.4021641,47.1012312],[34.4075826,47.0786843],[34.3472481,47.0484554],[34.3156473,47.0213385],[34.3244693,47.016115],[34.1817304,46.8886088],[34.197863,46.8114323],[34.1112796,46.8020046],[34.1076682,46.8182289],[34.0469573,46.8118706],[34.0336507,46.8103093],[34.0363312,46.7943158],[34.0244758,46.7928615],[34.0498303,46.6662924],[34.0630182,46.6608987],[34.0643852,46.6504014],[33.9879647,46.6399239],[33.9908982,46.6228638],[33.9721217,46.6206971],[33.982664,46.5744225],[33.9997735,46.5764726],[34.0032561,46.5564344],[33.9874436,46.5543726],[33.9902989,46.5364538],[34.0761777,46.544104],[34.1087884,46.5252034],[34.1287825,46.4321894],[33.962051,46.41577],[33.9649281,46.3705199],[33.9716625,46.3712478],[33.971714,46.1411991],[34.0526389,46.1091293],[34.0809285,46.117556],[34.1174996,46.1072692],[34.1805652,46.0682828],[34.2337973,46.0559851],[34.320021,46.0682092],[34.4049875,46.0092864],[34.4430184,45.9618096],[34.4762212,45.9441393],[34.5109022,45.9480281],[34.5611691,45.9943843],[34.628541,45.9864034],[34.7540112,45.9088363],[34.8021689,45.9006479],[34.7990874,45.8104643],[34.9597746,45.7565682],[34.9750748,45.7619919],[34.8689133,45.9522145],[34.8267956,46.1304932],[34.8102005,46.1589925],[34.8353685,46.2056652],[34.8970664,46.2405202],[35.0381702,46.2620184],[35.1019236,46.301641],[35.0720342,46.2995725],[35.0567539,46.3752108],[35.0695027,46.3794352],[35.0546771,46.4818658],[35.0213956,46.4789514],[34.9484523,46.5028592],[34.9468732,46.512555]]],[[[35.2379931,46.2190895],[35.1948398,46.1602265],[35.1479714,46.1257367],[34.9822894,46.07772],[34.9900194,46.1042562],[35.0306428,46.1268086],[35.0380958,46.1474706],[35.1382551,46.1621296],[35.2131848,46.1875021],[35.2226672,46.221109],[35.2780627,46.264581],[35.2379931,46.2190895]]]]}},{"type":"Feature","properties":{"oblast":"khersonska","name":"Каховський район","match":"каховський"},"geometry":{"type":"MultiPolygon","coordinates":[[[[33.7585952,46.1920087],[33.7968936,46.2030156],[33.8486859,46.1996667],[33.971714,46.1411991],[33.9716625,46.3712478],[33.9649281,46.3705199],[33.962051,46.41577],[34.1287825,46.4321894],[34.1087884,46.5252034],[34.0761777,46.544104],[33.9902989,46.5364538],[33.9874436,46.5543726],[34.0032561,46.5564344],[33.9997735,46.5764726],[33.982664,46.5744225],[33.9721217,46.6206971],[33.9908982,46.6228638],[33.9879647,46.6399239],[34.0643852,46.6504014],[34.0630182,46.6608987],[34.0498303,46.6662924],[34.0244758,46.7928615],[34.0363312,46.7943158],[34.0336507,46.8103093],[34.0469573,46.8118706],[34.1076682,46.8182289],[34.1112796,46.8020046],[34.197863,46.8114323],[34.1817304,46.8886088],[34.3244693,47.016115],[34.3156473,47.0213385],[34.3472481,47.0484554],[34.4075826,47.0786843],[34.4021641,47.1012312],[34.5195021,47.1047491],[34.4908861,47.2468443],[34.5295853,47.2557982],[34.5182002,47.2835488],[34.4877638,47.2799494],[34.4794346,47.3151248],[34.5161124,47.3184443],[34.5070159,47.3255814],[34.5121847,47.3350429],[34.4138387,47.3234564],[34.4192258,47.3006584],[34.3987637,47.2982773],[34.4013965,47.2870834],[34.3302362,47.2904306],[34.3053474,47.269141],[34.2927154,47.2744547],[34.2724553,47.3611366],[34.2607866,47.3597376],[34.2493723,47.4193272],[34.2271594,47.4481234],[34.1394646,47.4772499],[34.0173082,47.4599826],[34.0132298,47.3424524],[33.9981878,47.3115748],[33.9349548,47.2225801],[33.833543,47.1532361],[33.7973323,47.086915],[33.6938848,47.0192024],[33.6188198,46.9123334],[33.6009318,46.8464847],[33.5785513,46.8375082],[33.4944061,46.8385783],[33.413921,46.8065809],[33.340419,46.8482334],[33.2970523,46.8430398],[33.3185897,46.8234768],[33.3072659,46.7890689],[33.3171271,46.7743207],[33.3277611,46.7768337],[33.3313516,46.757063],[33.3163263,46.7531637],[33.148825,46.7840459],[33.0976849,46.7674884],[33.1294491,46.7551701],[33.1567408,46.713778],[33.1799156,46.7161002],[33.1823973,46.6977339],[33.1295818,46.6868216],[33.1353967,46.6741732],[33.1278284,46.6630703],[33.1066942,46.6553777],[33.1425466,46.6333425],[33.1646054,46.6334353],[33.1660535,46.6667857],[33.2200029,46.6711959],[33.2238549,46.6560805],[33.2769477,46.6624539],[33.2937509,46.5984579],[33.416347,46.6111209],[33.4357803,46.5116042],[33.2536364,46.4869414],[33.2672095,46.4240923],[33.2141121,46.4184818],[33.2218963,46.3894188],[33.2341682,46.3826631],[33.3555094,46.3953275],[33.3662089,46.3490791],[33.4493582,46.3580658],[33.4666102,46.2910506],[33.5408478,46.2996811],[33.5367605,46.3185997],[33.5982105,46.3263069],[33.6327123,46.2283031],[33.6467708,46.22958],[33.7358354,46.1861025],[33.7585952,46.1920087]]]]}},{"type":"Feature","properties":{"oblast":"khersonska","name":"Херсонський район","match":"херсонський"},"geometry":{"type":"MultiPolygon","coordinates":[[[[31.9847153,46.6548122],[31.9300896,46.652885],[31.927471,46.5817546],[32.2900817,46.4957621],[32.325983,46.5029858],[32.4692183,46.5700513],[32.490616,46.5704219],[32.5124528,46.5539845],[32.5664783,46.5542656],[32.5797399,46.5725129],[32.6174329,46.5878295],[32.6570765,46.5435979],[32.6978439,46.5353705],[32.7119072,46.5174603],[32.7823098,46.518235],[32.7908073,46.4558424],[32.8138454,46.4514313],[32.836521,46.4307099],[32.8281938,46.4294715],[32.8575556,46.2825926],[32.8994813,46.2861978],[32.9033488,46.2658498],[33.02726,46.2792554],[33.0133624,46.3575784],[33.2341682,46.3826631],[33.2218963,46.3894188],[33.2138633,46.4182252],[33.2672095,46.4240923],[33.2536364,46.4869414],[33.4357803,46.5116042],[33.4150807,46.6117253],[33.2937509,46.5984579],[33.2769477,46.6624539],[33.2238549,46.6560805],[33.2200029,46.6711959],[33.1660535,46.6667857],[33.1646054,46.6334353],[33.1425466,46.6333425],[33.1066942,46.6553777],[33.1278284,46.6630703],[33.1353967,46.6741732],[33.1295818,46.6868216],[33.1823973,46.6977339],[33.1799156,46.7161002],[33.1567408,46.713778],[33.1294491,46.7551701],[33.0976849,46.7674884],[33.0464338,46.7422679],[33.0219937,46.8357758],[32.9858044,46.8315167],[32.9773092,46.8599269],[33.0154608,46.8648861],[33.0056761,46.9025482],[33.0641698,46.9075911],[33.0523681,46.9599289],[32.9496959,47.0031886],[32.9339743,46.9862828],[32.9496623,46.9465451],[32.9758582,46.9487523],[32.9798654,46.9336997],[32.921715,46.9266563],[32.9246045,46.9100577],[32.8414564,46.900036],[32.8360347,46.8845583],[32.8564489,46.8770292],[32.9152698,46.883276],[32.9198948,46.8661432],[32.9462653,46.8686577],[32.9491152,46.8579487],[32.8136251,46.8401364],[32.776203,46.8311441],[32.7715653,46.8207817],[32.7641489,46.8272901],[32.7013967,46.8207644],[32.6878845,46.8620814],[32.5854524,46.8558401],[32.5704869,46.8725642],[32.5467399,46.869438],[32.5442811,46.8831729],[32.5337954,46.8814646],[32.5412735,46.8501696],[32.5250909,46.8483039],[32.5314968,46.82324],[32.4693254,46.816568],[32.4632807,46.8404296],[32.3653157,46.8292574],[32.3728903,46.7990798],[32.3415854,46.7954461],[32.2272245,46.8454517],[32.2522118,46.8196044],[32.2096967,46.8057258],[32.2186855,46.7713054],[32.1689531,46.7635024],[32.171543,46.7523229],[32.05715,46.7446436],[32.0609094,46.7279785],[32.0756701,46.7299759],[32.0868325,46.6835172],[32.0201421,46.6774969],[32.0298797,46.6689066],[31.9874104,46.6641164],[31.9847153,46.6548122]]]]}},{"type":"Feature","properties":{"oblast":"khersonska","name":"Скадовський район","match":"скадовський"},"geometry":{"type":"MultiPolygon","coordinates":[[[[31.5360149,46.2879596],[31.595775,46.2490651],[31.6713006,46.2271893],[32.0771062,46.1655731],[32.4982864,46.0729254],[32.9207029,46.0109363],[33.0357707,46.0072256],[33.0837564,46.0161955],[32.9743295,46.0298176],[32.9416754,46.0464634],[32.9124227,46.0362471],[32.8626343,46.0612028],[32.7792527,46.0305257],[32.5386063,46.0705116],[32.5480747,46.0823195],[32.6003551,46.0985817],[32.6472954,46.1068914],[32.6757368,46.0997525],[32.7677999,46.1226389],[32.830565,46.1099669],[32.8744948,46.1159246],[32.9104517,46.1048661],[33.0299536,46.1109626],[33.014961,46.1225193],[33.0302542,46.1388811],[33.0164413,46.1512616],[33.0312778,46.1564365],[33.0665061,46.1539061],[33.0810885,46.1364132],[33.1347307,46.1243539],[33.1859422,46.1547147],[33.1962869,46.1790243],[33.1864142,46.1930965],[33.20368,46.1906749],[33.2260343,46.2180311],[33.205721,46.1741575],[33.2268921,46.153199],[33.2080929,46.1416663],[33.2010246,46.1076781],[33.2157622,46.1062897],[33.20691,46.1184363],[33.216693,46.1307198],[33.2573484,46.1386239],[33.2815087,46.1331303],[33.3115002,46.1110295],[33.3020037,46.091774],[33.2802515,46.096707],[33.2826662,46.0782841],[33.3084362,46.0746754],[33.3128601,46.1021804],[33.3291872,46.1155787],[33.3447,46.0959665],[33.3713581,46.0895144],[33.3647532,46.0756915],[33.4207569,46.0297862],[33.4144921,46.038047],[33.4457946,46.0402786],[33.4575565,46.0510025],[33.4980374,46.0274159],[33.5169451,46.0310596],[33.4901723,46.0562737],[33.5031561,46.0789951],[33.573472,46.0747958],[33.5157734,46.0987197],[33.5121636,46.1231025],[33.5380503,46.1182191],[33.5546771,46.1293035],[33.5422225,46.1248169],[33.5461144,46.135855],[33.5667721,46.1385989],[33.5849798,46.1590299],[33.6087521,46.147823],[33.6147111,46.1346624],[33.6412746,46.1424429],[33.6135506,46.2139172],[33.6152408,46.2262179],[33.6327123,46.2283031],[33.6294562,46.242592],[33.5982105,46.3263069],[33.5367605,46.3185997],[33.5408478,46.2996811],[33.4666102,46.2910506],[33.4493582,46.3580658],[33.3662089,46.3490791],[33.3555094,46.3953275],[33.0133624,46.3575784],[33.0264978,46.2790556],[32.9033488,46.2658498],[32.8994813,46.2861978],[32.8575556,46.2825926],[32.8281938,46.4294715],[32.836521,46.4307099],[32.8138454,46.4514313],[32.7908073,46.4558424],[32.7823098,46.518235],[32.7119072,46.5174603],[32.6978439,46.5353705],[32.6570765,46.5435979],[32.6174329,46.5878295],[32.5797399,46.5725129],[32.5664783,46.5542656],[32.5124528,46.5539845],[32.490616,46.5704219],[32.4692183,46.5700513],[32.2955052,46.4952894],[31.927471,46.5817546],[31.8619843,46.5234904],[31.8480348,46.5004454],[31.8194006,46.4958095],[31.804476,46.4791719],[31.8109129,46.3715694],[31.8040651,46.3321026],[31.7640951,46.3196858],[31.681841,46.2555272],[31.6197359,46.2454973],[31.5715098,46.2630837],[31.5440282,46.2881828],[31.5285945,46.3698518],[31.5145397,46.3573691],[31.5120291,46.33441],[31.5360149,46.2879596]]]]}},{"type":"Feature","properties":{"oblast":"khersonska","name":"Бериславський район","match":"бериславський"},"geometry":{"type":"MultiPolygon","coordinates":[[[[33.0677703,47.0222432],[33.0224893,46.9727807],[33.0523681,46.9599289],[33.0641698,46.9075911],[33.0056761,46.9025482],[33.0154608,46.8648861],[32.9773092,46.8599269],[32.9858044,46.8315167],[33.0219937,46.8357758],[33.0464338,46.7422679],[33.1420164,46.784001],[33.289731,46.7531007],[33.3313516,46.757063],[33.3277611,46.7768337],[33.3171271,46.7743207],[33.3072659,46.7890689],[33.3194739,46.8181409],[33.2970523,46.8430398],[33.3084192,46.8452955],[33.3574551,46.8424862],[33.413921,46.8065809],[33.4944061,46.8385783],[33.5909719,46.840415],[33.6063307,46.8527776],[33.6188198,46.9123334],[33.6938848,47.0192024],[33.7973323,47.086915],[33.833543,47.1532361],[33.9349548,47.2225801],[33.9981878,47.3115748],[34.0132298,47.3424524],[34.0173082,47.4599826],[33.9529652,47.4582469],[33.9390234,47.5161112],[33.6436096,47.4845268],[33.6359662,47.5140686],[33.588445,47.5023016],[33.5759204,47.5286664],[33.5925373,47.544415],[33.5886516,47.5582341],[33.6090611,47.5618715],[33.605488,47.575002],[33.5922908,47.573653],[33.5803214,47.600194],[33.473719,47.5873296],[33.4861004,47.5439264],[33.3226885,47.5235625],[33.3488161,47.4936669],[33.3141379,47.4825937],[33.3099756,47.5015974],[33.278779,47.5177444],[33.2872009,47.5433013],[33.2731141,47.5459087],[33.2418074,47.5303506],[33.2155108,47.5331085],[33.2183486,47.5486422],[33.2362068,47.5634745],[33.2334173,47.5773653],[33.1718551,47.5666814],[33.0926838,47.5788322],[33.0949698,47.5276253],[33.1417425,47.5434739],[33.1468637,47.5146486],[33.1232429,47.5079417],[33.1378337,47.4195283],[33.0715543,47.4124492],[33.0667949,47.4749215],[33.0472559,47.4684701],[33.0538642,47.4440506],[33.0341304,47.4416307],[33.0359379,47.3911547],[33.0392937,47.3796948],[33.1225794,47.385216],[33.1372968,47.3336504],[33.1029147,47.3223493],[33.1115348,47.293926],[33.1020838,47.2906506],[33.1052117,47.280462],[33.1395323,47.2723339],[33.1836885,47.2380285],[33.1272546,47.2308989],[33.1425852,47.2103746],[33.1300077,47.202869],[33.1111502,47.2068666],[33.0991487,47.2234473],[33.0719918,47.2233615],[33.0662034,47.200876],[33.0372004,47.1886707],[33.0378879,47.1782057],[33.0156173,47.1803274],[33.0044164,47.1969024],[33.0020432,47.1899944],[32.961355,47.1896302],[32.9068393,47.1205517],[32.9166978,47.0871808],[33.0269084,47.0396692],[33.0515956,47.0700634],[33.0729674,47.0624047],[33.102579,47.099811],[33.0819797,47.1075813],[33.1050252,47.1366073],[33.1557081,47.1174531],[33.093245,47.0393468],[33.0677703,47.0222432]]]]}},{"type":"Feature","properties":{"oblast":"khmelnytska","name":"Шепетівський район","match":"шепетівський"},"geometry":{"type":"MultiPolygon","coordinates":[[[[27.4406834,49.9029208],[27.4489164,49.9086939],[27.4793469,49.876236],[27.5166561,49.8826455],[27.5225549,49.909928],[27.5494387,49.9083031],[27.5477154,49.9348233],[27.5756143,49.9485341],[27.546477,50.0115817],[27.5712753,50.0196607],[27.6116882,50.005711],[27.6420187,50.0367497],[27.6580343,50.0257508],[27.6811811,50.0340492],[27.6686525,50.077496],[27.6154447,50.0861911],[27.6305616,50.1034272],[27.6244166,50.1124637],[27.6391136,50.1150537],[27.6258873,50.1224528],[27.6314297,50.1462539],[27.6776765,50.1578509],[27.6616678,50.1716722],[27.665003,50.1933799],[27.6365073,50.1882706],[27.6420681,50.1723149],[27.6213184,50.1696167],[27.6227956,50.1994889],[27.6077745,50.196307],[27.6077542,50.2145289],[27.5929794,50.2156565],[27.6021156,50.2426654],[27.5974589,50.2585407],[27.5431398,50.2458712],[27.5209864,50.2254569],[27.4894016,50.2393098],[27.4809931,50.2572024],[27.4426361,50.2611654],[27.4447371,50.2754372],[27.4221672,50.2715528],[27.3954724,50.2875086],[27.4180195,50.2960636],[27.4165743,50.3074602],[27.3636736,50.3330485],[27.3155756,50.3317396],[27.3212009,50.3677737],[27.2483691,50.3927607],[27.2590269,50.4244458],[27.2913586,50.4581493],[27.3013301,50.493127],[27.2677959,50.4917841],[27.2589358,50.5131082],[27.2074024,50.5318219],[27.1964899,50.5620765],[27.1307029,50.5608491],[27.1221769,50.5760757],[27.1306848,50.5879215],[27.1179282,50.5947282],[27.1036919,50.5838134],[27.0794747,50.58366],[27.0648183,50.5620733],[27.072822,50.5509714],[27.0175283,50.5589883],[27.0075388,50.5396036],[26.9828002,50.5227292],[26.8996693,50.5463377],[26.8565512,50.5090003],[26.8272447,50.5230512],[26.8175262,50.50251],[26.7783904,50.5021014],[26.7817777,50.4956642],[26.7650469,50.4890675],[26.7686703,50.477484],[26.7600861,50.4766702],[26.7616191,50.4704098],[26.7891824,50.4752346],[26.7866021,50.4677334],[26.7427987,50.4615236],[26.7451779,50.4795862],[26.7344109,50.4772636],[26.7284408,50.4572769],[26.7368066,50.4448198],[26.7173713,50.4457062],[26.7125941,50.4169476],[26.6923772,50.4199648],[26.682427,50.3891126],[26.6593108,50.3921171],[26.6481266,50.3647819],[26.601775,50.3681657],[26.5867233,50.3395937],[26.5527348,50.3302332],[26.5605662,50.3170092],[26.5426072,50.3185144],[26.5469884,50.3097839],[26.5228736,50.3069665],[26.5268993,50.3003363],[26.4958916,50.2756877],[26.5023453,50.2620824],[26.3961634,50.2652112],[26.3239852,50.2311418],[26.2870968,50.1844987],[26.2115712,50.1752844],[26.2209602,50.1646693],[26.2088983,50.1540734],[26.2229195,50.1427717],[26.2435246,50.1434191],[26.2348712,50.1311847],[26.273658,50.1135029],[26.2735469,50.1028732],[26.1990621,50.0978235],[26.2069481,50.0756059],[26.2008938,50.0673179],[26.2216225,50.0599008],[26.2270689,50.0476012],[26.2164559,50.0363221],[26.1758709,50.0252665],[26.210723,50.0159937],[26.202068,49.9925515],[26.1717777,49.9935172],[26.141898,49.9718531],[26.1662384,49.9221861],[26.1406178,49.9139573],[26.1327293,49.898469],[26.2133936,49.8653955],[26.2303328,49.8769377],[26.3187064,49.8823605],[26.3107171,49.9001762],[26.3258444,49.9024242],[26.3315036,49.9188062],[26.3526718,49.9152155],[26.3562183,49.9299625],[26.3812978,49.9292808],[26.3885067,49.9147337],[26.4231215,49.9045263],[26.4308057,49.8886283],[26.4471897,49.8844741],[26.4619443,49.8973017],[26.5100341,49.8847453],[26.5210371,49.9033906],[26.484717,49.9143636],[26.5004559,49.9389816],[26.6018012,49.9383803],[26.6136028,49.956319],[26.6647032,49.9371881],[26.6455754,49.9310162],[26.66049,49.9286672],[26.6365413,49.8920964],[26.6914816,49.8939373],[26.71115,49.9004023],[26.7113373,49.9091281],[26.7492923,49.9019368],[26.7700774,49.9177661],[26.8057239,49.9165837],[26.7956079,49.9070198],[26.8512622,49.8962111],[26.8485791,49.8876194],[26.8940038,49.8832713],[26.9141118,49.8708532],[26.9156487,49.8911096],[26.9289508,49.8937267],[26.934385,49.9065833],[26.98271,49.9088464],[26.9679531,49.9174505],[26.9750752,49.9266421],[27.0203692,49.9317067],[27.0400892,49.9240766],[27.0661602,49.9432481],[27.0875768,49.9412541],[27.0954697,49.9493755],[27.1089034,49.941661],[27.1340353,49.9464247],[27.1065236,49.9191722],[27.1592207,49.9209187],[27.1498022,49.9244573],[27.1528904,49.9388422],[27.2118853,49.9330394],[27.2075268,49.9184178],[27.1906007,49.9087314],[27.1952545,49.9008836],[27.2490106,49.8946259],[27.2555271,49.8824065],[27.2943271,49.8932214],[27.3283544,49.9185555],[27.3633437,49.9023194],[27.3659359,49.8767592],[27.3832451,49.8671567],[27.4132847,49.8777006],[27.4406834,49.9029208]]]]}},{"type":"Feature","properties":{"oblast":"khmelnytska","name":"Хмельницький район","match":"хмельницький"},"geometry":{"type":"MultiPolygon","coordinates":[[[[27.4406834,49.9029208],[27.4489164,49.9086939],[27.4793469,49.876236],[27.5196802,49.8849646],[27.5225549,49.909928],[27.5494387,49.9083031],[27.5498388,49.9005286],[27.5697891,49.9097487],[27.5957866,49.8901687],[27.6253697,49.8923954],[27.6099979,49.875646],[27.6276194,49.8504453],[27.6226414,49.8384553],[27.6580225,49.7967282],[27.6680612,49.8078243],[27.716497,49.8061699],[27.727053,49.7995454],[27.7036566,49.7689962],[27.7520475,49.7556912],[27.7811896,49.7283826],[27.8371073,49.7297983],[27.8071027,49.7094851],[27.8117178,49.7019583],[27.7625993,49.6972532],[27.7660225,49.6664265],[27.8115797,49.6445014],[27.8122938,49.6183208],[27.8003112,49.6216039],[27.7922773,49.6038165],[27.7733728,49.5967784],[27.7583295,49.5763039],[27.7904102,49.5569821],[27.7852917,49.5449879],[27.79414,49.5307482],[27.7751696,49.5203064],[27.7429086,49.5316255],[27.7349861,49.4965424],[27.7913667,49.4888503],[27.7770394,49.4749098],[27.7637836,49.4785293],[27.7453782,49.4507329],[27.7504916,49.439866],[27.804995,49.4393051],[27.8274233,49.4214486],[27.8514797,49.4271553],[27.8349996,49.4086766],[27.8336695,49.3911628],[27.8119676,49.3883301],[27.8113668,49.3790176],[27.8290885,49.3677482],[27.8115038,49.3661421],[27.8578311,49.3285334],[27.8517388,49.3120233],[27.8624465,49.2795257],[27.849279,49.2638086],[27.8724942,49.246001],[27.8560102,49.2356407],[27.8665303,49.2132184],[27.8935454,49.2100458],[27.8979501,49.1860417],[27.8548763,49.1706542],[27.8223661,49.1791805],[27.8148604,49.1894587],[27.7910546,49.1744987],[27.7979247,49.1814977],[27.7760375,49.1898863],[27.7825463,49.1730157],[27.7521448,49.1605582],[27.7581418,49.1537605],[27.7409497,49.1386698],[27.7197303,49.1461043],[27.6868114,49.14172],[27.6398235,49.1680078],[27.6005892,49.1607102],[27.5921656,49.1408579],[27.5977552,49.1348624],[27.5775559,49.1215883],[27.5360148,49.1384116],[27.532787,49.1253958],[27.5076159,49.1315366],[27.492612,49.1212689],[27.5054215,49.110234],[27.4799822,49.0881357],[27.5029669,49.0698946],[27.4354038,49.0701942],[27.3816,49.0074775],[27.4180149,48.9716197],[27.4111705,48.9608183],[27.4173685,48.954283],[27.4029635,48.9528013],[27.3944039,48.9279153],[27.3184139,48.9352904],[27.2881626,48.92205],[27.291122,48.9085996],[27.2307365,48.9266152],[27.2027848,48.9219092],[27.1872327,48.9302743],[27.1823387,48.9493266],[27.1144094,48.9494898],[27.0984568,48.9909281],[27.043267,48.984408],[27.039998,48.9947251],[27.0186652,48.9939374],[27.0034762,49.0162753],[26.9882345,49.010259],[26.9405998,49.0357888],[26.9336793,49.0363845],[26.931436,49.018073],[26.9142951,49.0211471],[26.8925104,49.0300029],[26.9009907,49.0469031],[26.8524168,49.0648974],[26.8475599,49.0756187],[26.8245317,49.0756273],[26.8024162,49.0595868],[26.7572132,49.0755892],[26.7376532,49.0763137],[26.7348131,49.0688602],[26.678494,49.0748121],[26.6680215,49.0688729],[26.680497,49.0637435],[26.6550277,49.0490713],[26.677993,49.0282534],[26.6334612,48.9938568],[26.6072363,49.0147647],[26.5876181,49.0107876],[26.5851351,49.0035835],[26.6306614,48.9836878],[26.6191102,48.9787424],[26.5651809,48.9975015],[26.5440726,48.9962343],[26.5608244,49.0238875],[26.5428349,49.0427224],[26.5103512,49.0440514],[26.4432432,49.0673876],[26.4202657,49.1112065],[26.4427441,49.1270827],[26.4341994,49.1397148],[26.4129194,49.1489081],[26.3785932,49.1421515],[26.3262361,49.1758473],[26.3185675,49.1656105],[26.2972691,49.1751059],[26.2812395,49.150705],[26.2869986,49.1442768],[26.2601715,49.1488068],[26.2738578,49.1390942],[26.2596582,49.1299362],[26.2710867,49.1198385],[26.2603484,49.1151488],[26.252832,49.1402782],[26.2246189,49.1679385],[26.1889833,49.17297],[26.1960628,49.1822755],[26.1832148,49.1959295],[26.1961649,49.2125058],[26.1908168,49.2204033],[26.2020144,49.2202828],[26.2073518,49.2328201],[26.2014777,49.2432802],[26.2434116,49.2429647],[26.2418728,49.2546776],[26.2584668,49.2638121],[26.2414752,49.2770305],[26.2572673,49.2767079],[26.2489405,49.2864125],[26.2595585,49.2896878],[26.2461019,49.3004194],[26.2497691,49.3120949],[26.2260855,49.3279309],[26.22738,49.3496148],[26.2438048,49.3478012],[26.2320402,49.3579371],[26.2446293,49.3696208],[26.21943,49.3784194],[26.2355581,49.4002151],[26.1933396,49.4300975],[26.2001689,49.4390437],[26.189208,49.4541385],[26.1881763,49.4811322],[26.1423169,49.5094531],[26.1756533,49.5493269],[26.1907592,49.5567697],[26.203496,49.5462606],[26.2191081,49.5512563],[26.2073698,49.5768594],[26.2144639,49.5900147],[26.1992682,49.6086606],[26.2254693,49.623496],[26.231412,49.6366522],[26.2625142,49.6375401],[26.2598739,49.653651],[26.2724552,49.656975],[26.2411414,49.6937894],[26.1908981,49.7141704],[26.2140711,49.7353076],[26.2435558,49.7453027],[26.2407615,49.7755967],[26.2255011,49.7800794],[26.2180875,49.8092014],[26.1951751,49.8202123],[26.1782462,49.8473273],[26.2010069,49.8663108],[26.2303328,49.8769377],[26.3187064,49.8823605],[26.3107827,49.9003121],[26.3258444,49.9024242],[26.3315036,49.9188062],[26.3526718,49.9152155],[26.3562183,49.9299625],[26.3867826,49.9274522],[26.3885067,49.9147337],[26.4224737,49.9049259],[26.4265036,49.8906795],[26.4395074,49.885767],[26.4619443,49.8973017],[26.5100341,49.8847453],[26.5210371,49.9033906],[26.484717,49.9143636],[26.5004559,49.9389816],[26.6018012,49.9383803],[26.6136028,49.956319],[26.6647032,49.9371881],[26.6455754,49.9310162],[26.66049,49.9286672],[26.6365413,49.8920964],[26.6914816,49.8939373],[26.71115,49.9004023],[26.7113373,49.9091281],[26.7492923,49.9019368],[26.7700774,49.9177661],[26.8057239,49.9165837],[26.7956079,49.9070198],[26.8512622,49.8962111],[26.8485791,49.8876194],[26.8940038,49.8832713],[26.9141118,49.8708532],[26.9156487,49.8911096],[26.9289508,49.8937267],[26.934385,49.9065833],[26.98271,49.9088464],[26.9679531,49.9174505],[26.9750752,49.9266421],[27.0203692,49.9317067],[27.0400892,49.9240766],[27.0661602,49.9432481],[27.0875768,49.9412541],[27.0954697,49.9493755],[27.1089034,49.941661],[27.1340353,49.9464247],[27.1065236,49.9191722],[27.1592207,49.9209187],[27.1498022,49.9244573],[27.1528904,49.9388422],[27.2118853,49.9330394],[27.2075268,49.9184178],[27.1906007,49.9087314],[27.1952545,49.9008836],[27.2490106,49.8946259],[27.2555271,49.8824065],[27.2943271,49.8932214],[27.3283544,49.9185555],[27.3633437,49.9023194],[27.3659359,49.8767592],[27.3832451,49.8671567],[27.4132847,49.8777006],[27.4406834,49.9029208]]]]}},{"type":"Feature","properties":{"oblast":"khmelnytska","name":"Кам’янець-Подільський район","match":"кам'янець-подільський"},"geometry":{"type":"MultiPolygon","coordinates":[[[[27.4051142,48.888724],[27.3934536,48.900339],[27.3946325,48.9279136],[27.3184139,48.9352904],[27.2881626,48.92205],[27.291122,48.9085996],[27.2307365,48.9266152],[27.2027848,48.9219092],[27.1872327,48.9302743],[27.1823387,48.9493266],[27.1180803,48.9515495],[27.1263009,48.9446413],[27.1049452,48.9584363],[27.1121845,48.9676586],[27.0984568,48.9909281],[27.043267,48.984408],[27.039998,48.9947251],[27.0186652,48.9939374],[27.0034762,49.0162753],[26.9882345,49.010259],[26.9405998,49.0357888],[26.9336793,49.0363845],[26.931436,49.018073],[26.9142951,49.0211471],[26.8925104,49.0300029],[26.9009907,49.0469031],[26.8524168,49.0648974],[26.8475599,49.0756187],[26.8245317,49.0756273],[26.8024162,49.0595868],[26.7572132,49.0755892],[26.7376532,49.0763137],[26.7348131,49.0688602],[26.678494,49.0748121],[26.6680215,49.0688729],[26.680497,49.0637435],[26.6550277,49.0490713],[26.677993,49.0282534],[26.6334612,48.9938568],[26.6072363,49.0147647],[26.5876181,49.0107876],[26.5851351,49.0035835],[26.6306614,48.9836878],[26.6191102,48.9787424],[26.5651809,48.9975015],[26.5440726,48.9962343],[26.5608244,49.0238875],[26.5428349,49.0427224],[26.5103512,49.0440514],[26.4432432,49.0673876],[26.4202657,49.1112065],[26.4438057,49.133736],[26.4129194,49.1489081],[26.3785932,49.1421515],[26.3262361,49.1758473],[26.3185675,49.1656105],[26.2972691,49.1751059],[26.2812395,49.150705],[26.2869986,49.1442768],[26.2601715,49.1488068],[26.2738298,49.1393717],[26.2596582,49.1299362],[26.2709806,49.1202098],[26.2655543,49.1147021],[26.2526427,49.1250177],[26.252832,49.1402782],[26.2246189,49.1679385],[26.2152136,49.1651553],[26.217101,49.1731197],[26.2101522,49.1606686],[26.1899718,49.1583687],[26.1990827,49.1462854],[26.1946772,49.1363161],[26.205687,49.1327],[26.1955073,49.1292391],[26.2047462,49.1009661],[26.1919534,49.0776575],[26.2156291,49.0722888],[26.183401,49.0557264],[26.207938,49.0357649],[26.1977488,49.0250348],[26.2156869,49.005615],[26.1761257,48.9955811],[26.2119608,48.9828569],[26.1774167,48.9737262],[26.2083055,48.955075],[26.1940132,48.9334762],[26.1985741,48.9184315],[26.1839692,48.9152255],[26.1964146,48.9035807],[26.2125835,48.9137949],[26.2238745,48.9101427],[26.2042922,48.8964803],[26.2144311,48.8818363],[26.2058651,48.875284],[26.211614,48.8647677],[26.1998812,48.8589926],[26.2216811,48.8478078],[26.2185865,48.8358612],[26.2336002,48.8189963],[26.2510586,48.8225997],[26.258556,48.8154802],[26.2499589,48.8083049],[26.2255695,48.8131905],[26.2334201,48.7900073],[26.2163405,48.8016884],[26.2073828,48.797442],[26.2147371,48.780262],[26.2377276,48.7759095],[26.2299791,48.7621422],[26.2459153,48.7557609],[26.2234804,48.7521887],[26.244498,48.7364951],[26.2289948,48.7089099],[26.237819,48.6970002],[26.2198301,48.6883356],[26.2453774,48.6840262],[26.2478818,48.6679339],[26.2793866,48.6682166],[26.266889,48.6506406],[26.2732217,48.6472063],[26.3075929,48.657605],[26.3089423,48.6497853],[26.2879094,48.6402059],[26.3237894,48.6296859],[26.2929989,48.6230522],[26.3268954,48.6107424],[26.323921,48.6000313],[26.341269,48.59751],[26.3413918,48.5866336],[26.359843,48.5880359],[26.3364774,48.5694508],[26.3637958,48.5595513],[26.3605184,48.5417135],[26.3773101,48.5475615],[26.3796221,48.5647345],[26.4114979,48.5411342],[26.4876765,48.5451476],[26.5544143,48.4582523],[26.5687093,48.4534565],[26.6221583,48.4583715],[26.6255057,48.4680042],[26.6070925,48.4988596],[26.6162653,48.5080428],[26.668757,48.4856772],[26.7126767,48.4936806],[26.6752387,48.5386145],[26.6235261,48.5375068],[26.6226544,48.5548724],[26.6614707,48.5600098],[26.7024188,48.5352358],[26.7271026,48.533048],[26.7400357,48.5400816],[26.7431053,48.5559763],[26.720297,48.5787201],[26.7286753,48.5872579],[26.7475472,48.5803511],[26.7616222,48.5491535],[26.7798538,48.5477931],[26.7945468,48.5674888],[26.7788531,48.5945258],[26.8006344,48.609177],[26.8237902,48.6058418],[26.8202188,48.5817247],[26.8409613,48.557873],[26.8792962,48.5424713],[26.9029463,48.5500923],[26.9250667,48.5770165],[26.9667326,48.5765519],[26.9770896,48.5907394],[26.9865674,48.5906998],[26.997056,48.5733134],[27.1029389,48.5571112],[27.1704037,48.5831026],[27.2513782,48.5685842],[27.2600127,48.5828082],[27.2443539,48.6118668],[27.2588915,48.623041],[27.2853669,48.6201084],[27.3076738,48.6030635],[27.3336189,48.6040002],[27.3510252,48.6275257],[27.3716586,48.6289522],[27.390072,48.6805058],[27.4139838,48.6986593],[27.399291,48.7268592],[27.416905,48.739612],[27.3895436,48.764455],[27.4089854,48.7676223],[27.4034497,48.7734483],[27.4275478,48.7972727],[27.4110092,48.8116554],[27.4183266,48.8195272],[27.4151959,48.8816715],[27.4051142,48.888724]]]]}},{"type":"Feature","properties":{"oblast":"cherkaska","name":"Золотоніський район","match":"золотоніський"},"geometry":{"type":"MultiPolygon","coordinates":[[[[31.8986255,49.9478285],[31.9181574,49.9618641],[31.9184071,49.9912191],[31.8999608,50.0192503],[31.9684397,50.0445241],[31.9797333,50.038701],[31.9865417,50.0524735],[31.9040163,50.0560697],[31.9114146,50.1007745],[31.9752853,50.1252744],[31.9579735,50.1411538],[31.9464897,50.1366091],[31.9341184,50.1584553],[31.9653221,50.1516286],[32.0001985,50.1943896],[31.9933348,50.2013518],[32.0173552,50.2062288],[32.0562062,50.1877346],[32.0864231,50.2215584],[32.1081928,50.219946],[32.118106,50.2284028],[32.1254432,50.2247961],[32.1116221,50.2126044],[32.1624112,50.1873546],[32.1770576,50.164899],[32.2988289,50.1416664],[32.3039186,50.1199374],[32.2502872,50.1147429],[32.2767172,50.0969205],[32.2616785,50.0825023],[32.3139339,50.0386887],[32.3337357,50.0583815],[32.3499856,50.0477091],[32.3446047,50.0361014],[32.3646387,50.0337198],[32.3788769,49.9809869],[32.4282925,49.9603795],[32.4179754,49.9343815],[32.4302329,49.9314772],[32.4193455,49.9283116],[32.4142421,49.9034617],[32.43475,49.8882384],[32.3739945,49.8744485],[32.4372474,49.8217974],[32.4495754,49.7963182],[32.5039357,49.8046272],[32.5143536,49.7742997],[32.5558342,49.7736363],[32.5726313,49.7529899],[32.5741913,49.7025437],[32.6639933,49.6805973],[32.6925674,49.6577709],[32.7086013,49.6568481],[32.7013214,49.6478993],[32.7146482,49.6305142],[32.7111844,49.6057816],[32.7534007,49.5789121],[32.7505219,49.5238192],[32.714061,49.5007634],[32.6776129,49.498672],[32.6664734,49.4666668],[32.6730386,49.4479656],[32.651165,49.436147],[32.679171,49.4253579],[32.6775992,49.4008505],[32.6901948,49.3851316],[32.7371389,49.372059],[32.7377987,49.3534412],[32.6740158,49.3526375],[32.59444,49.3778047],[32.5465089,49.3814788],[32.5100121,49.4080116],[32.4926326,49.3937779],[32.4773001,49.3558805],[32.4625922,49.3493503],[32.4794412,49.3408833],[32.4401022,49.3192262],[32.3918331,49.3396464],[32.340477,49.3834914],[32.2931411,49.3981289],[32.198278,49.3918236],[32.1547735,49.4154891],[32.1502104,49.4442985],[32.1295482,49.4639727],[32.091728,49.4768626],[32.0344377,49.4754392],[32.0446649,49.4828671],[31.9879169,49.5261546],[31.9848518,49.5188323],[31.961979,49.5221833],[31.9402667,49.5501627],[31.8718742,49.5514079],[31.8228284,49.5727875],[31.781636,49.6050956],[31.7870298,49.6133378],[31.7788235,49.6263204],[31.7617521,49.6339212],[31.7027568,49.6319151],[31.6553287,49.6403065],[31.6402963,49.6514958],[31.6898865,49.6968361],[31.6767238,49.7082721],[31.6855483,49.7113123],[31.7004072,49.7507673],[31.6908377,49.7474058],[31.683868,49.7583273],[31.7183247,49.7572264],[31.7199635,49.7756555],[31.693417,49.7757247],[31.6927841,49.7900193],[31.7034486,49.7916123],[31.7078494,49.8438247],[31.7284658,49.8467614],[31.7158325,49.8534356],[31.7522795,49.8933895],[31.7739912,49.89373],[31.7706049,49.9203736],[31.7952774,49.9340011],[31.8133873,49.9662075],[31.8897905,49.9624116],[31.8986255,49.9478285]]]]}},{"type":"Feature","properties":{"oblast":"cherkaska","name":"Черкаський район","match":"черкаський"},"geometry":{"type":"MultiPolygon","coordinates":[[[[32.4679855,49.3279285],[32.4401022,49.3192262],[32.3994926,49.3347525],[32.340477,49.3834914],[32.2931411,49.3981289],[32.198278,49.3918236],[32.1547735,49.4154891],[32.1502104,49.4442985],[32.1295482,49.4639727],[32.091728,49.4768626],[32.0344377,49.4754392],[32.0446649,49.4828671],[31.9879169,49.5261546],[31.9848518,49.5188323],[31.961979,49.5221833],[31.9402667,49.5501627],[31.8718742,49.5514079],[31.8228284,49.5727875],[31.781636,49.6050956],[31.7870298,49.6133378],[31.7788235,49.6263204],[31.6520743,49.6419408],[31.6402963,49.6514958],[31.6898865,49.6968361],[31.6767238,49.7082721],[31.6855483,49.7113123],[31.7004072,49.7507673],[31.6908377,49.7474058],[31.683868,49.7583273],[31.7183247,49.7572264],[31.7199635,49.7756555],[31.693417,49.7757247],[31.6927841,49.7900193],[31.7034486,49.7916123],[31.7078494,49.8438247],[31.7284658,49.8467614],[31.6147053,49.8569405],[31.6126244,49.9061663],[31.580868,49.9067395],[31.5566061,49.8747815],[31.5159386,49.8698156],[31.5144709,49.8472558],[31.5012307,49.8438124],[31.4966245,49.8598803],[31.4766956,49.860025],[31.470182,49.8736072],[31.445496,49.8767706],[31.4340793,49.891807],[31.4249519,49.9360291],[31.4450977,49.9742026],[31.4220717,49.9896468],[31.3306774,49.9893223],[31.2894858,49.9773801],[31.2887527,49.9704988],[31.3053076,49.9725584],[31.2887594,49.9523762],[31.3124433,49.9635546],[31.3342496,49.9558173],[31.3475202,49.949126],[31.3342738,49.9359058],[31.3801579,49.907259],[31.3657765,49.8960217],[31.3104236,49.8918663],[31.2606901,49.8580382],[31.2471344,49.8680329],[31.2078722,49.852244],[31.2210363,49.8323358],[31.1897813,49.7902733],[31.2165089,49.7767907],[31.2049242,49.7571895],[31.2168632,49.7390204],[31.2099231,49.7375191],[31.2220092,49.7331515],[31.1963758,49.7015808],[31.2172779,49.6946845],[31.2114587,49.6862786],[31.2014254,49.6910887],[31.2021129,49.6752013],[31.1356301,49.6037246],[31.128754,49.5838776],[31.1526976,49.5806129],[31.1397284,49.5720405],[31.1538449,49.5554094],[31.1090576,49.5571479],[31.0974331,49.5429237],[31.1049389,49.5316578],[31.0928602,49.5160535],[31.0952193,49.4975055],[31.0626599,49.4815789],[31.088606,49.4862541],[31.1126875,49.4739396],[31.1204035,49.4485547],[31.1428316,49.4445948],[31.129462,49.4290513],[31.1346334,49.4244202],[31.1470789,49.4278292],[31.1808266,49.4128819],[31.2159346,49.417826],[31.2240222,49.4127504],[31.2173371,49.3952839],[31.1923378,49.3956089],[31.2419258,49.3955005],[31.2469419,49.3851177],[31.2649063,49.3894203],[31.2672068,49.4001665],[31.2858872,49.3938164],[31.2745824,49.4076802],[31.284418,49.4125745],[31.3029464,49.4143063],[31.3110246,49.4053912],[31.3309292,49.4153303],[31.3262709,49.4335368],[31.3611272,49.4334012],[31.3701939,49.4423283],[31.3641297,49.4329794],[31.3321427,49.4250854],[31.4026526,49.4099676],[31.4166001,49.3975545],[31.4231145,49.3544639],[31.4048756,49.3347719],[31.3823004,49.3278963],[31.3341261,49.3602652],[31.3116561,49.3594438],[31.3043511,49.3326755],[31.2812085,49.3269275],[31.2910018,49.3145407],[31.2817651,49.2974815],[31.2897003,49.2871041],[31.2833218,49.2617441],[31.3016895,49.2625703],[31.3066824,49.2416929],[31.3586121,49.2159662],[31.3934752,49.2101141],[31.3932775,49.2016842],[31.4620485,49.1976818],[31.4825738,49.1619736],[31.5012711,49.1571816],[31.5108749,49.1411894],[31.5372406,49.1412319],[31.5299505,49.1255854],[31.6206585,49.1017428],[31.617313,49.0667291],[31.6333852,49.0081131],[31.6258792,49.007236],[31.6243217,48.9719409],[31.6623429,48.9610803],[31.6777168,48.946317],[31.6966983,48.9639664],[31.6931985,48.9760351],[31.7256323,48.986366],[31.7179021,48.9690707],[31.7296162,48.9545189],[31.7450696,48.9622892],[31.7707521,48.9352864],[31.8052944,48.9496396],[31.8218939,48.9366646],[31.9182295,48.9062642],[31.9121811,48.8870183],[31.9212745,48.8801156],[31.9543801,48.9103912],[32.0066529,48.913153],[32.0265394,48.9308372],[32.0489901,48.9163586],[32.093307,48.9189018],[32.0863366,48.904873],[32.1460206,48.9122758],[32.1535862,48.9446819],[32.131103,48.9513113],[32.1346735,48.966203],[32.1777507,48.972709],[32.1875691,48.9957845],[32.2181005,48.9868267],[32.233714,49.0594719],[32.2621929,49.0589202],[32.2599789,49.078198],[32.2826144,49.0845548],[32.2982625,49.073395],[32.3148796,49.0812031],[32.3654377,49.0719301],[32.3757518,49.0500926],[32.3708537,49.0385481],[32.3970497,49.0262164],[32.4172909,49.0279222],[32.4428274,49.0525972],[32.4524301,49.0386296],[32.4757196,49.0335256],[32.4654874,49.0317183],[32.4711945,49.0096828],[32.497842,49.0123932],[32.5215471,48.9388939],[32.5517534,48.9418492],[32.5390454,48.9670191],[32.5781205,48.9589937],[32.5821135,48.9508087],[32.60781,48.9646045],[32.6116197,48.9536051],[32.653406,48.953315],[32.6798419,48.9573442],[32.6702729,48.9804895],[32.6758347,48.9858251],[32.6959547,48.9829742],[32.6980543,48.9743141],[32.7271376,48.9772128],[32.7333299,48.9648233],[32.7974636,48.9710984],[32.8454602,48.980692],[32.8435481,48.9903099],[32.8739558,48.9923909],[32.8453572,49.0124229],[32.8280061,49.0107256],[32.8427046,49.0281641],[32.8293519,49.0747718],[32.8144669,49.0753207],[32.8961836,49.0948475],[32.8904096,49.1265557],[32.7771948,49.1420693],[32.7619643,49.1509082],[32.757271,49.1668461],[32.8591216,49.2447143],[32.8154952,49.2488307],[32.7639544,49.2328622],[32.7139514,49.2573496],[32.6582553,49.2474528],[32.6342307,49.2600047],[32.6103095,49.2534942],[32.5966003,49.2759056],[32.4679855,49.3279285]]]]}},{"type":"Feature","properties":{"oblast":"cherkaska","name":"Уманський район","match":"уманський"},"geometry":{"type":"MultiPolygon","coordinates":[[[[30.4157838,49.211887],[30.3913661,49.2118144],[30.3979787,49.2079863],[30.3940142,49.1922887],[30.4760716,49.1819762],[30.47862,49.1421976],[30.5602217,49.1554379],[30.5681089,49.1426894],[30.536868,49.0876694],[30.5533218,49.0826242],[30.5423033,49.0768036],[30.547936,49.064419],[30.5346161,49.0384377],[30.5562293,49.0337954],[30.5612873,49.016545],[30.543564,48.9944987],[30.5142313,48.9872334],[30.5196295,48.974128],[30.4876958,48.9638618],[30.4773623,48.948028],[30.4874889,48.9446861],[30.4687299,48.9341966],[30.4802915,48.9343494],[30.4724978,48.9178617],[30.4822858,48.9147196],[30.4597976,48.9144139],[30.4461724,48.8955628],[30.4604847,48.8726987],[30.4771837,48.8719774],[30.4744929,48.8787476],[30.5372545,48.8537277],[30.478911,48.8206708],[30.4749666,48.8154364],[30.4882709,48.8085394],[30.4669674,48.7861096],[30.531945,48.7432369],[30.5257538,48.7406432],[30.5436911,48.7247739],[30.5597305,48.7322636],[30.6110338,48.6977707],[30.5986247,48.6630861],[30.5516312,48.6540717],[30.5294597,48.6277714],[30.5708909,48.6057062],[30.557694,48.5955285],[30.5678629,48.5913782],[30.5665508,48.5672257],[30.4735449,48.5654117],[30.4528743,48.5832993],[30.4029125,48.573874],[30.3864863,48.5270213],[30.2547893,48.5054099],[30.2561097,48.4890708],[30.2205295,48.4798243],[30.1626455,48.5035196],[30.1516387,48.4967953],[30.1558122,48.4859421],[30.1446295,48.4727048],[30.1129643,48.452028],[30.0871951,48.4578148],[30.0498295,48.4827495],[29.961448,48.4727422],[29.9666088,48.4915601],[30.0006166,48.4921663],[30.0064708,48.5134516],[29.9907057,48.5142782],[29.9931176,48.5199507],[30.0207736,48.5192342],[30.0201127,48.5394929],[30.0033598,48.5517267],[30.0059271,48.5731875],[29.9564815,48.5838601],[29.947866,48.5943884],[29.951217,48.6087592],[29.9898385,48.6136769],[29.992721,48.632116],[29.9776984,48.6351719],[29.9562911,48.6586231],[29.9447613,48.6576782],[29.9468584,48.6699179],[29.9172502,48.6715542],[29.8726742,48.7027786],[29.8609142,48.6995937],[29.8655972,48.708095],[29.8560775,48.7138548],[29.867617,48.7345967],[29.8844077,48.7371126],[29.8596275,48.7585472],[29.8665526,48.7632659],[29.7658627,48.7862224],[29.7615052,48.8471323],[29.7317092,48.8545668],[29.7272934,48.8860132],[29.7094765,48.8975353],[29.7356332,48.9081989],[29.6870676,48.9121743],[29.6519968,48.9368946],[29.6607474,48.9483976],[29.6520649,48.9598535],[29.6958259,49.0005433],[29.6835683,49.0063323],[29.6906716,49.0122108],[29.6824502,49.0134756],[29.6847613,49.0269781],[29.6392842,49.0117825],[29.6060329,49.0566111],[29.6304694,49.0470942],[29.6414653,49.0568504],[29.6343302,49.0608127],[29.6505051,49.0966755],[29.687158,49.088799],[29.6780629,49.1122603],[29.7335589,49.1228607],[29.7120053,49.1423313],[29.7259191,49.202913],[29.7106308,49.2071472],[29.7041132,49.2253239],[29.7541296,49.2268784],[29.7274707,49.2081191],[29.7603021,49.1796938],[29.8828813,49.1860685],[29.8768783,49.2002662],[29.89762,49.204817],[29.9322729,49.2485713],[29.9555578,49.2521576],[29.9570596,49.2855928],[29.9444634,49.3016651],[29.9471051,49.3121575],[29.9600052,49.306448],[30.0074222,49.315131],[30.0104183,49.3278677],[30.0264808,49.3343837],[30.0707372,49.3251751],[30.0862313,49.3125307],[30.0889081,49.2851361],[30.1123291,49.2703198],[30.1233349,49.289004],[30.1071414,49.3029173],[30.1322713,49.3138051],[30.1366196,49.3313415],[30.1485362,49.3349767],[30.1489006,49.3267419],[30.2004215,49.328162],[30.1897437,49.2750853],[30.3665146,49.2552051],[30.3644795,49.244874],[30.3758619,49.2364118],[30.3978314,49.3034262],[30.4389002,49.3016492],[30.4654465,49.2897251],[30.4587404,49.2743133],[30.5148994,49.2533539],[30.494685,49.2001051],[30.4157838,49.211887]]]]}},{"type":"Feature","properties":{"oblast":"cherkaska","name":"Звенигородський район","match":"звенигородський"},"geometry":{"type":"MultiPolygon","coordinates":[[[[31.5357451,49.1420408],[31.5299505,49.1255854],[31.6206585,49.1017428],[31.617313,49.0667291],[31.6333852,49.0081131],[31.6258792,49.007236],[31.6243217,48.9719409],[31.6623429,48.9610803],[31.6777168,48.946317],[31.6966983,48.9639664],[31.6931985,48.9760351],[31.7256323,48.986366],[31.7191362,48.9626039],[31.7296162,48.9545189],[31.7450696,48.9622892],[31.7699499,48.9357686],[31.7510646,48.9260483],[31.6984618,48.9309838],[31.6895238,48.896414],[31.6402658,48.9003338],[31.6389044,48.9080341],[31.6022122,48.9025304],[31.5988664,48.8925613],[31.5806873,48.8878597],[31.5948138,48.9061767],[31.5817229,48.9126803],[31.5668778,48.8999202],[31.5771922,48.8966862],[31.5686242,48.891579],[31.5820052,48.8751823],[31.5591544,48.8630892],[31.5670634,48.8571708],[31.5544264,48.8370091],[31.5588747,48.8286888],[31.5270627,48.8162548],[31.5281476,48.8042489],[31.4679877,48.7886051],[31.4227572,48.7637019],[31.4360105,48.7538411],[31.4242609,48.7429466],[31.4124087,48.7564507],[31.4046604,48.7393386],[31.3914791,48.7359163],[31.3970027,48.748247],[31.3874309,48.7426266],[31.3845141,48.7282351],[31.3575616,48.7417632],[31.3537199,48.7274823],[31.3302501,48.725715],[31.31913,48.7309551],[31.3096534,48.7587218],[31.2614788,48.748442],[31.2495947,48.7665164],[31.2161016,48.7684628],[31.2134341,48.7571519],[31.1748318,48.7618039],[31.1522957,48.7397776],[31.1425811,48.746803],[31.130323,48.7366444],[31.1222359,48.740906],[31.1136494,48.7276793],[31.1007848,48.7397858],[31.0865405,48.7316426],[31.068901,48.7368916],[31.0588005,48.7543762],[31.0381146,48.7605407],[30.9664304,48.7611641],[30.9502532,48.7715761],[30.9416307,48.7713704],[30.9456166,48.7589696],[30.9015335,48.7615647],[30.8974835,48.7464948],[30.8819503,48.7438564],[30.83222,48.7496621],[30.8114254,48.7694825],[30.8038131,48.7568991],[30.7530995,48.7701335],[30.7511208,48.7608508],[30.6981482,48.7673974],[30.6369926,48.7518962],[30.6353503,48.7390394],[30.6219367,48.7397752],[30.6091075,48.7191185],[30.5760029,48.7208391],[30.5597305,48.7322636],[30.5436911,48.7247739],[30.5257538,48.7406432],[30.531945,48.7432369],[30.4669674,48.7861096],[30.4882709,48.8085394],[30.4749666,48.8154364],[30.478911,48.8206708],[30.5372545,48.8537277],[30.4744929,48.8787476],[30.4771837,48.8719774],[30.4604847,48.8726987],[30.4461724,48.8955628],[30.4597976,48.9144139],[30.4822858,48.9147196],[30.4724978,48.9178617],[30.4802915,48.9343494],[30.4687299,48.9341966],[30.4874889,48.9446861],[30.4773623,48.948028],[30.4876958,48.9638618],[30.5196295,48.974128],[30.5142313,48.9872334],[30.543564,48.9944987],[30.5612873,49.016545],[30.5562293,49.0337954],[30.5346161,49.0384377],[30.547936,49.064419],[30.5423033,49.0768036],[30.5533218,49.0826242],[30.536868,49.0876694],[30.5681089,49.1426894],[30.5602217,49.1554379],[30.47862,49.1421976],[30.4760716,49.1819762],[30.3940142,49.1922887],[30.3979787,49.2079863],[30.3913661,49.2118144],[30.494685,49.2001051],[30.5148994,49.2533539],[30.4587404,49.2743133],[30.4654465,49.2897251],[30.4211241,49.3023807],[30.4139106,49.3304444],[30.4418395,49.3354518],[30.4378206,49.3523309],[30.4491676,49.3577443],[30.4734596,49.3650013],[30.5155778,49.3277695],[30.5473941,49.3266149],[30.5455247,49.3362077],[30.5671084,49.3525475],[30.5835476,49.3496934],[30.6071149,49.3703037],[30.6391177,49.356096],[30.6604318,49.360501],[30.7287195,49.3318835],[30.749575,49.3450585],[30.778555,49.3436579],[30.7999469,49.3539619],[30.9090149,49.3586178],[30.9366605,49.3946432],[30.9370145,49.4068039],[30.9210956,49.4155958],[30.9936963,49.4224733],[31.0066611,49.4311072],[31.0051973,49.4510044],[31.0292932,49.4717513],[31.0330424,49.4583069],[31.043914,49.4572739],[31.0401186,49.4737679],[31.088606,49.4862541],[31.1126875,49.4739396],[31.1204035,49.4485547],[31.1428316,49.4445948],[31.129462,49.4290513],[31.1341881,49.424654],[31.1470789,49.4278292],[31.1808266,49.4128819],[31.2159346,49.417826],[31.2240222,49.4127504],[31.2173371,49.3952839],[31.1923378,49.3956089],[31.2419258,49.3955005],[31.2469419,49.3851177],[31.2649063,49.3894203],[31.2672068,49.4001665],[31.2858872,49.3938164],[31.2745824,49.4076802],[31.284418,49.4125745],[31.3029464,49.4143063],[31.3110246,49.4053912],[31.3309292,49.4153303],[31.3262709,49.4335368],[31.3611272,49.4334012],[31.3701939,49.4423283],[31.3641297,49.4329794],[31.3321427,49.4250854],[31.4026526,49.4099676],[31.4166001,49.3975545],[31.4231145,49.3544639],[31.4048756,49.3347719],[31.3823004,49.3278963],[31.3341261,49.3602652],[31.3116561,49.3594438],[31.3043511,49.3326755],[31.2812085,49.3269275],[31.2910018,49.3145407],[31.2817651,49.2974815],[31.2897003,49.2871041],[31.2833218,49.2617441],[31.3016895,49.2625703],[31.3066824,49.2416929],[31.3586121,49.2159662],[31.3934752,49.2101141],[31.3932775,49.2016842],[31.4620485,49.1976818],[31.4825738,49.1619736],[31.5012711,49.1571816],[31.5108749,49.1411894],[31.5357451,49.1420408]]]]}},{"type":"Feature","properties":{"oblast":"chernivetska","name":"Дністровський район","match":"дністровський"},"geometry":{"type":"MultiPolygon","coordinates":[[[[26.9894054,48.5875577],[26.997056,48.5733134],[27.0886159,48.5572887],[27.1704037,48.5831026],[27.245215,48.5676683],[27.2597224,48.5800799],[27.2441684,48.6077313],[27.2571263,48.622633],[27.2830002,48.6210129],[27.3196547,48.6016377],[27.3380935,48.6072203],[27.3528912,48.628638],[27.38634,48.6266189],[27.4349854,48.6086671],[27.4572321,48.5895453],[27.4823824,48.5367469],[27.4786202,48.5068476],[27.508632,48.4766374],[27.5342699,48.4701365],[27.4665942,48.4486194],[27.4467703,48.4090508],[27.3838606,48.4106012],[27.3735195,48.4417261],[27.353253,48.4491006],[27.3535163,48.4404983],[27.3387103,48.4478858],[27.3374949,48.440993],[27.3197236,48.443607],[27.2862145,48.3715596],[27.2637695,48.3803636],[27.2356588,48.3729901],[27.2131473,48.3911],[27.1923268,48.3948664],[27.1610885,48.3788056],[27.1241493,48.3790862],[27.0874478,48.4129101],[27.0847731,48.4346715],[27.0691701,48.4324399],[27.0622567,48.4213209],[27.0144051,48.4250712],[27.0400388,48.4108484],[27.0466814,48.376389],[27.0048539,48.3803362],[26.9952994,48.3594554],[26.9310092,48.3722157],[26.9317618,48.3633256],[26.8946036,48.383582],[26.9013109,48.3969812],[26.8705953,48.4201932],[26.8515028,48.4131842],[26.7752709,48.4184228],[26.7536604,48.3989351],[26.7203297,48.4104595],[26.7092074,48.4053958],[26.7649204,48.3536858],[26.8241215,48.3444234],[26.8257178,48.3040343],[26.7945721,48.2911997],[26.7669404,48.3023602],[26.7577333,48.323687],[26.7367701,48.312917],[26.6945327,48.3599461],[26.6826272,48.355569],[26.695942,48.3272072],[26.6756376,48.3248599],[26.6164054,48.2741528],[26.6296899,48.247633],[26.6167831,48.2526053],[26.6225784,48.2411799],[26.6003094,48.2378599],[26.5864384,48.2464592],[26.5688951,48.2324059],[26.5720032,48.2194056],[26.5496311,48.2253254],[26.550345,48.2166076],[26.5300256,48.2098488],[26.517705,48.2518784],[26.4857143,48.2890826],[26.4844215,48.297113],[26.4968213,48.2924538],[26.4638487,48.3471363],[26.4177141,48.3572324],[26.4036736,48.3323176],[26.3909975,48.3302597],[26.3918906,48.3624583],[26.3575771,48.3492102],[26.3191277,48.3656098],[26.2985766,48.3501424],[26.2625492,48.3651331],[26.244856,48.3360736],[26.2104989,48.3351759],[26.2052089,48.3466067],[26.2265781,48.3562989],[26.2078911,48.3718954],[26.225393,48.3850852],[26.1630768,48.4418638],[26.1041607,48.470774],[26.0791719,48.4646954],[26.0556596,48.4991683],[26.0695188,48.4985237],[26.0847133,48.4744772],[26.1140996,48.482898],[26.0946751,48.5214545],[26.1207569,48.5373484],[26.1167964,48.5445055],[26.127576,48.5561118],[26.0959491,48.599541],[26.1002834,48.6139005],[26.1146351,48.6199379],[26.1445912,48.5982311],[26.1473288,48.5451266],[26.1686714,48.5283177],[26.1995994,48.5257937],[26.267827,48.5399626],[26.299579,48.5098725],[26.3246539,48.5168075],[26.3548899,48.5074845],[26.3920833,48.5349216],[26.4820524,48.5465608],[26.5544143,48.4582523],[26.5944457,48.451119],[26.6258571,48.4640453],[26.6076046,48.49692],[26.6124994,48.5066983],[26.6302827,48.5075375],[26.668757,48.4856772],[26.7126767,48.4936806],[26.6717752,48.540499],[26.620873,48.5394585],[26.6192394,48.5511806],[26.6339591,48.5604825],[26.6614707,48.5600098],[26.7211713,48.5313681],[26.7400357,48.5400816],[26.7431053,48.5559763],[26.7215505,48.5863185],[26.7437788,48.5828963],[26.7599136,48.5507753],[26.7798538,48.5477931],[26.7945468,48.5674888],[26.780013,48.597116],[26.8120636,48.6103232],[26.8237902,48.6058418],[26.8202188,48.5817247],[26.8361456,48.5627215],[26.8792962,48.5424713],[26.9029463,48.5500923],[26.9250667,48.5770165],[26.9627356,48.5757407],[26.9770896,48.5907394],[26.9894054,48.5875577]]]]}},{"type":"Feature","properties":{"oblast":"chernivetska","name":"Чернівецький район","match":"чернівецький"},"geometry":{"type":"MultiPolygon","coordinates":[[[[26.333738,48.1851019],[26.34751,48.1827292],[26.3503575,48.191621],[26.3613939,48.1852452],[26.3771202,48.1988728],[26.3863882,48.194303],[26.3814783,48.1869333],[26.4045598,48.1894439],[26.4229542,48.2021861],[26.4604699,48.2078531],[26.4608395,48.2158195],[26.5239359,48.2136967],[26.517705,48.2518784],[26.4857143,48.2890826],[26.4844215,48.297113],[26.4968213,48.2924538],[26.4732715,48.3331717],[26.4638487,48.3471363],[26.4177141,48.3572324],[26.4036736,48.3323176],[26.3909975,48.3302597],[26.3918906,48.3624583],[26.3575771,48.3492102],[26.3191277,48.3656098],[26.2985766,48.3501424],[26.2625492,48.3651331],[26.244856,48.3360736],[26.2104989,48.3351759],[26.2052089,48.3466067],[26.2265781,48.3562989],[26.2078911,48.3718954],[26.225393,48.3850852],[26.1630768,48.4418638],[26.1041607,48.470774],[26.0791719,48.4646954],[26.0556596,48.4991683],[26.0695188,48.4985237],[26.0847133,48.4744772],[26.1140996,48.482898],[26.0946751,48.5214545],[26.1222535,48.5399502],[26.0908638,48.5391504],[26.0443174,48.5852662],[26.0658521,48.607129],[26.0562708,48.6457286],[26.0342825,48.6462191],[26.0209667,48.6103153],[25.9752205,48.6208758],[25.9337812,48.5910202],[25.9090353,48.5868944],[25.875022,48.5998855],[25.8490802,48.5970976],[25.8550574,48.6196617],[25.799178,48.6706572],[25.7666417,48.6701162],[25.7379572,48.6332455],[25.7111769,48.6633446],[25.6392306,48.6700511],[25.5854266,48.6349009],[25.5873761,48.5898956],[25.6018487,48.5706193],[25.5998424,48.5429815],[25.6092023,48.5270566],[25.5980086,48.4731629],[25.606198,48.4654868],[25.6100079,48.425988],[25.5988258,48.4131926],[25.6203712,48.4133307],[25.6149298,48.391167],[25.621779,48.3787492],[25.6634075,48.3583318],[25.6642932,48.3473117],[25.6486881,48.3344787],[25.6597388,48.323187],[25.613122,48.2982193],[25.5967176,48.2543483],[25.5870831,48.2612164],[25.5602127,48.2516694],[25.520339,48.2655553],[25.5144596,48.2500656],[25.4897779,48.2562985],[25.4789171,48.2499264],[25.468964,48.2055491],[25.4600247,48.1992436],[25.4653054,48.1894332],[25.4529029,48.1791325],[25.4666197,48.1624859],[25.4684275,48.1167328],[25.421,48.1231793],[25.3870171,48.1161312],[25.3665304,48.100084],[25.3773022,48.0943086],[25.376358,48.0764804],[25.3455636,48.0524125],[25.3365619,48.0562394],[25.3260699,48.0388583],[25.362027,48.0188479],[25.3658196,48.0086322],[25.3513679,47.9742948],[25.4426795,47.9261766],[25.6434762,47.9496207],[25.7749863,47.9394492],[25.8377542,47.967152],[25.90698,47.9645428],[25.9149992,47.9775177],[25.9521796,47.970923],[26.0611312,47.9880243],[26.1009704,47.978256],[26.1941144,48.0021195],[26.212258,48.0508927],[26.2667366,48.0766675],[26.2981526,48.1337288],[26.3341734,48.1594944],[26.3277673,48.1759714],[26.333738,48.1851019]]]]}},{"type":"Feature","properties":{"oblast":"chernivetska","name":"Вижницький район","match":"вижницький"},"geometry":{"type":"MultiPolygon","coordinates":[[[[25.4275568,47.952361],[25.4169554,47.9640023],[25.4461101,47.937399],[25.4275568,47.952361]]],[[[24.9900663,47.8571455],[24.9447709,47.8970207],[24.9611632,47.9038771],[24.9570501,47.9199513],[24.9189622,47.9472274],[24.9292311,47.9535254],[24.9145803,47.9685915],[24.9084716,47.9963655],[24.9204861,48.0097643],[24.9114365,48.0266822],[24.9945237,48.0870843],[24.9814379,48.1129743],[24.999524,48.1201098],[25.0350616,48.1110668],[25.0400084,48.1283945],[25.0669265,48.1322425],[25.0669248,48.1573074],[25.093396,48.162235],[25.0821403,48.1728586],[25.0897515,48.1824271],[25.1375377,48.1815034],[25.1397797,48.1949988],[25.1158045,48.2076869],[25.1195365,48.2176021],[25.1065309,48.2252418],[25.1448531,48.2466626],[25.1811111,48.2472468],[25.2331487,48.2919269],[25.2437872,48.3151571],[25.2753407,48.3280414],[25.314749,48.3671382],[25.3823647,48.3924785],[25.4364905,48.3944209],[25.4441455,48.4033607],[25.5104775,48.4001984],[25.5605292,48.3798629],[25.6165606,48.3810636],[25.6634075,48.3583318],[25.6642932,48.3473117],[25.6486881,48.3344787],[25.6597388,48.323187],[25.613122,48.2982193],[25.5967176,48.2543483],[25.5870831,48.2612164],[25.5602127,48.2516694],[25.520339,48.2655553],[25.5144596,48.2500656],[25.4897779,48.2562985],[25.4789171,48.2499264],[25.468964,48.2055491],[25.4600247,48.1992436],[25.4653054,48.1894332],[25.4529029,48.1791325],[25.4666197,48.1624859],[25.4684275,48.1167328],[25.421,48.1231793],[25.3870171,48.1161312],[25.3665304,48.100084],[25.3773022,48.0943086],[25.376358,48.0764804],[25.3267287,48.0431409],[25.3658196,48.0086322],[25.3513679,47.9742948],[25.4426795,47.9261766],[25.3111278,47.9142923],[25.269772,47.8923136],[25.2369507,47.8957441],[25.2218716,47.8829995],[25.2220145,47.8588223],[25.2000533,47.8493706],[25.2025062,47.8395195],[25.1669242,47.8088825],[25.1677575,47.7924623],[25.1346144,47.7824202],[25.1162918,47.7681338],[25.1155779,47.7548305],[25.0647477,47.7404762],[25.0545917,47.7458329],[25.0397492,47.725341],[25.0072907,47.7343963],[24.9966627,47.7251493],[24.9225267,47.7267662],[24.9449144,47.7908005],[24.9843319,47.8289644],[24.9974154,47.8554449],[24.9900663,47.8571455]]]]}},{"type":"Feature","properties":{"oblast":"chernihivska","name":"Чернігівський район","match":"чернігівський"},"geometry":{"type":"MultiPolygon","coordinates":[[[[30.8044958,51.9061241],[30.7935121,51.8971606],[30.7496733,51.9035841],[30.739612,51.8838458],[30.7068876,51.8684611],[30.6946268,51.8374584],[30.6539747,51.8262414],[30.6712151,51.8025959],[30.6697608,51.7911117],[30.6551785,51.784511],[30.6562309,51.773354],[30.6322022,51.77621],[30.6124871,51.7638582],[30.6512089,51.7600271],[30.6247539,51.7319445],[30.6251268,51.7135766],[30.5628435,51.7066157],[30.574873,51.6843926],[30.5644154,51.6626536],[30.5305723,51.6774941],[30.5185989,51.6711468],[30.5186204,51.6630818],[30.535293,51.6583565],[30.5093192,51.6267791],[30.5354607,51.6221635],[30.5339105,51.6124741],[30.5566802,51.6050672],[30.5061725,51.598898],[30.5284953,51.5829377],[30.5537348,51.5788656],[30.5267627,51.5695835],[30.5457168,51.5416335],[30.5710459,51.5527665],[30.582354,51.5482699],[30.5861896,51.5395357],[30.5683495,51.5114437],[30.5855352,51.4988749],[30.5929935,51.4763726],[30.6226945,51.4661865],[30.5790818,51.4464516],[30.5921066,51.4238616],[30.622327,51.4284466],[30.6556975,51.376181],[30.634861,51.3591804],[30.6567478,51.3431793],[30.5936021,51.3118422],[30.6138676,51.3078666],[30.602972,51.3007806],[30.6224897,51.3046774],[30.6134908,51.2835798],[30.5386247,51.2626864],[30.55521,51.25036],[30.5584102,51.2325523],[30.525863,51.2361024],[30.5052221,51.2268152],[30.5307169,51.2020707],[30.5172111,51.1871458],[30.5410278,51.179703],[30.4998903,51.1751745],[30.4904982,51.1651396],[30.4949523,51.1322373],[30.5171738,51.11126],[30.4820663,51.0916468],[30.5101463,51.0737357],[30.4928407,51.0453164],[30.4993132,51.0191359],[30.6008304,51.0274558],[30.6031996,51.0096116],[30.6418688,51.0025142],[30.6445419,50.9638852],[30.6842175,50.9018553],[30.73268,50.895138],[30.7716823,50.8743762],[30.7766964,50.8313478],[30.7646757,50.8257135],[30.7703025,50.8174222],[30.7609418,50.8104277],[30.7369515,50.8161654],[30.7473934,50.7917896],[30.7352109,50.7834182],[30.7399619,50.7713411],[30.7676767,50.7797781],[30.8367936,50.764028],[30.848247,50.7824361],[30.8705477,50.7861293],[30.8459966,50.7766864],[30.8386384,50.7581255],[30.845122,50.7540378],[30.83146,50.7543015],[30.8375287,50.7439509],[30.864333,50.7445464],[30.8753499,50.7465891],[30.8771783,50.7684085],[30.8893744,50.7736991],[30.892164,50.7658879],[30.9507331,50.7570055],[31.0695375,50.7647947],[31.0786594,50.7807993],[31.1268068,50.7744043],[31.1215943,50.7499831],[31.1490123,50.7377571],[31.2022768,50.7341261],[31.2105555,50.7488013],[31.2404827,50.7515831],[31.1864475,50.79201],[31.2172672,50.8099966],[31.2492564,50.8129073],[31.2905404,50.8568813],[31.318432,50.8658495],[31.2994663,50.8689427],[31.3004216,50.8997163],[31.3158157,50.9027127],[31.3026922,50.9082787],[31.3194999,50.9275218],[31.3555225,50.9312172],[31.3425097,50.9459609],[31.3163605,50.9519232],[31.3387503,50.9569962],[31.3591625,50.9824163],[31.3727846,50.9833633],[31.2681107,51.0279968],[31.317296,51.044604],[31.2792135,51.0715073],[31.2935059,51.0720715],[31.2932509,51.0859959],[31.313925,51.088964],[31.3161183,51.1031546],[31.3422346,51.1015817],[31.3376681,51.0924051],[31.3807127,51.0984492],[31.3895324,51.1045687],[31.3890099,51.1214146],[31.4234528,51.1252896],[31.4144056,51.1334205],[31.4301724,51.1433611],[31.4405852,51.1776553],[31.5251088,51.1905874],[31.5237316,51.1996216],[31.4902231,51.2034622],[31.4970309,51.2151977],[31.5269975,51.2197366],[31.5437852,51.2333449],[31.6224769,51.242476],[31.6594868,51.2250149],[31.7153435,51.2458069],[31.7327248,51.238227],[31.7411036,51.2495551],[31.8166323,51.2304676],[31.8480773,51.2323846],[31.8387258,51.2380983],[31.8504811,51.2444855],[31.8761507,51.2352307],[31.8995323,51.2645084],[31.9099786,51.2623271],[31.9263842,51.2925082],[31.9499775,51.2898554],[31.9612043,51.298602],[31.9817866,51.2923529],[31.991523,51.3001635],[31.9849672,51.3120418],[32.0285426,51.3259824],[31.9874662,51.353528],[31.997735,51.3676444],[31.9843503,51.3677571],[31.9718091,51.3481631],[31.9644995,51.3633549],[31.8913782,51.369895],[31.8793721,51.3917557],[31.8563624,51.4035556],[31.8565576,51.4132607],[31.8313007,51.4231743],[31.8250016,51.4164948],[31.8176983,51.4299574],[31.8389153,51.4456893],[31.8211484,51.479071],[31.8338209,51.4951179],[31.8165816,51.5046282],[31.8496586,51.5051516],[31.8461547,51.5406444],[31.8639546,51.5725381],[31.8815443,51.5806822],[31.8780104,51.6086717],[31.8565881,51.6233714],[31.8052942,51.6293673],[31.8091589,51.6551383],[31.787628,51.6687969],[31.7934374,51.6862173],[31.7781038,51.7117523],[31.7809506,51.7295537],[31.7518729,51.7229821],[31.7325249,51.7295289],[31.7592727,51.7443091],[31.6518326,51.7803676],[31.6580653,51.7932095],[31.6742374,51.7916569],[31.635828,51.8095173],[31.6358865,51.8249854],[31.6582589,51.8211809],[31.6944624,51.8691982],[31.6623433,51.8827826],[31.6743705,51.896645],[31.6630455,51.9005597],[31.6925335,51.9076162],[31.7058399,51.9214135],[31.7296681,51.9182011],[31.72269,51.9125799],[31.8162823,51.9079272],[31.8056774,51.9105691],[31.7995235,51.9273621],[31.8076967,51.9411713],[31.792042,51.9412591],[31.7970743,51.9487586],[31.7825018,51.9491415],[31.7594854,51.9671076],[31.772098,51.9693515],[31.7664181,51.984388],[31.780093,51.9936526],[31.7997767,51.9937271],[31.7906785,52.0212532],[31.8020944,52.0256006],[31.7896869,52.0408661],[31.7864682,52.030418],[31.766874,52.0342113],[31.7800121,52.0379805],[31.7781211,52.0664385],[31.8100609,52.0699697],[31.8168098,52.0987173],[31.7867464,52.1121521],[31.7219383,52.0959632],[31.7141427,52.1071313],[31.6607324,52.1168551],[31.607496,52.1119775],[31.5184959,52.1252098],[31.4889981,52.1159115],[31.4640976,52.1214959],[31.4518131,52.1405468],[31.4038221,52.1427182],[31.3770668,52.1337538],[31.3874707,52.121228],[31.3251412,52.1064126],[31.3112394,52.0868154],[31.3214756,52.0827017],[31.2975208,52.051623],[31.2529956,52.0422288],[31.2193365,52.0509257],[31.2157497,52.0710624],[31.1611855,52.0779498],[31.1399176,52.1031134],[31.0983373,52.0895364],[30.9929779,52.0781807],[30.9497126,52.0896803],[30.9522131,52.075189],[30.9321556,52.0722525],[30.9487185,52.0551486],[30.9335288,52.0401011],[30.9454184,52.0262694],[30.9398515,52.0134997],[30.8955512,52.0028575],[30.8934649,51.9952642],[30.9111681,51.988605],[30.8855911,51.9850056],[30.8900136,51.9693774],[30.8589504,51.9721125],[30.8348502,51.9527102],[30.8062568,51.9477832],[30.8249802,51.9207486],[30.8044958,51.9061241]]]]}},{"type":"Feature","properties":{"oblast":"chernihivska","name":"Корюківський район","match":"корюківський"},"geometry":{"type":"MultiPolygon","coordinates":[[[[32.7138783,51.7743568],[32.7038075,51.8043421],[32.6837352,51.8146769],[32.7299214,51.8223778],[32.7126404,51.8304339],[32.7110352,51.8413805],[32.7547704,51.8361175],[32.7999283,51.8521638],[32.8652,51.8489677],[32.8632145,51.86169],[32.8280686,51.8717098],[32.802274,51.8568704],[32.813064,51.8878142],[32.7586095,51.9036521],[32.7700024,51.9175003],[32.7498175,51.9209832],[32.7527737,51.9331027],[32.6774137,51.9145771],[32.6641746,51.9006647],[32.6599873,51.9130418],[32.6301738,51.9171015],[32.6266476,51.9698655],[32.5157545,51.9651061],[32.5063132,51.988686],[32.4843405,51.9860432],[32.4659204,51.9714722],[32.4439499,51.9788349],[32.4408951,51.9977963],[32.4168554,51.981857],[32.4354184,52.00228],[32.4324001,52.0094111],[32.4196071,52.0019534],[32.4117851,52.0208946],[32.3686275,52.0392666],[32.3632481,52.0501404],[32.3833815,52.0515077],[32.3808395,52.059615],[32.2907725,52.0553146],[32.2773466,52.0590497],[32.2732331,52.0736248],[32.2182053,52.0821081],[32.1994177,52.0660926],[32.1472084,52.069143],[32.1338312,52.0439093],[32.101558,52.0456038],[32.096163,52.0336141],[31.9622326,52.0531964],[31.916576,52.0422499],[31.9283222,52.046592],[31.9184536,52.054981],[31.942696,52.0569727],[31.9606308,52.0746376],[31.8650508,52.1108179],[31.8168098,52.0987173],[31.8100609,52.0699697],[31.7781211,52.0664385],[31.7800121,52.0379805],[31.766874,52.0342113],[31.7864682,52.030418],[31.7896869,52.0408661],[31.8020944,52.0256006],[31.7906785,52.0212532],[31.7997767,51.9937271],[31.780093,51.9936526],[31.7664181,51.984388],[31.772098,51.9693515],[31.7594854,51.9671076],[31.7825018,51.9491415],[31.7970743,51.9487586],[31.792042,51.9412591],[31.8076967,51.9411713],[31.7995235,51.9273621],[31.8056774,51.9105691],[31.8162823,51.9079272],[31.72269,51.9125799],[31.7296681,51.9182011],[31.7058399,51.9214135],[31.6925335,51.9076162],[31.6630455,51.9005597],[31.6743705,51.896645],[31.6623433,51.8827826],[31.6948275,51.8714471],[31.6674554,51.8284008],[31.6582589,51.8211809],[31.6358865,51.8249854],[31.635828,51.8095173],[31.6742374,51.7916569],[31.6580653,51.7932095],[31.6518326,51.7803676],[31.7585053,51.7450501],[31.7368134,51.7371138],[31.7325249,51.7295289],[31.7442229,51.7247555],[31.7809506,51.7295537],[31.7781038,51.7117523],[31.7934374,51.6862173],[31.787628,51.6687969],[31.8091589,51.6551383],[31.8052942,51.6293673],[31.8565881,51.6233714],[31.8780104,51.6086717],[31.8815443,51.5806822],[31.8639546,51.5725381],[31.8461547,51.5406444],[31.8496586,51.5051516],[31.8165816,51.5046282],[31.8338209,51.4951179],[31.8211484,51.479071],[31.8389153,51.4456893],[31.8177545,51.425883],[31.8250016,51.4164948],[31.8313007,51.4231743],[31.8565576,51.4132607],[31.8563624,51.4035556],[31.8793721,51.3917557],[31.8905549,51.3701607],[31.9644995,51.3633549],[31.9718091,51.3481631],[31.9843503,51.3677571],[32.0064461,51.3711381],[32.0230893,51.3610992],[32.0314311,51.3798423],[32.0748833,51.3817726],[32.1226018,51.4008703],[32.2257236,51.3723451],[32.2297481,51.3915495],[32.2902731,51.4047294],[32.283119,51.4089856],[32.2929325,51.4186816],[32.3538402,51.4042219],[32.3579148,51.4184468],[32.3688425,51.4137308],[32.395003,51.4279141],[32.3862715,51.4095093],[32.4136277,51.3923077],[32.4540318,51.3881461],[32.4793944,51.3919334],[32.4839552,51.401836],[32.5193685,51.4009913],[32.5129416,51.406865],[32.5277676,51.4127546],[32.563464,51.4105885],[32.6117631,51.4258692],[32.6031664,51.4460237],[32.563178,51.4477722],[32.5555073,51.4569824],[32.5716234,51.4518343],[32.5672237,51.4606576],[32.6042412,51.4506849],[32.6341389,51.4625014],[32.6450426,51.4526705],[32.7192161,51.4407811],[32.7223202,51.455466],[32.7383691,51.4660047],[32.7331617,51.47366],[32.6864635,51.486491],[32.6741725,51.4794087],[32.677362,51.4699811],[32.6611159,51.4872695],[32.6251487,51.4836761],[32.6293226,51.4973754],[32.6124385,51.5003054],[32.6094353,51.5217817],[32.6332685,51.5231666],[32.6281738,51.5378829],[32.6535506,51.5430853],[32.6552381,51.5569784],[32.6784958,51.55079],[32.6768031,51.5420459],[32.6898538,51.5549347],[32.7580213,51.5555231],[32.7524091,51.5598395],[32.7873858,51.5768362],[32.8472365,51.570518],[32.8314336,51.5799231],[32.8355464,51.607914],[32.8193396,51.6074051],[32.8318601,51.617421],[32.8269169,51.6234541],[32.8100134,51.6128314],[32.8018895,51.6223682],[32.7465091,51.6276837],[32.764145,51.6399387],[32.7194517,51.6347564],[32.7170451,51.6665404],[32.6869939,51.6788775],[32.6834757,51.7061632],[32.6985077,51.7249653],[32.7336073,51.7219967],[32.7667004,51.7346454],[32.7494287,51.7700442],[32.7138783,51.7743568]]]]}},{"type":"Feature","properties":{"oblast":"chernihivska","name":"Новгород-Сіверський район","match":"новгород-сіверський"},"geometry":{"type":"MultiPolygon","coordinates":[[[[33.1700647,52.3420988],[33.1699082,52.3730916],[33.1886614,52.3795277],[33.306382,52.3501427],[33.3512096,52.3530933],[33.3805628,52.3716412],[33.4162211,52.3607892],[33.4128661,52.351245],[33.4287445,52.3456787],[33.4018673,52.3131851],[33.3866461,52.3156866],[33.4021306,52.3027481],[33.3863783,52.2969451],[33.3940483,52.2908647],[33.3771847,52.2754458],[33.3861691,52.2674942],[33.3649101,52.2521873],[33.3590354,52.2584295],[33.3670655,52.2327],[33.3519012,52.2200475],[33.3167933,52.2165959],[33.3314603,52.2017825],[33.3102427,52.1848036],[33.3371168,52.1616458],[33.3236877,52.1361603],[33.3419808,52.1352333],[33.3289415,52.1399382],[33.3393969,52.1469302],[33.4172931,52.1229878],[33.4101193,52.1157531],[33.4449467,52.0974218],[33.4383976,52.0878587],[33.4906554,52.0828971],[33.4997424,52.0892317],[33.5000385,52.0383243],[33.4647216,52.0385829],[33.4287238,52.0257264],[33.4105706,52.0336096],[33.4020634,52.0514256],[33.3550288,52.030613],[33.3172152,52.0318981],[33.3180037,52.0174714],[33.3044998,52.0127676],[33.3489217,51.9988243],[33.3501609,51.9838302],[33.3840714,51.9717969],[33.3942383,51.9545281],[33.3713797,51.9529473],[33.3552,51.9309872],[33.2965051,51.9345355],[33.2916044,51.9238755],[33.2647164,51.9192021],[33.2521423,51.9262684],[33.2349151,51.9092969],[33.2202013,51.9132442],[33.2208682,51.9049677],[33.2134322,51.9128952],[33.1876839,51.9124824],[33.1716477,51.9017205],[33.1799187,51.8859376],[33.1242478,51.8647029],[33.1319047,51.8561339],[33.1229039,51.8450528],[33.1445919,51.828365],[33.1468163,51.8161736],[33.1221755,51.8105333],[33.1023787,51.782063],[33.0904686,51.7852623],[33.0793571,51.7732541],[33.0919948,51.7745562],[33.1031161,51.7464158],[33.1704773,51.6996691],[33.1439005,51.6910843],[33.1660244,51.6806339],[33.1410711,51.6783168],[33.1470825,51.669351],[33.1261238,51.6448517],[33.1543778,51.6419458],[33.1545638,51.607318],[33.1919963,51.5835373],[33.2220368,51.5801704],[33.2073499,51.5701864],[33.1585447,51.5693732],[33.1572309,51.5558874],[33.1858297,51.5371817],[33.1932041,51.5137088],[33.1600991,51.4949815],[33.1363104,51.4942028],[33.1359269,51.4668886],[33.124464,51.460589],[33.1129916,51.4283593],[33.1346645,51.4166821],[33.1186199,51.4040226],[33.1353731,51.3996059],[33.1329556,51.3822418],[33.0924016,51.3900097],[33.1103863,51.3804816],[33.1077792,51.3659937],[33.0621567,51.3705287],[33.0590391,51.3837291],[33.0386172,51.3909909],[33.0565465,51.4043013],[33.0457636,51.4104297],[33.0169524,51.3960496],[33.0404979,51.368368],[33.0419772,51.3432877],[33.0625323,51.3473024],[33.0809647,51.3391678],[33.0650928,51.3254563],[33.0256714,51.3325425],[33.0136865,51.3201732],[32.9863092,51.3373302],[32.9770487,51.3303654],[32.9617309,51.3354555],[32.9683432,51.3483757],[32.9971283,51.3620591],[32.928216,51.3942991],[32.9469134,51.403024],[32.9087573,51.4098968],[32.9055796,51.3987138],[32.8995743,51.4065566],[32.9082746,51.4139641],[32.8986468,51.4196556],[32.8681033,51.4075636],[32.8480252,51.4170597],[32.8578886,51.4219561],[32.8433368,51.4204415],[32.8199906,51.4352059],[32.7459545,51.4328893],[32.7223425,51.4467811],[32.7383691,51.4660047],[32.7327488,51.4739349],[32.6864635,51.486491],[32.6741725,51.4794087],[32.677362,51.4699811],[32.6611159,51.4872695],[32.6251487,51.4836761],[32.6293226,51.4973754],[32.6156569,51.4981876],[32.6089989,51.5104248],[32.612697,51.5237544],[32.6332685,51.5231666],[32.631174,51.5417805],[32.6535506,51.5430853],[32.6552381,51.5569784],[32.6784958,51.55079],[32.6768031,51.5420459],[32.6898538,51.5549347],[32.7580213,51.5555231],[32.7524091,51.5598395],[32.7873858,51.5768362],[32.8472365,51.570518],[32.8314336,51.5799231],[32.8355464,51.607914],[32.8193396,51.6074051],[32.8318601,51.617421],[32.8269169,51.6234541],[32.8100134,51.6128314],[32.8018895,51.6223682],[32.7465091,51.6276837],[32.764145,51.6399387],[32.7194517,51.6347564],[32.7170451,51.6665404],[32.6869939,51.6788775],[32.6834757,51.7061632],[32.6985077,51.7249653],[32.7336073,51.7219967],[32.7667004,51.7346454],[32.7494287,51.7700442],[32.7138783,51.7743568],[32.7038075,51.8043421],[32.6837352,51.8146769],[32.7299214,51.8223778],[32.7126404,51.8304339],[32.7115904,51.8415959],[32.7547704,51.8361175],[32.7999283,51.8521638],[32.8652,51.8489677],[32.8624038,51.8630326],[32.8280686,51.8717098],[32.802274,51.8568704],[32.813064,51.8878142],[32.7586095,51.9036521],[32.7700024,51.9175003],[32.7498175,51.9209832],[32.7527737,51.9331027],[32.6774137,51.9145771],[32.6641746,51.9006647],[32.6599873,51.9130418],[32.6301738,51.9171015],[32.6266476,51.9698655],[32.5157545,51.9651061],[32.5063132,51.988686],[32.4843405,51.9860432],[32.4659204,51.9714722],[32.4439499,51.9788349],[32.4408951,51.9977963],[32.4168554,51.981857],[32.4354184,52.00228],[32.4324001,52.0094111],[32.4196071,52.0019534],[32.4117851,52.0208946],[32.3686275,52.0392666],[32.3632481,52.0501404],[32.3833815,52.0515077],[32.3840383,52.0584428],[32.2907725,52.0553146],[32.2773466,52.0590497],[32.2732331,52.0736248],[32.2219254,52.0850393],[32.2787652,52.0977424],[32.298287,52.1113019],[32.2941989,52.1205932],[32.3179606,52.1223833],[32.3203575,52.1366185],[32.3679031,52.1464958],[32.3653579,52.1560117],[32.3238261,52.151584],[32.3471832,52.183356],[32.3243952,52.2237281],[32.3467487,52.2446591],[32.3616027,52.2388023],[32.4016711,52.2477934],[32.3830765,52.2699662],[32.3933628,52.2783708],[32.3694938,52.2769562],[32.3516706,52.3165226],[32.3561981,52.3282681],[32.3765977,52.3375688],[32.4056661,52.3370763],[32.4340305,52.3217322],[32.4603161,52.3268846],[32.4893939,52.3145394],[32.5017113,52.327295],[32.5501969,52.3268633],[32.5772341,52.3002509],[32.6078618,52.3047493],[32.685125,52.2663072],[32.700678,52.2479477],[32.7548093,52.2672431],[32.7629371,52.2565771],[32.7969083,52.2653971],[32.8170525,52.258938],[32.8335132,52.2792573],[32.884535,52.2740333],[32.8798172,52.2591646],[32.8873384,52.245358],[32.9009789,52.24527],[32.9615271,52.2736295],[32.9959836,52.2724638],[32.9965007,52.2880058],[33.0447582,52.307877],[33.0595726,52.3307695],[33.0729943,52.3252191],[33.0734986,52.3161168],[33.0596799,52.3109876],[33.0674207,52.3029575],[33.1339614,52.345008],[33.1700647,52.3420988]]]]}},{"type":"Feature","properties":{"oblast":"chernihivska","name":"Ніжинський район","match":"ніжинський"},"geometry":{"type":"MultiPolygon","coordinates":[[[[32.1149742,50.7615506],[32.0681765,50.7667028],[32.048216,50.7320718],[32.0577072,50.7247542],[32.0183351,50.7084191],[32.0252984,50.7020985],[32.0187563,50.6989042],[31.9684124,50.7146401],[31.9532203,50.7018397],[31.921744,50.7096259],[31.8951041,50.6758642],[31.9039976,50.6681656],[31.8790581,50.65512],[31.8853216,50.6399384],[31.8108232,50.6236981],[31.812125,50.6059129],[31.7822875,50.6056462],[31.7880813,50.5789199],[31.7771522,50.5776059],[31.7818557,50.5594459],[31.6834815,50.5630476],[31.6692924,50.5521962],[31.6466746,50.5526703],[31.6457383,50.5314502],[31.6303502,50.5208492],[31.571144,50.5280821],[31.552948,50.5196866],[31.5226043,50.5364646],[31.5217936,50.5220871],[31.4928997,50.5230416],[31.4450923,50.5003676],[31.3642502,50.5308615],[31.3304253,50.5010433],[31.319232,50.5281334],[31.262058,50.5391401],[31.2544942,50.543613],[31.2595796,50.5564565],[31.2464955,50.5670413],[31.1879767,50.5745527],[31.1874522,50.5889294],[31.1658194,50.5894873],[31.16594,50.6074628],[31.2277496,50.6132696],[31.2175814,50.6205615],[31.2271074,50.6271843],[31.1989431,50.6448016],[31.2236645,50.6674334],[31.2182611,50.69702],[31.2065612,50.6965545],[31.2059673,50.7060585],[31.1907391,50.7028024],[31.1907635,50.7245577],[31.1647196,50.7251762],[31.1672482,50.7324776],[31.2022768,50.7341261],[31.2105555,50.7488013],[31.2404827,50.7515831],[31.1864475,50.79201],[31.2172672,50.8099966],[31.2492564,50.8129073],[31.2905404,50.8568813],[31.318432,50.8658495],[31.2994663,50.8689427],[31.3004216,50.8997163],[31.3158157,50.9027127],[31.3026922,50.9082787],[31.3194999,50.9275218],[31.3555225,50.9312172],[31.3425097,50.9459609],[31.3163605,50.9519232],[31.3387503,50.9569962],[31.3591625,50.9824163],[31.3727846,50.9833633],[31.2685003,51.0272604],[31.3174605,51.045063],[31.2792135,51.0715073],[31.2935059,51.0720715],[31.2932509,51.0859959],[31.313925,51.088964],[31.3161183,51.1031546],[31.3422346,51.1015817],[31.3376681,51.0924051],[31.3829397,51.0997513],[31.3890099,51.1214146],[31.4234528,51.1252896],[31.4144056,51.1334205],[31.4301724,51.1433611],[31.4405852,51.1776553],[31.5251088,51.1905874],[31.5237316,51.1996216],[31.4902231,51.2034622],[31.4970309,51.2151977],[31.5269975,51.2197366],[31.5437852,51.2333449],[31.6224769,51.242476],[31.6594868,51.2250149],[31.7153435,51.2458069],[31.7327248,51.238227],[31.7411036,51.2495551],[31.8166323,51.2304676],[31.8480773,51.2323846],[31.8387258,51.2380983],[31.8504811,51.2444855],[31.8761507,51.2352307],[31.8995323,51.2645084],[31.9099786,51.2623271],[31.9263842,51.2925082],[31.9499775,51.2898554],[31.9612043,51.298602],[31.9817866,51.2923529],[31.991523,51.3001635],[31.9849672,51.3120418],[32.0285426,51.3259824],[31.9874662,51.353528],[31.9981064,51.3708566],[32.0230893,51.3610992],[32.0314311,51.3798423],[32.0748833,51.3817726],[32.1354722,51.4014511],[32.2257236,51.3723451],[32.2297481,51.3915495],[32.2902731,51.4047294],[32.283119,51.4089856],[32.2929325,51.4186816],[32.3538402,51.4042219],[32.3579148,51.4184468],[32.3688425,51.4137308],[32.3939078,51.4278799],[32.3859007,51.4099354],[32.4136277,51.3923077],[32.4735696,51.3907183],[32.4839552,51.401836],[32.498298,51.3957543],[32.5215155,51.4018277],[32.5129416,51.406865],[32.5277676,51.4127546],[32.563464,51.4105885],[32.6117631,51.4258692],[32.6031664,51.4460237],[32.5636018,51.447631],[32.5554087,51.456554],[32.5709403,51.4516177],[32.5652323,51.459894],[32.5716067,51.4609306],[32.6042412,51.4506849],[32.6341389,51.4625014],[32.6892519,51.4421134],[32.7307389,51.4479327],[32.7459545,51.4328893],[32.8199906,51.4352059],[32.8433368,51.4204415],[32.8578886,51.4219561],[32.8480252,51.4170597],[32.8681033,51.4075636],[32.8986468,51.4196556],[32.9082746,51.4139641],[32.8995743,51.4065566],[32.9055796,51.3987138],[32.9087573,51.4098968],[32.9469134,51.403024],[32.928216,51.3942991],[32.9971283,51.3620591],[32.9683432,51.3483757],[32.9649904,51.3327216],[32.9863092,51.3373302],[33.0136865,51.3201732],[33.0256714,51.3325425],[33.0640672,51.325239],[33.0679185,51.3333577],[33.0789893,51.3222096],[33.0768359,51.3127112],[33.0477608,51.3017248],[33.0622346,51.2968977],[33.0415193,51.2917597],[33.0762417,51.2900298],[33.0654268,51.2836676],[33.0738311,51.2834413],[33.0728776,51.2754614],[33.0582476,51.2665186],[33.0688213,51.2550329],[33.029696,51.2273253],[33.0418314,51.205688],[32.9770689,51.1882644],[32.9863371,51.183946],[32.9604635,51.1626837],[32.9928151,51.1434354],[32.9426042,51.0896908],[33.0408851,51.0818332],[33.037859,51.0717793],[33.0693178,51.0691977],[33.0601376,51.0492012],[33.0842375,51.0397973],[33.0415417,50.9972273],[33.0180369,50.9946453],[32.9792317,50.9675035],[32.9842787,50.9397925],[33.0117227,50.9504479],[33.0190771,50.9351186],[32.9714671,50.9305978],[32.9660316,50.9267791],[32.9755575,50.9171112],[32.9348945,50.8906048],[32.8350766,50.8590169],[32.7926169,50.8901937],[32.7759133,50.8893853],[32.7579315,50.9319564],[32.6915944,50.9495305],[32.6988578,50.9907897],[32.6867238,51.0053071],[32.6135877,51.0260946],[32.5925607,51.0128083],[32.5338532,51.0252449],[32.526291,51.0652913],[32.493541,51.0837817],[32.4349976,51.0774134],[32.4380852,51.0693611],[32.3970224,51.040166],[32.409078,51.0150803],[32.3730752,51.0171142],[32.3643621,50.9981581],[32.3633623,51.0078682],[32.3332285,51.0298186],[32.3165621,51.0128718],[32.2977666,51.015436],[32.2727276,51.0011912],[32.2633743,51.0193864],[32.2328123,51.0182503],[32.2601333,51.0311149],[32.2278101,51.0220227],[32.1906971,51.0343173],[32.1794082,51.0253079],[32.1862111,51.0169361],[32.1649624,50.998128],[32.0919142,50.9806889],[32.1068713,50.9540757],[32.0854012,50.9516008],[32.0762036,50.9349485],[32.0565837,50.9340823],[32.0548753,50.9085549],[32.0690532,50.8988117],[32.0548763,50.893286],[32.060943,50.8829746],[32.042097,50.8748486],[32.0734688,50.8639103],[32.0670708,50.8414807],[32.0802795,50.839131],[32.0852427,50.8219692],[32.1137352,50.8018938],[32.1032828,50.798936],[32.1084218,50.7843598],[32.1010718,50.7724301],[32.1096545,50.7739801],[32.1149742,50.7615506]]]]}},{"type":"Feature","properties":{"oblast":"chernihivska","name":"Прилуцький район","match":"прилуцький"},"geometry":{"type":"MultiPolygon","coordinates":[[[[33.1178335,50.643088],[33.1030341,50.6024316],[33.1230497,50.5956879],[33.101002,50.5914584],[33.0738316,50.5566582],[33.0496645,50.5419562],[33.0649554,50.5198231],[33.0423563,50.5020338],[33.0231615,50.5023365],[33.0272398,50.492988],[33.0131321,50.4805316],[33.016009,50.4708326],[32.9727357,50.4759815],[32.9786666,50.4627671],[32.9682729,50.4588972],[32.9656959,50.4448203],[32.9496407,50.4458681],[32.9327239,50.4367188],[32.9374245,50.4306551],[32.9129786,50.4243314],[32.917473,50.409131],[32.8377476,50.3751358],[32.7904397,50.3711401],[32.7873397,50.3616321],[32.8012575,50.356274],[32.7932802,50.3466702],[32.7588695,50.3504976],[32.7499987,50.35964],[32.7433892,50.3519734],[32.6709225,50.3583949],[32.672089,50.370401],[32.6331177,50.3660031],[32.6343755,50.3571872],[32.5625968,50.3588464],[32.526394,50.345716],[32.4865314,50.3686488],[32.4934586,50.3991925],[32.3977,50.4065466],[32.367726,50.4161735],[32.3650665,50.4257494],[32.3389953,50.4276212],[32.3198178,50.4225156],[32.3260421,50.4030336],[32.2951604,50.3977451],[32.2904362,50.3793453],[32.2516088,50.3738143],[32.2640846,50.3620823],[32.2545921,50.346965],[32.2179045,50.3582319],[32.1434038,50.3484349],[32.1610264,50.3685532],[32.15475,50.37609],[32.0746793,50.3748581],[32.0841451,50.3808258],[32.0768794,50.3925868],[32.1018673,50.4126107],[32.0565637,50.3973381],[32.0462914,50.4018783],[32.0222295,50.4583633],[31.9732876,50.4665586],[31.9790985,50.4818454],[31.9634825,50.4855274],[31.9825945,50.4836172],[31.9867152,50.4966515],[32.0020454,50.4961045],[32.0069613,50.4868856],[32.0470794,50.4961864],[32.063743,50.511763],[32.0493811,50.5260444],[32.0619178,50.5293189],[32.0633663,50.5408114],[31.9520024,50.5442145],[31.9128049,50.5962843],[31.8836089,50.6071685],[31.8587741,50.6320519],[31.8853216,50.6399384],[31.8790581,50.65512],[31.9039976,50.6681656],[31.8951041,50.6758642],[31.921744,50.7096259],[31.9532203,50.7018397],[31.9684124,50.7146401],[32.0187563,50.6989042],[32.0252984,50.7020985],[32.0183351,50.7084191],[32.0577072,50.7247542],[32.048216,50.7320718],[32.0681765,50.7667028],[32.1149742,50.7615506],[32.1096545,50.7739801],[32.1010718,50.7724301],[32.1084218,50.7843598],[32.1032828,50.798936],[32.1137352,50.8018938],[32.0852427,50.8219692],[32.0802795,50.839131],[32.0670708,50.8414807],[32.0734688,50.8639103],[32.042097,50.8748486],[32.060943,50.8829746],[32.0548763,50.893286],[32.0690532,50.8988117],[32.0548753,50.9085549],[32.0565837,50.9340823],[32.0762036,50.9349485],[32.0854012,50.9516008],[32.1068713,50.9540757],[32.0919142,50.9806889],[32.1649624,50.998128],[32.1862111,51.0169361],[32.1794082,51.0253079],[32.1906971,51.0343173],[32.2278101,51.0220227],[32.2601333,51.0311149],[32.2328123,51.0182503],[32.2633743,51.0193864],[32.2727276,51.0011912],[32.2977666,51.015436],[32.3165621,51.0128718],[32.3332285,51.0298186],[32.3633623,51.0078682],[32.3643621,50.9981581],[32.3730752,51.0171142],[32.409078,51.0150803],[32.3970224,51.040166],[32.4380852,51.0693611],[32.4349976,51.0774134],[32.493541,51.0837817],[32.526291,51.0652913],[32.5338532,51.0252449],[32.5925607,51.0128083],[32.6135877,51.0260946],[32.6867238,51.0053071],[32.6988578,50.9907897],[32.6915944,50.9495305],[32.7579315,50.9319564],[32.7759133,50.8893853],[32.7926169,50.8901937],[32.834024,50.8591463],[32.9348945,50.8906048],[32.9755575,50.9171112],[32.9660316,50.9267791],[32.9714671,50.9305978],[33.0190771,50.9351186],[33.0117227,50.9504479],[32.9842787,50.9397925],[32.9786596,50.9664665],[33.0335523,50.9995032],[33.0793189,50.9808205],[33.0780923,50.9917859],[33.1179099,51.0067092],[33.1369976,50.9614883],[33.2003096,50.9616213],[33.1970994,50.9202295],[33.210932,50.9014404],[33.1985915,50.8909405],[33.1703424,50.8880235],[33.1835742,50.8677584],[33.1695442,50.8508669],[33.1851737,50.8486881],[33.155365,50.8283036],[33.1692106,50.7995041],[33.1563345,50.7922566],[33.1898927,50.746551],[33.2402392,50.7323541],[33.1360216,50.7105702],[33.1512099,50.6936423],[33.1467737,50.6548165],[33.1178335,50.643088]]]]}},{"type":"Feature","properties":{"oblast":"krym","name":"Бахчисарайский район","match":"бахчисарайский"},"geometry":{"type":"MultiPolygon","coordinates":[[[[33.6776172,44.7854168],[33.6823606,44.7699841],[33.6136625,44.7497551],[33.6161203,44.711976],[33.7006932,44.7148119],[33.7050933,44.7049158],[33.7265921,44.716636],[33.7769711,44.690265],[33.7176817,44.6375914],[33.7162703,44.6204383],[33.735653,44.6009246],[33.7795796,44.6131096],[33.7872108,44.5856602],[33.8272108,44.5712636],[33.8401482,44.5304315],[33.8572702,44.5258757],[33.8456566,44.519124],[33.8971535,44.4787873],[33.9262025,44.4213251],[33.9798434,44.4401626],[33.9988173,44.4559845],[34.0032,44.4731466],[34.0327463,44.4741334],[34.0437333,44.4967055],[34.1048783,44.5193096],[34.1353137,44.553476],[34.1649017,44.5609211],[34.2038849,44.58846],[34.2181594,44.5827515],[34.2386237,44.59241],[34.2314929,44.6135444],[34.2538456,44.6176756],[34.2642007,44.6389233],[34.2309932,44.6455527],[34.2192611,44.6707547],[34.1872473,44.6925298],[34.1844435,44.7154539],[34.2513316,44.7172169],[34.2743954,44.7346854],[34.2802099,44.763992],[34.2641715,44.7945566],[34.2289385,44.7981696],[34.2241856,44.7783426],[34.1711941,44.7767769],[34.1269804,44.7504866],[34.1147724,44.7296567],[34.0742192,44.7549663],[34.0543048,44.7844012],[33.9962888,44.8278575],[34.0447419,44.8300917],[34.0403422,44.8503288],[34.0058889,44.8584586],[34.0104514,44.8728082],[33.9403153,44.8795878],[33.9192816,44.9020438],[33.8973502,44.9023039],[33.8964112,44.9117299],[33.875625,44.9197003],[33.8342349,44.9207148],[33.8323142,44.8981489],[33.7515881,44.8983371],[33.7509895,44.9079406],[33.7394743,44.9107965],[33.7143754,44.8968897],[33.6872663,44.9135224],[33.6468643,44.9093299],[33.6463456,44.931208],[33.6123307,44.9259476],[33.6046999,44.8629735],[33.5684954,44.8337724],[33.5866523,44.807848],[33.6207523,44.8065488],[33.6776172,44.7854168]]]]}},{"type":"Feature","properties":{"oblast":"krym","name":"Черноморский район","match":"черноморский"},"geometry":{"type":"MultiPolygon","coordinates":[[[[33.3340827,45.4783855],[33.3296623,45.467672],[33.254617,45.4761969],[33.2235228,45.4512298],[33.1640635,45.434321],[33.1556274,45.4159186],[33.0954136,45.3783824],[33.0728026,45.3819461],[32.9864548,45.3269677],[32.9048321,45.3616953],[32.778595,45.36758],[32.7295722,45.3563333],[32.6524283,45.3152827],[32.4980062,45.3449499],[32.5137257,45.3748193],[32.4800517,45.3908283],[32.5003859,45.4225836],[32.563473,45.4697913],[32.6923917,45.5228661],[32.6911277,45.5096637],[32.7097999,45.5152126],[32.711537,45.52879],[32.7897201,45.5616289],[32.8035799,45.5533761],[32.8196034,45.5589428],[32.8298427,45.547713],[32.8367132,45.5567661],[32.827517,45.555832],[32.8456746,45.5748701],[32.8208141,45.5840314],[32.8259849,45.5903909],[32.955603,45.66113],[33.0959401,45.7147358],[33.1003138,45.6960675],[33.1248279,45.6968732],[33.1262719,45.6794986],[33.1122065,45.6791172],[33.1147955,45.6619597],[33.2038226,45.6588015],[33.2042954,45.6080918],[33.2286736,45.6077219],[33.2322777,45.5571991],[33.3203059,45.5531584],[33.3182691,45.5116086],[33.3340827,45.4783855]]]]}},{"type":"Feature","properties":{"oblast":"krym","name":"Белогорский район","match":"белогорский"},"geometry":{"type":"MultiPolygon","coordinates":[[[[34.3613053,44.8906884],[34.3489428,44.9005608],[34.3426888,44.888766],[34.328362,44.8891002],[34.2905965,44.9383642],[34.305712,44.9515727],[34.2880095,44.9898073],[34.2789807,44.9903968],[34.2817836,45.0446238],[34.2637979,45.0568923],[34.2748747,45.0646878],[34.2744833,45.0856779],[34.2635404,45.0839342],[34.2615931,45.0950231],[34.277901,45.1122775],[34.2522988,45.1454069],[34.2263661,45.141586],[34.2125603,45.1544347],[34.2033136,45.1507352],[34.1916134,45.1777721],[34.1875449,45.2531913],[34.2061762,45.2553672],[34.2170971,45.2848155],[34.3185054,45.2798764],[34.3169451,45.2414451],[34.3311704,45.209012],[34.345402,45.206674],[34.4772075,45.2260575],[34.5195474,45.2229793],[34.5196542,45.2078515],[34.5444214,45.2081862],[34.5595652,45.2270624],[34.5529711,45.2372941],[34.5344676,45.2393869],[34.5327387,45.2540372],[34.6094393,45.2497305],[34.6111998,45.2604935],[34.6437105,45.2612113],[34.6422181,45.2443032],[34.6842112,45.2375494],[34.6734646,45.2242724],[34.6692621,45.1882233],[34.6956801,45.1878273],[34.6976326,45.206384],[34.7360475,45.2159674],[34.7375563,45.2239247],[34.76829,45.2238091],[34.7648005,45.1610738],[34.7846574,45.1599532],[34.7906692,45.1794892],[34.8644754,45.1780127],[34.8641234,45.1602105],[34.8904495,45.1598199],[34.8875158,45.1338047],[34.8622563,45.132372],[34.8622222,45.0807718],[34.9227036,45.0791028],[34.9230529,45.0684787],[34.9119204,45.0630827],[34.9267893,45.0492198],[34.968504,45.0551387],[34.9581464,45.0119626],[34.9386484,45.0075575],[34.9333997,44.9961949],[34.9257525,45.0027999],[34.9095589,44.9936558],[34.8815704,45.0001558],[34.8785787,44.9481247],[34.829215,44.9313556],[34.8365726,44.9224404],[34.826834,44.9138708],[34.8084702,44.9105919],[34.8011899,44.8995527],[34.7573319,44.8943078],[34.7411816,44.8813534],[34.7255458,44.8966386],[34.7011677,44.9002899],[34.6930623,44.8729354],[34.6503836,44.8797861],[34.6583998,44.8726584],[34.6225274,44.8459843],[34.6074023,44.8424483],[34.5987483,44.8559488],[34.6073855,44.8608036],[34.5883833,44.8648907],[34.6041148,44.8770211],[34.574432,44.886095],[34.5372658,44.8882798],[34.5359794,44.8657385],[34.498927,44.8679927],[34.4731906,44.8565543],[34.4549322,44.8706538],[34.4188575,44.8659412],[34.4063192,44.8789768],[34.4063796,44.8670241],[34.3853224,44.8914948],[34.3613053,44.8906884]]]]}},{"type":"Feature","properties":{"oblast":"krym","name":"Джанкойский район","match":"джанкойский"},"geometry":{"type":"MultiPolygon","coordinates":[[[[34.0761652,45.8124144],[34.0765245,45.8204022],[34.1021584,45.8204009],[34.1000593,45.8562614],[34.1537198,45.8539573],[34.153696,45.878677],[34.1315622,45.8786063],[34.1316215,45.9126523],[34.0964997,45.908099],[34.0948393,45.9331108],[34.1077026,45.9399745],[34.0801695,45.9490599],[34.0596434,45.9818304],[34.0876761,45.9999486],[34.0832943,46.0106449],[34.0940648,46.0204685],[34.0873771,46.0275736],[34.0815706,46.0189593],[34.0712908,46.0312389],[34.0784798,46.0518949],[34.0430367,46.0575083],[34.0647437,46.0811024],[34.0685264,46.1162658],[34.0809285,46.117556],[34.1218931,46.1057194],[34.1805652,46.0682828],[34.2337973,46.0559851],[34.320021,46.0682092],[34.4049875,46.0092864],[34.4430184,45.9618096],[34.4762212,45.9441393],[34.5109022,45.9480281],[34.5611691,45.9943843],[34.6011392,45.9941699],[34.6507239,45.977337],[34.7540112,45.9088363],[34.8021689,45.9006479],[34.7990874,45.8104643],[34.9598675,45.7563118],[34.8503344,45.708953],[34.8299144,45.6764269],[34.8111991,45.6644339],[34.8072041,45.6352037],[34.7292668,45.6426776],[34.7171934,45.6111601],[34.7967535,45.6016638],[34.7965162,45.5841346],[34.6973935,45.5840175],[34.6977037,45.5648795],[34.6748281,45.5611271],[34.6618847,45.5728365],[34.6559271,45.5649449],[34.6140956,45.5651371],[34.6138977,45.5563677],[34.5950566,45.5698638],[34.5856076,45.5629782],[34.5922945,45.5574342],[34.5729484,45.5476468],[34.5745438,45.5265925],[34.5206225,45.5221847],[34.5155619,45.5435279],[34.4623217,45.5471225],[34.4622103,45.5663472],[34.4216575,45.5680719],[34.421575,45.5601638],[34.4048544,45.5603531],[34.4036612,45.5500128],[34.3295985,45.550061],[34.3355718,45.5629935],[34.2553139,45.5503972],[34.2546707,45.6262265],[34.1869554,45.6274415],[34.1784217,45.5984359],[34.1604415,45.5983758],[34.1602796,45.578609],[34.140055,45.5784198],[34.1394718,45.6141698],[34.101443,45.6138426],[34.1016313,45.6305697],[34.0626458,45.6320203],[34.0768577,45.6653981],[34.1007312,45.6664822],[34.1083974,45.6808383],[34.099618,45.7624338],[34.1117869,45.7622252],[34.114966,45.7864243],[34.0994109,45.7875179],[34.1005953,45.7985255],[34.0761652,45.8124144]]]]}},{"type":"Feature","properties":{"oblast":"krym","name":"Красногвардейский район","match":"красногвардейский"},"geometry":{"type":"MultiPolygon","coordinates":[[[[34.5582679,45.2537642],[34.5327387,45.2540372],[34.5344676,45.2393869],[34.5529711,45.2372941],[34.5595652,45.2270624],[34.5444214,45.2081862],[34.5196542,45.2078515],[34.5195474,45.2229793],[34.4772075,45.2260575],[34.345402,45.206674],[34.3311704,45.209012],[34.3169451,45.2414451],[34.3185054,45.2798764],[34.2193016,45.285236],[34.2061762,45.2553672],[34.1875449,45.2531913],[34.1850039,45.2253205],[34.0871476,45.2273089],[34.099721,45.2478109],[34.0685908,45.2477524],[34.0674954,45.2324499],[34.0198479,45.2325282],[34.0169404,45.2168557],[34.0007926,45.2168697],[33.9986005,45.19092],[33.9727156,45.1905005],[33.979521,45.2443321],[33.9331502,45.2444945],[33.9122061,45.28968],[33.8841083,45.2896938],[33.8899964,45.3344482],[33.9791896,45.3476261],[33.9781621,45.4015545],[34.0435919,45.4026725],[34.049631,45.4585642],[34.041656,45.4603539],[34.0419742,45.4737255],[34.0255456,45.4738367],[34.0136195,45.4543187],[33.9734044,45.4505757],[33.9734262,45.4701952],[33.9858814,45.4704593],[33.9766907,45.5379982],[34.0632124,45.5398389],[34.0629453,45.5954002],[34.0000292,45.5995993],[33.9990144,45.6224443],[33.9902201,45.6221582],[33.9934532,45.6438094],[34.03082,45.657149],[34.0329736,45.6500931],[34.063616,45.6493405],[34.0628288,45.6318282],[34.1016313,45.6305697],[34.101443,45.6138426],[34.1399396,45.61382],[34.140055,45.5784198],[34.1602796,45.578609],[34.1604415,45.5983758],[34.1784217,45.5984359],[34.1869554,45.6274415],[34.2546707,45.6262265],[34.2553139,45.5503972],[34.3355718,45.5629935],[34.3295985,45.550061],[34.4036612,45.5500128],[34.4048544,45.5603531],[34.421575,45.5601638],[34.4216575,45.5680719],[34.4622103,45.5663472],[34.4623217,45.5471225],[34.5054732,45.547719],[34.5155619,45.5435279],[34.5206225,45.5221847],[34.5621337,45.522013],[34.5619519,45.5044993],[34.5494347,45.4969613],[34.5702079,45.4539699],[34.5283903,45.4366943],[34.5351642,45.4044031],[34.5790612,45.406366],[34.5799133,45.387162],[34.6014903,45.386762],[34.6084655,45.3390948],[34.6080552,45.3295823],[34.5428936,45.3297744],[34.5418433,45.3039179],[34.5578127,45.3039558],[34.5582679,45.2537642]]]]}},{"type":"Feature","properties":{"oblast":"krym","name":"Красноперекопский район","match":"красноперекопский"},"geometry":{"type":"MultiPolygon","coordinates":[[[[33.7403328,46.089756],[33.7135435,46.1150914],[33.7182797,46.1271444],[33.745989,46.1225681],[33.7519889,46.139604],[33.7690692,46.1444954],[33.7813477,46.1260492],[33.8008787,46.1191553],[33.814674,46.1423546],[33.829286,46.145825],[33.8090395,46.1681397],[33.7585952,46.1920087],[33.7968936,46.2030156],[33.8486859,46.1996667],[33.9982336,46.1264504],[34.0526389,46.1091293],[34.0685264,46.1162658],[34.0647437,46.0811024],[34.0430367,46.0575083],[34.0784798,46.0518949],[34.0712908,46.0312389],[34.0815706,46.0189593],[34.0873771,46.0275736],[34.0940648,46.0204685],[34.0832943,46.0106449],[34.0876761,45.9999486],[34.0596434,45.9818304],[34.0801695,45.9490599],[34.1077026,45.9399745],[34.0948393,45.9331108],[34.0964997,45.908099],[34.1316215,45.9126523],[34.1315622,45.8786063],[34.153696,45.878677],[34.1537198,45.8539573],[34.1000593,45.8562614],[34.1021584,45.8204009],[34.0765245,45.8204022],[34.0761102,45.8026752],[34.0119661,45.8023304],[34.0123043,45.7844439],[34.0300036,45.7802573],[34.011769,45.7667656],[33.9729262,45.7675684],[33.9715531,45.7864012],[33.8940465,45.7818978],[33.8812898,45.7856448],[33.8805475,45.7980548],[33.8095575,45.8091609],[33.7672733,45.8059667],[33.7667939,45.7763667],[33.7107267,45.7751457],[33.7088256,45.8196905],[33.7236583,45.8204202],[33.7240485,45.8371012],[33.6885414,45.8340604],[33.6768091,45.9014738],[33.7587802,45.9358996],[33.7451224,45.95138],[33.6914943,45.9563291],[33.6555956,45.9548672],[33.634853,45.942187],[33.617985,45.946256],[33.631664,45.96901],[33.6147985,46.0522429],[33.6258487,46.0705121],[33.7148351,46.0624846],[33.7113741,46.0757434],[33.7403328,46.089756]]]]}},{"type":"Feature","properties":{"oblast":"krym","name":"Кировский район","match":"кировский"},"geometry":{"type":"MultiPolygon","coordinates":[[[[35.466968,45.2875281],[35.4488545,45.26798],[35.4626258,45.2180463],[35.4243865,45.2148122],[35.4280815,45.165597],[35.4423942,45.1437392],[35.3761182,45.1382235],[35.3747098,45.1250882],[35.3386806,45.1271969],[35.3439178,45.0987227],[35.3155335,45.0882945],[35.2931755,45.1076431],[35.2622648,45.1129316],[35.2501663,45.0563496],[35.2302191,45.0599423],[35.2362814,45.016097],[35.1992752,45.0140269],[35.1867744,44.9985587],[35.1609518,44.9993167],[35.165256,44.9803065],[35.1321956,44.9819604],[35.1228404,44.9725282],[35.1023908,44.9764778],[35.084035,44.9660769],[35.0064857,44.9671684],[35.005672,44.9794201],[35.0257891,44.9848622],[34.9885263,45.0287527],[35.009723,45.055463],[35.0154785,45.0835143],[34.9648978,45.0892646],[34.950532,45.080469],[34.9510698,45.0634289],[34.9224994,45.054977],[34.9119204,45.0630827],[34.9230529,45.0684787],[34.9227036,45.0791028],[34.8622222,45.0807718],[34.8622563,45.132372],[34.9066896,45.1378708],[34.9027638,45.1160054],[34.9515688,45.1150864],[34.9529137,45.1692935],[35.0163876,45.1747793],[35.0168065,45.1860174],[35.0425254,45.1852146],[35.0423658,45.1765812],[35.0674922,45.1762256],[35.0675433,45.1683066],[35.1211461,45.1739766],[35.1141645,45.2405877],[35.0959304,45.2410679],[35.0908472,45.2631589],[35.043662,45.2666558],[35.0433468,45.2843596],[35.057132,45.2839549],[35.0571075,45.3010925],[35.1313823,45.313404],[35.1795502,45.4978026],[35.1961341,45.5090103],[35.3059028,45.3887115],[35.3224383,45.3910332],[35.3468396,45.3563382],[35.3841508,45.340474],[35.414747,45.3025898],[35.4482085,45.2991505],[35.4370237,45.310047],[35.466968,45.2875281]]]]}},{"type":"Feature","properties":{"oblast":"krym","name":"Ленинский район","match":"ленинский"},"geometry":{"type":"MultiPolygon","coordinates":[[[[35.5289673,45.2834769],[35.4331835,45.3193239],[35.317996,45.39891],[35.193952,45.524371],[35.091404,45.613003],[34.9751849,45.7619201],[34.9667142,45.7589893],[35.006066,45.67995],[35.028181,45.674172],[35.0627696,45.6225884],[35.0742535,45.623349],[35.150142,45.5442236],[35.2229527,45.4863801],[35.3059028,45.3887115],[35.3224383,45.3910332],[35.3468396,45.3563382],[35.3841508,45.340474],[35.414747,45.3025898],[35.4482085,45.2991505],[35.4370237,45.310047],[35.4636687,45.293894],[35.4651118,45.2823793],[35.4488545,45.26798],[35.4626258,45.2180463],[35.4243865,45.2148122],[35.4271766,45.1716692],[35.5045677,45.1634057],[35.5151267,45.1785486],[35.5291359,45.1308823],[35.538303,45.1269059],[35.614706,45.1270942],[35.724696,45.0944519],[35.809179,45.044362],[35.8171097,45.033362],[35.8123436,45.0221492],[35.8329425,45.0137333],[35.8373292,44.9994709],[35.9123113,45.0199729],[35.9537472,45.0128664],[36.0322224,45.0500836],[36.225917,45.0281719],[36.2542599,45.0505705],[36.3744365,45.0592658],[36.4439977,45.0873429],[36.4534751,45.1044757],[36.4305734,45.1183007],[36.420356,45.136881],[36.3950376,45.2168837],[36.4019764,45.2351611],[36.3932416,45.2490029],[36.3495724,45.2658423],[36.3742231,45.2753816],[36.3840898,45.2950833],[36.4113391,45.2963874],[36.4201787,45.3098415],[36.394911,45.3482845],[36.3738544,45.3576669],[36.4062095,45.3807401],[36.4175209,45.3818725],[36.4259225,45.3691458],[36.4888621,45.3859889],[36.514329,45.3754178],[36.5137757,45.3845764],[36.5331264,45.3950007],[36.5351215,45.3801558],[36.5551075,45.3827535],[36.5663494,45.3642711],[36.6086734,45.3631889],[36.6329603,45.3916632],[36.6076409,45.4093942],[36.613768,45.422004],[36.5965906,45.4377645],[36.5738522,45.4403881],[36.5539812,45.4235498],[36.52989,45.426772],[36.4757708,45.456413],[36.4469618,45.4586792],[36.4139669,45.4457339],[36.3441038,45.4835115],[36.3250229,45.4703579],[36.2846486,45.4815463],[36.1258644,45.4621145],[36.0725262,45.4417195],[36.072898,45.4080239],[36.0504471,45.3865678],[35.9820255,45.3702542],[35.929763,45.3835953],[35.8787245,45.4119785],[35.8456957,45.4482056],[35.8719888,45.467157],[35.8452418,45.4732687],[35.8205217,45.4611362],[35.8283247,45.4454836],[35.8193875,45.4318438],[35.7489219,45.3935672],[35.761586,45.374033],[35.7282896,45.351824],[35.7202225,45.3344616],[35.6098341,45.3151233],[35.5289673,45.2834769]]]]}},{"type":"Feature","properties":{"oblast":"krym","name":"Нижнегорский район","match":"нижнегорский"},"geometry":{"type":"MultiPolygon","coordinates":[[[[35.0706687,45.62477],[35.1037622,45.5885639],[35.0120815,45.5618814],[34.9998936,45.4994593],[34.9202632,45.4926439],[34.927422,45.4392994],[34.8425288,45.4479235],[34.8560778,45.429648],[34.7582335,45.4220324],[34.7778065,45.3992748],[34.8167332,45.3833926],[34.8061081,45.3581495],[34.7584302,45.3590027],[34.7580532,45.3376314],[34.7676597,45.337533],[34.7657094,45.2871465],[34.7256005,45.2871207],[34.7255003,45.2689924],[34.6980572,45.2606277],[34.6867492,45.2373453],[34.6422181,45.2443032],[34.6437105,45.2612113],[34.6111998,45.2604935],[34.6094393,45.2497305],[34.5583466,45.2498603],[34.5578127,45.3039558],[34.5418433,45.3039179],[34.5428936,45.3297744],[34.6080552,45.3295823],[34.6083469,45.3509998],[34.6013912,45.3515856],[34.6014903,45.386762],[34.5799133,45.387162],[34.5790612,45.406366],[34.5351642,45.4044031],[34.5281179,45.4359956],[34.5702079,45.4539699],[34.5494347,45.4969613],[34.5619519,45.5044993],[34.5621077,45.5264504],[34.5745438,45.5265925],[34.5729484,45.5476468],[34.5922945,45.5574342],[34.5856076,45.5629782],[34.5950566,45.5698638],[34.6138977,45.5563677],[34.6140956,45.5651371],[34.6559271,45.5649449],[34.6618847,45.5728365],[34.6748281,45.5611271],[34.6977037,45.5648795],[34.6973935,45.5840175],[34.7965162,45.5841346],[34.7967535,45.6016638],[34.7171934,45.6111601],[34.7292668,45.6426776],[34.8072041,45.6352037],[34.8111991,45.6644339],[34.8299144,45.6764269],[34.8503344,45.708953],[34.9667142,45.7589893],[35.006066,45.67995],[35.028181,45.674172],[35.0627696,45.6225884],[35.0706687,45.62477]]]]}},{"type":"Feature","properties":{"oblast":"krym","name":"Первомайский район","match":"первомайский"},"geometry":{"type":"MultiPolygon","coordinates":[[[[34.1083974,45.6808383],[34.1007312,45.6664822],[34.0768577,45.6653981],[34.0712237,45.6491364],[34.0329736,45.6500931],[34.03082,45.657149],[33.9934532,45.6438094],[33.9902201,45.6221582],[33.9990144,45.6224443],[34.0000292,45.5995993],[34.0629453,45.5954002],[34.0632124,45.5398389],[33.9766907,45.5379982],[33.9858814,45.4704593],[33.9734262,45.4701952],[33.9734044,45.4505757],[34.0136195,45.4543187],[34.0255456,45.4738367],[34.0419742,45.4737255],[34.041656,45.4603539],[34.049631,45.4585642],[34.0435919,45.4026725],[33.9781621,45.4015545],[33.9791896,45.3476261],[33.916166,45.3435501],[33.9023463,45.3975279],[33.8010332,45.3975174],[33.8008254,45.4238966],[33.8159388,45.4240728],[33.8159018,45.4428314],[33.7373523,45.4385731],[33.7389316,45.4167807],[33.7047548,45.4159552],[33.7018113,45.4337448],[33.6798337,45.4353678],[33.6777432,45.4459564],[33.6503782,45.443022],[33.6470802,45.4728516],[33.5253109,45.4776212],[33.5385421,45.5187603],[33.5378056,45.5585872],[33.527867,45.5581591],[33.5327948,45.5742189],[33.57236,45.5877719],[33.5741606,45.6272356],[33.5987016,45.6285578],[33.6041843,45.747167],[33.6522395,45.7477693],[33.6525146,45.7209242],[33.6910044,45.7212151],[33.6911273,45.7051366],[33.716719,45.7028543],[33.703372,45.7345292],[33.7455726,45.7487491],[33.7324288,45.7727081],[33.7667939,45.7763667],[33.7672733,45.8059667],[33.8095575,45.8091609],[33.8805475,45.7980548],[33.8812898,45.7856448],[33.8940465,45.7818978],[33.9715531,45.7864012],[33.9729262,45.7675684],[34.011769,45.7667656],[34.0300036,45.7802573],[34.0123043,45.7844439],[34.0119661,45.8023304],[34.0761102,45.8026752],[34.0761652,45.8124144],[34.1005953,45.7985255],[34.0994109,45.7875179],[34.114966,45.7864243],[34.1117869,45.7622252],[34.099618,45.7624338],[34.1083974,45.6808383]]]]}},{"type":"Feature","properties":{"oblast":"krym","name":"Раздольненский район","match":"раздольненский"},"geometry":{"type":"MultiPolygon","coordinates":[[[[33.6865332,45.8505402],[33.6792738,45.8430656],[33.682073,45.849954],[33.658105,45.871899],[33.6136561,45.8902832],[33.5801894,45.8679629],[33.5677922,45.869147],[33.5441,45.835817],[33.526233,45.848085],[33.5015295,45.8410327],[33.497241,45.848728],[33.5410567,45.882701],[33.4982157,45.8576787],[33.418184,45.830318],[33.3549122,45.7853829],[33.2634062,45.7552743],[33.2107751,45.7566992],[33.1826377,45.7718187],[33.1709363,45.7915774],[33.1546759,45.7330653],[33.1381667,45.719016],[33.0990863,45.713412],[33.1001294,45.6963336],[33.1248279,45.6968732],[33.1262719,45.6794986],[33.1122065,45.6791172],[33.1147955,45.6619597],[33.2038226,45.6588015],[33.2042954,45.6080918],[33.2286736,45.6077219],[33.2322777,45.5571991],[33.3203059,45.5531584],[33.3182691,45.5116086],[33.3340827,45.4783855],[33.3738274,45.4775279],[33.3603061,45.5253232],[33.3920705,45.5231464],[33.3920022,45.5070607],[33.4475661,45.5036092],[33.4485207,45.5121938],[33.4641679,45.5113219],[33.4580643,45.4641581],[33.4295965,45.4553776],[33.4303523,45.4318795],[33.501264,45.4331041],[33.5065111,45.4476436],[33.5514226,45.4444419],[33.5511565,45.4338326],[33.5770826,45.4332297],[33.5742872,45.4026121],[33.5976725,45.4025874],[33.5970304,45.426514],[33.6089785,45.4270759],[33.6075672,45.4352757],[33.6414781,45.4334453],[33.6505778,45.4408631],[33.6474962,45.47251],[33.5253109,45.4776212],[33.5385421,45.5187603],[33.5378056,45.5585872],[33.527867,45.5581591],[33.5327948,45.5742189],[33.5730404,45.588382],[33.5741606,45.6272356],[33.5987016,45.6285578],[33.6041843,45.747167],[33.6522395,45.7477693],[33.6525146,45.7209242],[33.6910044,45.7212151],[33.6911273,45.7051366],[33.716719,45.7028543],[33.703372,45.7345292],[33.7455726,45.7487491],[33.7311279,45.7750172],[33.7105078,45.7755898],[33.7088256,45.8196905],[33.7236583,45.8204202],[33.7240485,45.8371012],[33.6885414,45.8340604],[33.6865332,45.8505402]]]]}},{"type":"Feature","properties":{"oblast":"krym","name":"Сакский район","match":"сакский"},"geometry":{"type":"MultiPolygon","coordinates":[[[[32.987915,45.325779],[33.0659857,45.2751581],[33.1491468,45.2029751],[33.2247248,45.1759129],[33.2543539,45.1510117],[33.2587641,45.1627384],[33.3133299,45.1860568],[33.3223291,45.2213169],[33.3448508,45.224941],[33.3354896,45.2356822],[33.3617878,45.250155],[33.3886535,45.2435169],[33.3798696,45.2409472],[33.3971125,45.2341814],[33.4176203,45.197925],[33.451167,45.1833831],[33.5050788,45.1395864],[33.5100734,45.1460943],[33.6300716,45.1452425],[33.6219358,45.1286244],[33.6108354,45.1276731],[33.6313866,45.1183589],[33.5627911,45.1150748],[33.5480209,45.0993202],[33.5763657,45.0614991],[33.6053746,44.9918648],[33.6816836,44.9877281],[33.6760302,45.0382952],[33.7792296,45.0410247],[33.7820806,45.0528332],[33.7971686,45.045099],[33.7964275,45.0758241],[33.7697705,45.0765012],[33.7697128,45.0940375],[33.8452509,45.0936753],[33.84734,45.1019806],[33.8963054,45.1054162],[33.897079,45.1311937],[33.913383,45.1317311],[33.914042,45.1603544],[33.8831591,45.1649711],[33.8827075,45.1901211],[33.9545102,45.1907825],[33.9122061,45.28968],[33.8841083,45.2896938],[33.8899964,45.3344482],[33.9158439,45.3384167],[33.9023463,45.3975279],[33.8010332,45.3975174],[33.8008254,45.4238966],[33.8159388,45.4240728],[33.8159018,45.4428314],[33.7373523,45.4385731],[33.7389316,45.4167807],[33.7047548,45.4159552],[33.7018113,45.4337448],[33.6798337,45.4353678],[33.6777432,45.4459564],[33.6503782,45.443022],[33.6414781,45.4334453],[33.6075672,45.4352757],[33.6089785,45.4270759],[33.5970304,45.426514],[33.5976725,45.4025874],[33.5742872,45.4026121],[33.5770826,45.4332297],[33.5511565,45.4338326],[33.5514226,45.4444419],[33.5065111,45.4476436],[33.501264,45.4331041],[33.4303523,45.4318795],[33.4295965,45.4553776],[33.4580643,45.4641581],[33.4641679,45.5113219],[33.4485207,45.5121938],[33.4475661,45.5036092],[33.3920022,45.5070607],[33.3920705,45.5231464],[33.3600252,45.5248992],[33.3738274,45.4775279],[33.3340827,45.4783855],[33.3338692,45.4681608],[33.3224052,45.4675089],[33.254617,45.4761969],[33.2235228,45.4512298],[33.1640635,45.434321],[33.1509705,45.4125205],[33.0935709,45.3773602],[33.0728026,45.3819461],[32.987915,45.325779]]]]}},{"type":"Feature","properties":{"oblast":"krym","name":"Советский район","match":"советский"},"geometry":{"type":"MultiPolygon","coordinates":[[[[35.1961341,45.5090103],[35.1795502,45.4978026],[35.1313823,45.313404],[35.0571075,45.3010925],[35.057132,45.2839549],[35.0433468,45.2843596],[35.043662,45.2666558],[35.0908472,45.2631589],[35.0959304,45.2410679],[35.1141645,45.2405877],[35.119613,45.1726873],[35.0675433,45.1683066],[35.0674922,45.1762256],[35.0423658,45.1765812],[35.0425254,45.1852146],[35.0168065,45.1860174],[35.0163876,45.1747793],[34.9529137,45.1692935],[34.9515688,45.1150864],[34.9096147,45.1153482],[34.9005952,45.1195555],[34.9084171,45.1359626],[34.8879896,45.1386395],[34.8904495,45.1598199],[34.8641234,45.1602105],[34.8644754,45.1780127],[34.7906692,45.1794892],[34.7846574,45.1599532],[34.7648005,45.1610738],[34.76829,45.2238091],[34.7375563,45.2239247],[34.7360475,45.2159674],[34.6976326,45.206384],[34.6956801,45.1878273],[34.6692621,45.1882233],[34.6737735,45.2251535],[34.693047,45.2395019],[34.6974684,45.2601008],[34.7255003,45.2689924],[34.7263428,45.2874151],[34.7657094,45.2871465],[34.7676597,45.337533],[34.7580532,45.3376314],[34.7584302,45.3590027],[34.8061081,45.3581495],[34.8056219,45.3715246],[34.8163486,45.3716164],[34.8167332,45.3833926],[34.7778065,45.3992748],[34.7582335,45.4220324],[34.8560778,45.429648],[34.8425288,45.4479235],[34.927422,45.4392994],[34.9202632,45.4926439],[34.9998936,45.4994593],[35.0120815,45.5618814],[35.1037622,45.5885639],[35.1961341,45.5090103]]]]}},{"type":"Feature","properties":{"oblast":"krym","name":"Симферопольский район","match":"симферопольский"},"geometry":{"type":"MultiPolygon","coordinates":[[[[33.6123307,44.9259476],[33.6463456,44.931208],[33.6468643,44.9093299],[33.6872663,44.9135224],[33.7143754,44.8968897],[33.7394743,44.9107965],[33.7509895,44.9079406],[33.7515881,44.8983371],[33.8323142,44.8981489],[33.8338974,44.9205458],[33.8713484,44.9205425],[33.8964112,44.9117299],[33.8973502,44.9023039],[33.9192816,44.9020438],[33.9403153,44.8795878],[34.0104514,44.8728082],[34.0058889,44.8584586],[34.0403422,44.8503288],[34.0494,44.8338204],[34.0273893,44.8241739],[34.00512,44.831179],[33.9962888,44.8278575],[34.0000867,44.8222478],[34.1147724,44.7296567],[34.1269804,44.7504866],[34.1711941,44.7767769],[34.2269598,44.7795914],[34.2289385,44.7981696],[34.2641715,44.7945566],[34.2802099,44.763992],[34.3144086,44.7687455],[34.318525,44.7504699],[34.3283737,44.7469177],[34.3810404,44.777759],[34.3835895,44.7921182],[34.4055886,44.7953543],[34.4823608,44.8412774],[34.512936,44.8342004],[34.5197402,44.8399956],[34.4982085,44.8556986],[34.4815146,44.8505642],[34.4549322,44.8706538],[34.4196881,44.8656809],[34.4063192,44.8789768],[34.4063796,44.8670241],[34.3856859,44.891288],[34.3639861,44.8886208],[34.3569392,44.9001447],[34.3360597,44.8859748],[34.3250894,44.8917095],[34.2905965,44.9383642],[34.305712,44.9515727],[34.2880095,44.9898073],[34.2789807,44.9903968],[34.2817836,45.0446238],[34.2637979,45.0568923],[34.2748747,45.0646878],[34.2744833,45.0856779],[34.2635404,45.0839342],[34.2615931,45.0950231],[34.277901,45.1122775],[34.2522988,45.1454069],[34.2263661,45.141586],[34.2125603,45.1544347],[34.2033136,45.1507352],[34.1900218,45.1853951],[34.1899051,45.2248664],[34.0871476,45.2273089],[34.099721,45.2478109],[34.0685908,45.2477524],[34.0674954,45.2324499],[34.0198479,45.2325282],[34.0169404,45.2168557],[34.0007926,45.2168697],[33.9986005,45.19092],[33.977422,45.1904746],[33.979521,45.2443321],[33.9331502,45.2444945],[33.9545102,45.1907825],[33.8827075,45.1901211],[33.8831591,45.1649711],[33.914042,45.1603544],[33.913383,45.1317311],[33.897079,45.1311937],[33.8970182,45.105851],[33.84734,45.1019806],[33.8452509,45.0936753],[33.7697128,45.0940375],[33.7697705,45.0765012],[33.7964275,45.0758241],[33.7971686,45.045099],[33.7820806,45.0528332],[33.7792296,45.0410247],[33.6760302,45.0382952],[33.6816836,44.9877281],[33.6042403,44.9918509],[33.5982085,44.9746682],[33.6123307,44.9259476]]]]}},{"type":"Feature","properties":{"oblast":"krym","name":"муниципальный округ Алушта","match":"муниципальный округ алушта"},"geometry":{"type":"MultiPolygon","coordinates":[[[[34.3809162,44.6176342],[34.4169581,44.6723336],[34.4600919,44.7122574],[34.6040918,44.7726769],[34.734244,44.8120549],[34.7224674,44.8438531],[34.7411816,44.8813534],[34.7255458,44.8966386],[34.7011677,44.9002899],[34.6930623,44.8729354],[34.6503836,44.8797861],[34.6583998,44.8726584],[34.6459034,44.8588874],[34.6074023,44.8424483],[34.5987483,44.8559488],[34.6073855,44.8608036],[34.5883833,44.8648907],[34.6041148,44.8770211],[34.5372658,44.8882798],[34.5359794,44.8657385],[34.498927,44.8679927],[34.4731906,44.8565543],[34.4982085,44.8556986],[34.519896,44.8418506],[34.5174952,44.8345304],[34.4823608,44.8412774],[34.4055886,44.7953543],[34.3835895,44.7921182],[34.3810404,44.777759],[34.3283737,44.7469177],[34.30848,44.7714326],[34.2987675,44.7610103],[34.280566,44.7642444],[34.2743954,44.7346854],[34.2530904,44.7176357],[34.1849545,44.7188962],[34.1872473,44.6925298],[34.1992191,44.6774335],[34.2192611,44.6707547],[34.2318466,44.6449054],[34.2641542,44.6392381],[34.2422357,44.6103643],[34.2774737,44.5963756],[34.2769036,44.5739913],[34.299082,44.5737031],[34.3190062,44.5638842],[34.3198773,44.5525815],[34.3470823,44.548558],[34.3488511,44.5817857],[34.3715126,44.5918296],[34.3809162,44.6176342]]]]}},{"type":"Feature","properties":{"oblast":"krym","name":"муниципальный округ Армянск","match":"муниципальный округ армянск"},"geometry":{"type":"MultiPolygon","coordinates":[[[[33.6147111,46.1346624],[33.6427004,46.0811605],[33.6258487,46.0705121],[33.7148351,46.0624846],[33.7113741,46.0757434],[33.7403328,46.089756],[33.7135435,46.1150914],[33.7182797,46.1271444],[33.745989,46.1225681],[33.7519889,46.139604],[33.7690692,46.1444954],[33.7813477,46.1260492],[33.8008787,46.1191553],[33.814674,46.1423546],[33.830943,46.1498578],[33.7585952,46.1920087],[33.7358354,46.1861025],[33.6467708,46.22958],[33.6218762,46.2278651],[33.6135506,46.2139172],[33.6412746,46.1424429],[33.6147111,46.1346624]]]]}},{"type":"Feature","properties":{"oblast":"krym","name":"городской округ Джанкой","match":"городской округ джанкой"},"geometry":{"type":"MultiPolygon","coordinates":[[[[34.3759252,45.7308375],[34.3814363,45.7230359],[34.3601787,45.6985692],[34.3744468,45.6942831],[34.3637721,45.6842789],[34.4061832,45.6839076],[34.4167564,45.6756389],[34.4350501,45.6881197],[34.4379939,45.7123487],[34.4129562,45.7108],[34.4246774,45.7289445],[34.3769171,45.7321262],[34.382523,45.7447489],[34.3675927,45.7466949],[34.3663985,45.7335482],[34.3759252,45.7308375]]]]}},{"type":"Feature","properties":{"oblast":"krym","name":"городской округ Евпатория","match":"городской округ евпатория"},"geometry":{"type":"MultiPolygon","coordinates":[[[[33.3186966,45.174606],[33.3023085,45.1713534],[33.282367,45.1475494],[33.2543539,45.1510117],[33.2587641,45.1627384],[33.3133299,45.1860568],[33.3223291,45.2213169],[33.3448508,45.224941],[33.3354896,45.2356822],[33.3617878,45.250155],[33.3886535,45.2435169],[33.3798696,45.2409472],[33.3971125,45.2341814],[33.4176203,45.197925],[33.4925348,45.1551692],[33.3942724,45.1975945],[33.3484859,45.1740907],[33.3186966,45.174606]]],[[[33.1232569,45.3802373],[33.1005299,45.3732599],[33.1116879,45.3880961],[33.1299738,45.3884639],[33.1204185,45.3956625],[33.1473345,45.4065423],[33.1534552,45.4000998],[33.1479943,45.3849823],[33.1232569,45.3802373]]],[[[33.0301532,45.3072093],[33.0290866,45.3411589],[33.0919737,45.3366039],[33.0683649,45.3393377],[33.0732036,45.3226952],[33.0566329,45.327406],[33.035422,45.3166072],[33.0389276,45.3018484],[33.0301532,45.3072093]]]]}},{"type":"Feature","properties":{"oblast":"krym","name":"городской округ Керчь","match":"городской округ керчь"},"geometry":{"type":"MultiPolygon","coordinates":[[[[36.4474302,45.3700311],[36.4873438,45.3858747],[36.514329,45.3754178],[36.5137757,45.3845764],[36.5331264,45.3950007],[36.5351215,45.3801558],[36.5551075,45.3827535],[36.5663494,45.3642711],[36.6086734,45.3631889],[36.6329603,45.3916632],[36.6470475,45.3825828],[36.6291078,45.3747994],[36.630057,45.3616035],[36.5973743,45.34609],[36.5366929,45.3460913],[36.501957,45.363558],[36.4787158,45.3594303],[36.4823098,45.3512462],[36.4605478,45.3357979],[36.4704853,45.3392717],[36.4727346,45.3290121],[36.4876932,45.324318],[36.4776559,45.3222973],[36.494511,45.3174749],[36.4214319,45.2883087],[36.4153363,45.2746653],[36.4289953,45.2577722],[36.4087634,45.2605661],[36.4265387,45.2545584],[36.413471,45.2429639],[36.4340937,45.2640761],[36.426531,45.2771368],[36.436925,45.2726308],[36.434378,45.2600737],[36.3971028,45.2144605],[36.4020613,45.2347776],[36.3932416,45.2490029],[36.3495724,45.2658423],[36.3742231,45.2753816],[36.3840898,45.2950833],[36.4113391,45.2963874],[36.4201787,45.3098415],[36.394911,45.3482845],[36.3738544,45.3576669],[36.4062095,45.3807401],[36.4175209,45.3818725],[36.4236739,45.3692704],[36.4474302,45.3700311]]]]}},{"type":"Feature","properties":{"oblast":"krym","name":"городской округ Красноперекопск","match":"городской округ красноперекопск"},"geometry":{"type":"MultiPolygon","coordinates":[[[[33.7736825,45.954446],[33.7793123,45.961373],[33.7686056,45.9690869],[33.7801671,45.9750194],[33.8206333,45.9816505],[33.8305467,45.9608424],[33.8483137,45.9846139],[33.8672554,45.9810354],[33.8554859,45.9561249],[33.8221353,45.9515544],[33.8210866,45.9379747],[33.8360258,45.935634],[33.8327859,45.9288652],[33.7839732,45.9384332],[33.7736825,45.954446]]]]}},{"type":"Feature","properties":{"oblast":"krym","name":"городской округ Саки","match":"городской округ саки"},"geometry":{"type":"MultiPolygon","coordinates":[[[[33.5480209,45.0993202],[33.5050788,45.1395864],[33.5100734,45.1460943],[33.6300716,45.1452425],[33.6219358,45.1286244],[33.6108354,45.1276731],[33.6313866,45.1183589],[33.5627911,45.1150748],[33.5480209,45.0993202]]]]}},{"type":"Feature","properties":{"oblast":"krym","name":"городской округ Симферополь","match":"городской округ симферополь"},"geometry":{"type":"MultiPolygon","coordinates":[[[[34.083335,44.8917355],[34.0582007,44.9049018],[34.0705196,44.9251673],[34.0644671,44.9319462],[34.0348409,44.9292047],[34.0289229,44.9359217],[34.0557074,44.9488772],[34.0684184,44.9730451],[34.0780388,44.9721124],[34.0723264,44.9852447],[34.0322885,45.0092132],[34.0342444,45.0030632],[34.0196907,45.0034843],[34.0148789,45.0073682],[34.0251935,45.0116052],[34.0133403,45.0222307],[33.9915527,45.0141801],[33.9828211,45.0000553],[33.9866794,45.0298169],[33.9642441,45.0272424],[33.98046,45.0763765],[33.971485,45.0337912],[33.9872901,45.0312442],[33.9931653,45.0429017],[33.9954451,45.0258367],[34.0062914,45.021325],[34.0334519,45.0282224],[34.0267825,45.0490881],[34.0487398,45.0174028],[34.0619092,45.019123],[34.0559682,45.0085538],[34.0389436,45.0073132],[34.0732527,44.9847476],[34.1074794,45.0042505],[34.1273453,44.9986553],[34.1293073,44.9869293],[34.1631728,45.0014664],[34.1814172,45.0034198],[34.1877074,44.9942885],[34.1829166,44.9843018],[34.1989159,44.9701874],[34.1702968,44.9659024],[34.1710773,44.9571513],[34.1527122,44.9526965],[34.1608685,44.9426676],[34.1494936,44.9471307],[34.1408408,44.9398406],[34.1654313,44.9249764],[34.1646266,44.9136491],[34.1806233,44.9175391],[34.1720509,44.9065143],[34.1769969,44.9009289],[34.1499495,44.9113621],[34.1343743,44.8977853],[34.1278213,44.9010543],[34.1322094,44.9137897],[34.1180205,44.8981892],[34.1002978,44.9072704],[34.0927,44.905],[34.1004467,44.9021097],[34.0964494,44.8928801],[34.083335,44.8917355]]]]}},{"type":"Feature","properties":{"oblast":"krym","name":"муниципальный округ Судак","match":"муниципальный округ судак"},"geometry":{"type":"MultiPolygon","coordinates":[[[[35.1088363,44.8104817],[35.1301504,44.8237397],[35.1358264,44.8584874],[35.1539762,44.8871503],[35.1390488,44.8962757],[35.1750033,44.9251782],[35.1465184,44.9333296],[35.1331492,44.9310834],[35.1324141,44.9225132],[35.1139425,44.9280714],[35.0721493,44.9139012],[35.0556886,44.9150284],[35.059154,44.9233382],[35.0718877,44.9384817],[35.1030795,44.9328091],[35.1111771,44.9389054],[35.1159503,44.9287282],[35.1434226,44.9392215],[35.1159074,44.9445124],[35.1286694,44.9536595],[35.1119819,44.956788],[35.1229035,44.9602407],[35.1332811,44.9541129],[35.1763871,44.9603601],[35.1494405,44.9662301],[35.1585575,44.9733031],[35.1413955,44.9826334],[35.084035,44.9660769],[35.0046688,44.9679622],[35.005672,44.9794201],[35.0257891,44.9848622],[34.9885263,45.0287527],[35.009723,45.055463],[35.0154785,45.0835143],[34.9891475,45.0873568],[34.9648978,45.0892646],[34.950532,45.080469],[34.9510698,45.0634289],[34.9221074,45.054027],[34.9681817,45.0560252],[34.9581464,45.0119626],[34.9386484,45.0075575],[34.9333997,44.9961949],[34.9257525,45.0027999],[34.9095589,44.9936558],[34.8815704,45.0001558],[34.8785787,44.9481247],[34.829215,44.9313556],[34.8365726,44.9224404],[34.8011899,44.8995527],[34.7542368,44.8927602],[34.7224674,44.8438531],[34.7269613,44.8195242],[34.7464836,44.8104081],[34.807217,44.820193],[34.9099276,44.8161025],[34.9198031,44.8306138],[34.9671382,44.8402012],[34.9887595,44.8301261],[35.0311574,44.8300453],[35.0510243,44.8151899],[35.0475945,44.8008704],[35.0802424,44.7924114],[35.1088363,44.8104817]]]]}},{"type":"Feature","properties":{"oblast":"krym","name":"муниципальный округ Феодосия","match":"муниципальный округ феодосия"},"geometry":{"type":"MultiPolygon","coordinates":[[[[35.325203,45.0921494],[35.3126729,45.0890612],[35.2931755,45.1076431],[35.2622648,45.1129316],[35.2501663,45.0563496],[35.2302191,45.0599423],[35.2362814,45.016097],[35.1992752,45.0140269],[35.1867744,44.9985587],[35.1609518,44.9993167],[35.165256,44.9803065],[35.1454202,44.968812],[35.1765244,44.9590111],[35.1119819,44.956788],[35.1286694,44.9536595],[35.117324,44.9433965],[35.1431628,44.9411195],[35.1279008,44.9297843],[35.1146287,44.9287984],[35.1111771,44.9389054],[35.1030795,44.9328091],[35.0718877,44.9384817],[35.0556886,44.9150284],[35.0921734,44.9156325],[35.1139425,44.9280714],[35.1324141,44.9225132],[35.1331492,44.9310834],[35.1465184,44.9333296],[35.1720169,44.9282942],[35.1390488,44.8962757],[35.1539545,44.8873575],[35.1874084,44.9087334],[35.2396795,44.9182413],[35.2531045,44.9378444],[35.2476677,44.9544314],[35.2695381,44.9684074],[35.2945782,44.9616011],[35.3136684,44.9700014],[35.3421771,44.9664769],[35.383669,44.9470871],[35.389524,44.9545503],[35.3706754,44.9543171],[35.3535201,44.975321],[35.3573303,44.9876646],[35.4254655,45.0132638],[35.3966836,45.0303602],[35.3910756,45.0247085],[35.385728,45.0521753],[35.4503431,45.0994327],[35.538303,45.1269059],[35.5291359,45.1308823],[35.5151267,45.1785486],[35.5045677,45.1634057],[35.4271766,45.1716692],[35.4423942,45.1437392],[35.3761182,45.1382235],[35.3747098,45.1250882],[35.3386806,45.1271969],[35.3439178,45.0987227],[35.325203,45.0921494]]]]}},{"type":"Feature","properties":{"oblast":"krym","name":"муниципальный округ Ялта","match":"муниципальный округ ялта"},"geometry":{"type":"MultiPolygon","coordinates":[[[[34.1289498,44.4318289],[34.0651922,44.4223523],[34.0354306,44.4056257],[33.9696731,44.3916141],[33.8611233,44.4068273],[33.7617836,44.3893566],[33.7855572,44.3968776],[33.781585,44.4057444],[33.8591887,44.4199143],[33.9223084,44.4202527],[33.9763217,44.4382403],[33.9988173,44.4559845],[34.0032,44.4731466],[34.0327463,44.4741334],[34.0437333,44.4967055],[34.1048783,44.5193096],[34.1232403,44.5464167],[34.1649017,44.5609211],[34.2038849,44.58846],[34.2181594,44.5827515],[34.2386237,44.59241],[34.2313224,44.6121034],[34.2371371,44.6203406],[34.2538456,44.6176756],[34.2423092,44.6106873],[34.2459228,44.6026003],[34.2774737,44.5963756],[34.2766799,44.5741176],[34.3190062,44.5638842],[34.3198773,44.5525815],[34.2777259,44.5403633],[34.2517459,44.5069127],[34.1665008,44.4943188],[34.1289498,44.4318289]]]]}},{"type":"Feature","properties":{"oblast":"krym","name":"Білогірський район","match":"білогірський"},"geometry":{"type":"MultiPolygon","coordinates":[[[[34.3613053,44.8906884],[34.3489428,44.9005608],[34.3426888,44.888766],[34.328362,44.8891002],[34.2910731,44.9371922],[34.305712,44.9515727],[34.2880095,44.9898073],[34.2789807,44.9903968],[34.2817836,45.0446238],[34.2637979,45.0568923],[34.2748747,45.0646878],[34.2744833,45.0856779],[34.2635404,45.0839342],[34.2615931,45.0950231],[34.277901,45.1122775],[34.2522988,45.1454069],[34.2263661,45.141586],[34.2125603,45.1544347],[34.2033136,45.1507352],[34.1900218,45.1853951],[34.1875449,45.2531913],[34.2061762,45.2553672],[34.2170971,45.2848155],[34.2918983,45.2851903],[34.3185054,45.2798764],[34.3169451,45.2414451],[34.3311704,45.209012],[34.4845261,45.2261055],[34.5195474,45.2229793],[34.5196542,45.2078515],[34.5444214,45.2081862],[34.5595652,45.2270624],[34.5340631,45.2416349],[34.5327387,45.2540372],[34.5582679,45.2537642],[34.5578127,45.3039558],[34.5418433,45.3039179],[34.5428936,45.3297744],[34.6080552,45.3295823],[34.6014903,45.386762],[34.5799133,45.387162],[34.5790612,45.406366],[34.5351642,45.4044031],[34.5281179,45.4359956],[34.5702079,45.4539699],[34.5494347,45.4969613],[34.5619519,45.5044993],[34.5621077,45.5264504],[34.5745438,45.5265925],[34.5729484,45.5476468],[34.5922945,45.5574342],[34.5856076,45.5629782],[34.5950566,45.5698638],[34.6138977,45.5563677],[34.6140956,45.5651371],[34.6559271,45.5649449],[34.6618847,45.5728365],[34.6748281,45.5611271],[34.6977037,45.5648795],[34.6973935,45.5840175],[34.7965162,45.5841346],[34.7967535,45.6016638],[34.7171934,45.6111601],[34.7292668,45.6426776],[34.8072041,45.6352037],[34.8111991,45.6644339],[34.8299144,45.6764269],[34.8503344,45.708953],[34.9667142,45.7589893],[35.006066,45.67995],[35.030483,45.672079],[35.0627696,45.6225884],[35.0742535,45.623349],[35.1037622,45.5885639],[35.0120815,45.5618814],[34.9998936,45.4994593],[34.9202632,45.4926439],[34.927422,45.4392994],[34.8425288,45.4479235],[34.8560778,45.429648],[34.7582335,45.4220324],[34.7778065,45.3992748],[34.8167332,45.3833926],[34.8163486,45.3716164],[34.8056219,45.3715246],[34.8061081,45.3581495],[34.7584302,45.3590027],[34.7580532,45.3376314],[34.7676597,45.337533],[34.7657094,45.2871465],[34.7263428,45.2874151],[34.7255003,45.2689924],[34.6974684,45.2601008],[34.693047,45.2395019],[34.6737735,45.2251535],[34.6692621,45.1882233],[34.6956801,45.1878273],[34.6976326,45.206384],[34.7360475,45.2159674],[34.7375563,45.2239247],[34.76829,45.2238091],[34.7648005,45.1610738],[34.7846574,45.1599532],[34.7906692,45.1794892],[34.8648585,45.1777874],[34.8641234,45.1602105],[34.8904495,45.1598199],[34.8875158,45.1338047],[34.8622563,45.132372],[34.8622222,45.0807718],[34.9227036,45.0791028],[34.9230529,45.0684787],[34.9119204,45.0630827],[34.9267893,45.0492198],[34.9676916,45.0564265],[34.9581464,45.0119626],[34.9386484,45.0075575],[34.9333997,44.9961949],[34.9257525,45.0027999],[34.9095589,44.9936558],[34.8815704,45.0001558],[34.8785787,44.9481247],[34.829215,44.9313556],[34.8365726,44.9224404],[34.8011899,44.8995527],[34.7573319,44.8943078],[34.7411816,44.8813534],[34.7255458,44.8966386],[34.7011677,44.9002899],[34.6930623,44.8729354],[34.6503836,44.8797861],[34.6583998,44.8726584],[34.6459034,44.8588874],[34.6074023,44.8424483],[34.5987483,44.8559488],[34.6073855,44.8608036],[34.5883833,44.8648907],[34.6041148,44.8770211],[34.574432,44.886095],[34.5372658,44.8882798],[34.5359794,44.8657385],[34.498927,44.8679927],[34.4731906,44.8565543],[34.4549322,44.8706538],[34.4188575,44.8659412],[34.4063192,44.8789768],[34.4063796,44.8670241],[34.3853224,44.8914948],[34.3613053,44.8906884]]]]}},{"type":"Feature","properties":{"oblast":"krym","name":"Джанкойський район","match":"джанкойський"},"geometry":{"type":"MultiPolygon","coordinates":[[[[34.0761652,45.8124144],[34.1005953,45.7985255],[34.0994109,45.7875179],[34.114966,45.7864243],[34.1117869,45.7622252],[34.099618,45.7624338],[34.1083974,45.6808383],[34.1007312,45.6664822],[34.0768577,45.6653981],[34.0626458,45.6320203],[34.1016313,45.6305697],[34.101443,45.6138426],[34.1394718,45.6141698],[34.140055,45.5784198],[34.1602796,45.578609],[34.1604415,45.5983758],[34.1784217,45.5984359],[34.1869554,45.6274415],[34.2546707,45.6262265],[34.2553139,45.5503972],[34.3355718,45.5629935],[34.3295985,45.550061],[34.4036612,45.5500128],[34.4048544,45.5603531],[34.421575,45.5601638],[34.4216575,45.5680719],[34.4622103,45.5663472],[34.4623217,45.5471225],[34.5155619,45.5435279],[34.5206225,45.5221847],[34.5745438,45.5265925],[34.5729484,45.5476468],[34.5922945,45.5574342],[34.5856076,45.5629782],[34.5950566,45.5698638],[34.6138977,45.5563677],[34.6140956,45.5651371],[34.6559271,45.5649449],[34.6618847,45.5728365],[34.6748281,45.5611271],[34.6977037,45.5648795],[34.6973935,45.5840175],[34.7965162,45.5841346],[34.7967535,45.6016638],[34.7171934,45.6111601],[34.7292668,45.6426776],[34.8072041,45.6352037],[34.8111991,45.6644339],[34.8299144,45.6764269],[34.8503344,45.708953],[34.9598675,45.7563118],[34.7990874,45.8104643],[34.8021689,45.9006479],[34.7540112,45.9088363],[34.6507239,45.977337],[34.6011392,45.9941699],[34.5611691,45.9943843],[34.5109022,45.9480281],[34.4762212,45.9441393],[34.4430184,45.9618096],[34.4049875,46.0092864],[34.320021,46.0682092],[34.2337973,46.0559851],[34.1805652,46.0682828],[34.1218931,46.1057194],[34.0809285,46.117556],[34.0685264,46.1162658],[34.0647437,46.0811024],[34.0430367,46.0575083],[34.0784798,46.0518949],[34.0712908,46.0312389],[34.0815706,46.0189593],[34.0873771,46.0275736],[34.0940648,46.0204685],[34.0832943,46.0106449],[34.0876761,45.9999486],[34.0596434,45.9818304],[34.0801695,45.9490599],[34.1077026,45.9399745],[34.0948393,45.9331108],[34.0964997,45.908099],[34.1316215,45.9126523],[34.1315622,45.8786063],[34.153696,45.878677],[34.1537198,45.8539573],[34.1000593,45.8562614],[34.1021584,45.8204009],[34.0765245,45.8204022],[34.0761652,45.8124144]]]]}},{"type":"Feature","properties":{"oblast":"krym","name":"Євпаторійський район","match":"євпаторійський"},"geometry":{"type":"MultiPolygon","coordinates":[[[[33.5480209,45.0993202],[33.4849015,45.1541594],[33.3998396,45.1967895],[33.3793774,45.1958356],[33.3793188,45.1858195],[33.3484859,45.1740907],[33.3068658,45.1738767],[33.2835306,45.1481417],[33.2579948,45.1480474],[33.2247248,45.1759129],[33.1491468,45.2029751],[32.9968116,45.3240097],[32.9123169,45.3597951],[32.856111,45.36873],[32.756039,45.365481],[32.6524283,45.3152827],[32.4942142,45.3466297],[32.5144966,45.37206],[32.5065728,45.3834428],[32.4804738,45.3898265],[32.4805656,45.4004893],[32.5398278,45.4548206],[32.584334,45.480299],[32.6923917,45.5228661],[32.6966381,45.509968],[32.712322,45.516529],[32.711537,45.52879],[32.7900803,45.5617283],[32.8035799,45.5533761],[32.8196034,45.5589428],[32.8298427,45.547713],[32.8367132,45.5567661],[32.827517,45.555832],[32.8456746,45.5748701],[32.8208141,45.5840314],[32.8259849,45.5903909],[32.955603,45.66113],[33.09611,45.7147436],[33.1003138,45.6960675],[33.1248279,45.6968732],[33.1262719,45.6794986],[33.1122065,45.6791172],[33.1147955,45.6619597],[33.2038226,45.6588015],[33.2042954,45.6080918],[33.2286736,45.6077219],[33.2322777,45.5571991],[33.3203059,45.5531584],[33.3182691,45.5116086],[33.3340827,45.4783855],[33.3738274,45.4775279],[33.3603061,45.5253232],[33.3920705,45.5231464],[33.3920022,45.5070607],[33.4475661,45.5036092],[33.4485207,45.5121938],[33.4641679,45.5113219],[33.4580643,45.4641581],[33.4295965,45.4553776],[33.4303523,45.4318795],[33.501264,45.4331041],[33.5065111,45.4476436],[33.5514226,45.4444419],[33.5511565,45.4338326],[33.5770826,45.4332297],[33.5742872,45.4026121],[33.5976725,45.4025874],[33.5970304,45.426514],[33.6089785,45.4270759],[33.6075672,45.4352757],[33.6414781,45.4334453],[33.6503782,45.443022],[33.6777432,45.4459564],[33.6798337,45.4353678],[33.7018113,45.4337448],[33.7047548,45.4159552],[33.7389316,45.4167807],[33.7373523,45.4385731],[33.8159018,45.4428314],[33.8159388,45.4240728],[33.8008254,45.4238966],[33.8010332,45.3975174],[33.9025424,45.397402],[33.9158439,45.3384167],[33.8899964,45.3344482],[33.8841083,45.2896938],[33.9122061,45.28968],[33.9545102,45.1907825],[33.8827075,45.1901211],[33.8831591,45.1649711],[33.914042,45.1603544],[33.913383,45.1317311],[33.897079,45.1311937],[33.8970182,45.105851],[33.84734,45.1019806],[33.8452509,45.0936753],[33.7697128,45.0940375],[33.7697705,45.0765012],[33.7964275,45.0758241],[33.7971686,45.045099],[33.7820806,45.0528332],[33.7792296,45.0410247],[33.6760302,45.0382952],[33.6814064,44.98766],[33.6045011,44.9920433],[33.5763657,45.0614991],[33.5480209,45.0993202]]]]}},{"type":"Feature","properties":{"oblast":"krym","name":"Керченський район","match":"керченський"},"geometry":{"type":"MultiPolygon","coordinates":[[[[36.6379401,45.3784541],[36.6462122,45.3842581],[36.6078303,45.4091711],[36.613768,45.422004],[36.5965906,45.4377645],[36.5738522,45.4403881],[36.5539812,45.4235498],[36.52989,45.426772],[36.4757708,45.456413],[36.4469618,45.4586792],[36.4139669,45.4457339],[36.3441038,45.4835115],[36.3250229,45.4703579],[36.2846486,45.4815463],[36.1258644,45.4621145],[36.0725262,45.4417195],[36.072898,45.4080239],[36.0504471,45.3865678],[36.012343,45.372079],[35.9759325,45.3709113],[35.9231257,45.3863348],[35.8727968,45.4164973],[35.8456957,45.4482056],[35.8723218,45.4664771],[35.8452418,45.4732687],[35.8205217,45.4611362],[35.8283247,45.4454836],[35.8193875,45.4318438],[35.7489219,45.3935672],[35.761586,45.374033],[35.7282896,45.351824],[35.7202225,45.3344616],[35.6124379,45.315781],[35.517924,45.284362],[35.4172246,45.3282583],[35.3125283,45.4035374],[35.193952,45.524371],[35.091404,45.613003],[34.9751849,45.7619201],[34.9667142,45.7589893],[35.006066,45.67995],[35.028181,45.674172],[35.0627696,45.6225884],[35.0742535,45.623349],[35.150142,45.5442236],[35.2229527,45.4863801],[35.3059028,45.3887115],[35.3224383,45.3910332],[35.3468396,45.3563382],[35.3841508,45.340474],[35.414747,45.3025898],[35.4482085,45.2991505],[35.4370237,45.310047],[35.4636687,45.293894],[35.4651118,45.2823793],[35.4488545,45.26798],[35.4626258,45.2180463],[35.4243865,45.2148122],[35.4271766,45.1716692],[35.5045677,45.1634057],[35.5151267,45.1785486],[35.5291359,45.1308823],[35.538303,45.1269059],[35.614706,45.1270942],[35.724696,45.0944519],[35.809179,45.044362],[35.8171097,45.033362],[35.8123436,45.0221492],[35.8329425,45.0137333],[35.8373292,44.9994709],[35.9123113,45.0199729],[35.9537472,45.0128664],[36.0322224,45.0500836],[36.2251724,45.0280887],[36.2594499,45.0519296],[36.3744365,45.0592658],[36.424458,45.077967],[36.454235,45.1001267],[36.4280286,45.1214342],[36.4060545,45.1736911],[36.4026572,45.2145715],[36.4372994,45.2706095],[36.426531,45.2771368],[36.4340937,45.2640761],[36.413471,45.2429639],[36.4265387,45.2545584],[36.4087634,45.2605661],[36.4289953,45.2577722],[36.4163991,45.2827693],[36.494511,45.3174749],[36.4776559,45.3222973],[36.4876932,45.324318],[36.4727346,45.3290121],[36.4704853,45.3392717],[36.4605478,45.3357979],[36.4823098,45.3512462],[36.4787158,45.3594303],[36.501957,45.363558],[36.5366929,45.3460913],[36.5973743,45.34609],[36.630057,45.3616035],[36.6291078,45.3747994],[36.6379401,45.3784541]]]]}},{"type":"Feature","properties":{"oblast":"krym","name":"Курманський район","match":"курманський"},"geometry":{"type":"MultiPolygon","coordinates":[[[[34.1083974,45.6808383],[34.1007312,45.6664822],[34.0768577,45.6653981],[34.0626458,45.6320203],[34.1016313,45.6305697],[34.101443,45.6138426],[34.1394718,45.6141698],[34.140055,45.5784198],[34.1602796,45.578609],[34.1604415,45.5983758],[34.1784217,45.5984359],[34.1869554,45.6274415],[34.2546707,45.6262265],[34.2553139,45.5503972],[34.3355718,45.5629935],[34.3295985,45.550061],[34.4036612,45.5500128],[34.4048544,45.5603531],[34.421575,45.5601638],[34.4216575,45.5680719],[34.4622103,45.5663472],[34.4623217,45.5471225],[34.5054732,45.547719],[34.5155619,45.5435279],[34.5206225,45.5221847],[34.5621337,45.522013],[34.5619519,45.5044993],[34.5494347,45.4969613],[34.5702079,45.4539699],[34.5283903,45.4366943],[34.5351642,45.4044031],[34.5790612,45.406366],[34.5799133,45.387162],[34.6014903,45.386762],[34.6080552,45.3295823],[34.5428936,45.3297744],[34.5418433,45.3039179],[34.5578127,45.3039558],[34.5582679,45.2537642],[34.5327387,45.2540372],[34.5340631,45.2416349],[34.5595652,45.2270624],[34.5444214,45.2081862],[34.5196542,45.2078515],[34.5195474,45.2229793],[34.4845261,45.2261055],[34.3311704,45.209012],[34.3169451,45.2414451],[34.3185054,45.2798764],[34.2193016,45.285236],[34.2061762,45.2553672],[34.1875449,45.2531913],[34.1850039,45.2253205],[34.0871476,45.2273089],[34.099721,45.2478109],[34.0685908,45.2477524],[34.0674954,45.2324499],[34.0198479,45.2325282],[34.0169404,45.2168557],[34.0007926,45.2168697],[33.9986005,45.19092],[33.9727156,45.1905005],[33.979521,45.2443321],[33.9331502,45.2444945],[33.9122061,45.28968],[33.8841083,45.2896938],[33.8899964,45.3344482],[33.9158439,45.3384167],[33.9023463,45.3975279],[33.8010332,45.3975174],[33.8008254,45.4238966],[33.8159388,45.4240728],[33.8159018,45.4428314],[33.7373523,45.4385731],[33.7389316,45.4167807],[33.7047548,45.4159552],[33.7018113,45.4337448],[33.6798337,45.4353678],[33.6777432,45.4459564],[33.6503782,45.443022],[33.6470802,45.4728516],[33.5253109,45.4776212],[33.5385421,45.5187603],[33.5378056,45.5585872],[33.527867,45.5581591],[33.5327948,45.5742189],[33.57236,45.5877719],[33.5741606,45.6272356],[33.5987016,45.6285578],[33.6041843,45.747167],[33.6522395,45.7477693],[33.6525146,45.7209242],[33.6910044,45.7212151],[33.6911273,45.7051366],[33.716719,45.7028543],[33.703372,45.7345292],[33.7455726,45.7487491],[33.7324288,45.7727081],[33.7667939,45.7763667],[33.7672733,45.8059667],[33.8095575,45.8091609],[33.8805475,45.7980548],[33.8812898,45.7856448],[33.8940465,45.7818978],[33.9715531,45.7864012],[33.9729262,45.7675684],[34.011769,45.7667656],[34.0300036,45.7802573],[34.0123043,45.7844439],[34.0119661,45.8023304],[34.0761102,45.8026752],[34.0761652,45.8124144],[34.1005953,45.7985255],[34.0994109,45.7875179],[34.114966,45.7864243],[34.1117869,45.7622252],[34.099618,45.7624338],[34.1083974,45.6808383]]]]}},{"type":"Feature","properties":{"oblast":"krym","name":"Перекопський район","match":"перекопський"},"geometry":{"type":"MultiPolygon","coordinates":[[[[33.744864,46.1863319],[33.7968936,46.2030156],[33.8486859,46.1996667],[33.9982336,46.1264504],[34.0526389,46.1091293],[34.0685264,46.1162658],[34.0647437,46.0811024],[34.0430367,46.0575083],[34.0784798,46.0518949],[34.0712908,46.0312389],[34.0815706,46.0189593],[34.0873771,46.0275736],[34.0940648,46.0204685],[34.0832943,46.0106449],[34.0876761,45.9999486],[34.0596434,45.9818304],[34.0801695,45.9490599],[34.1077026,45.9399745],[34.0948393,45.9331108],[34.0964997,45.908099],[34.1316215,45.9126523],[34.1315622,45.8786063],[34.153696,45.878677],[34.1537198,45.8539573],[34.1000593,45.8562614],[34.1021584,45.8204009],[34.0765245,45.8204022],[34.0761102,45.8026752],[34.0119661,45.8023304],[34.0123043,45.7844439],[34.0300036,45.7802573],[34.011769,45.7667656],[33.9729262,45.7675684],[33.9715531,45.7864012],[33.8940465,45.7818978],[33.8812898,45.7856448],[33.8805475,45.7980548],[33.8095575,45.8091609],[33.7672733,45.8059667],[33.7667939,45.7763667],[33.7324288,45.7727081],[33.7455726,45.7487491],[33.703372,45.7345292],[33.716719,45.7028543],[33.6911273,45.7051366],[33.6910044,45.7212151],[33.6525146,45.7209242],[33.6522395,45.7477693],[33.6041843,45.747167],[33.5987016,45.6285578],[33.5741606,45.6272356],[33.57236,45.5877719],[33.5327948,45.5742189],[33.527867,45.5581591],[33.5378056,45.5585872],[33.5385421,45.5187603],[33.5253109,45.4776212],[33.6473383,45.4727506],[33.6505778,45.4408631],[33.6414781,45.4334453],[33.6075672,45.4352757],[33.6089785,45.4270759],[33.5970304,45.426514],[33.5976725,45.4025874],[33.5742872,45.4026121],[33.5770826,45.4332297],[33.5511565,45.4338326],[33.5514226,45.4444419],[33.5065111,45.4476436],[33.501264,45.4331041],[33.4303523,45.4318795],[33.4295965,45.4553776],[33.4580643,45.4641581],[33.4641679,45.5113219],[33.4485207,45.5121938],[33.4475661,45.5036092],[33.3920022,45.5070607],[33.3920705,45.5231464],[33.3603061,45.5253232],[33.3738274,45.4775279],[33.3340827,45.4783855],[33.3182691,45.5116086],[33.3200497,45.5533877],[33.2322777,45.5571991],[33.2286736,45.6077219],[33.2042954,45.6080918],[33.2038226,45.6588015],[33.1147955,45.6619597],[33.1122065,45.6791172],[33.1262719,45.6794986],[33.1248279,45.6968732],[33.1003138,45.6960675],[33.0990863,45.713412],[33.1381667,45.719016],[33.153592,45.7317116],[33.1709363,45.7915774],[33.1826377,45.7718187],[33.2107751,45.7566992],[33.2634062,45.7552743],[33.3549122,45.7853829],[33.418184,45.830318],[33.4982157,45.8576787],[33.5410567,45.882701],[33.497241,45.848728],[33.5040014,45.8401451],[33.532825,45.846515],[33.5441,45.835817],[33.5677922,45.869147],[33.5801894,45.8679629],[33.6136561,45.8902832],[33.657923,45.872028],[33.6830964,45.8430344],[33.6791386,45.9061982],[33.7592912,45.9336172],[33.7451224,45.95138],[33.6914943,45.9563291],[33.6555956,45.9548672],[33.634853,45.942187],[33.617985,45.946256],[33.631664,45.96901],[33.6147985,46.0522429],[33.6428941,46.0797463],[33.615514,46.1268315],[33.6147111,46.1346624],[33.6412746,46.1424429],[33.6152408,46.2262179],[33.6467708,46.22958],[33.670864,46.2117939],[33.744864,46.1863319]]]]}},{"type":"Feature","properties":{"oblast":"krym","name":"Сімферопольський район","match":"сімферопольський"},"geometry":{"type":"MultiPolygon","coordinates":[[[[33.6123307,44.9259476],[33.6463456,44.931208],[33.6468643,44.9093299],[33.6872663,44.9135224],[33.7143754,44.8968897],[33.7394743,44.9107965],[33.7509895,44.9079406],[33.7515881,44.8983371],[33.8323142,44.8981489],[33.8338974,44.9205458],[33.8713484,44.9205425],[33.8964112,44.9117299],[33.8973502,44.9023039],[33.9192816,44.9020438],[33.9403153,44.8795878],[34.0104514,44.8728082],[34.0058889,44.8584586],[34.0403422,44.8503288],[34.0494,44.8338204],[34.0273893,44.8241739],[34.00512,44.831179],[33.9962888,44.8278575],[34.0000867,44.8222478],[34.1147724,44.7296567],[34.1269804,44.7504866],[34.1711941,44.7767769],[34.2269598,44.7795914],[34.2289385,44.7981696],[34.2641715,44.7945566],[34.2802099,44.763992],[34.3144086,44.7687455],[34.318525,44.7504699],[34.3283737,44.7469177],[34.3810404,44.777759],[34.3835895,44.7921182],[34.4055886,44.7953543],[34.4823608,44.8412774],[34.512936,44.8342004],[34.5197402,44.8399956],[34.4982085,44.8556986],[34.4815146,44.8505642],[34.4549322,44.8706538],[34.4196881,44.8656809],[34.4063192,44.8789768],[34.4063796,44.8670241],[34.3856859,44.891288],[34.3639861,44.8886208],[34.3569392,44.9001447],[34.3360597,44.8859748],[34.3250894,44.8917095],[34.2905965,44.9383642],[34.305712,44.9515727],[34.2880095,44.9898073],[34.2789807,44.9903968],[34.2817836,45.0446238],[34.2637979,45.0568923],[34.2748747,45.0646878],[34.2744833,45.0856779],[34.2635404,45.0839342],[34.2615931,45.0950231],[34.277901,45.1122775],[34.2522988,45.1454069],[34.2263661,45.141586],[34.2125603,45.1544347],[34.2033136,45.1507352],[34.1900218,45.1853951],[34.1899051,45.2248664],[34.0871476,45.2273089],[34.099721,45.2478109],[34.0685908,45.2477524],[34.0674954,45.2324499],[34.0198479,45.2325282],[34.0169404,45.2168557],[34.0007926,45.2168697],[33.9986005,45.19092],[33.977422,45.1904746],[33.979521,45.2443321],[33.9331502,45.2444945],[33.9545102,45.1907825],[33.8827075,45.1901211],[33.8831591,45.1649711],[33.914042,45.1603544],[33.913383,45.1317311],[33.897079,45.1311937],[33.8970182,45.105851],[33.84734,45.1019806],[33.8452509,45.0936753],[33.7697128,45.0940375],[33.7697705,45.0765012],[33.7964275,45.0758241],[33.7971686,45.045099],[33.7820806,45.0528332],[33.7792296,45.0410247],[33.6760302,45.0382952],[33.6816836,44.9877281],[33.6042403,44.9918509],[33.5982085,44.9746682],[33.6123307,44.9259476]]]]}},{"type":"Feature","properties":{"oblast":"krym","name":"Феодосійський район","match":"феодосійський"},"geometry":{"type":"MultiPolygon","coordinates":[[[[35.4271766,45.1716692],[35.5045677,45.1634057],[35.5151267,45.1785486],[35.5291359,45.1308823],[35.538303,45.1269059],[35.4503431,45.0994327],[35.385728,45.0521753],[35.3910756,45.0247085],[35.3966836,45.0303602],[35.4254655,45.0132638],[35.3573303,44.9876646],[35.3535201,44.975321],[35.3706754,44.9543171],[35.389524,44.9545503],[35.383669,44.9470871],[35.3421771,44.9664769],[35.2615431,44.9654603],[35.2476677,44.9544314],[35.2531045,44.9378444],[35.2396795,44.9182413],[35.1575324,44.8939117],[35.1358264,44.8584874],[35.1301504,44.8237397],[35.0821644,44.7924084],[35.0475945,44.8008704],[35.0510243,44.8151899],[35.0311574,44.8300453],[34.9887595,44.8301261],[34.9671382,44.8402012],[34.9198031,44.8306138],[34.9094781,44.8160614],[34.807217,44.820193],[34.7464836,44.8104081],[34.7243803,44.8238368],[34.7236658,44.8503705],[34.7411816,44.8813534],[34.7573319,44.8943078],[34.8011899,44.8995527],[34.8365726,44.9224404],[34.829215,44.9313556],[34.8785787,44.9481247],[34.8815704,45.0001558],[34.9095589,44.9936558],[34.9257525,45.0027999],[34.9333997,44.9961949],[34.9386484,45.0075575],[34.9581464,45.0119626],[34.969977,45.0486376],[34.9642574,45.0581521],[34.9230731,45.0507728],[34.9119204,45.0630827],[34.9230529,45.0684787],[34.9227036,45.0791028],[34.8622222,45.0807718],[34.8622563,45.132372],[34.8875158,45.1338047],[34.8904495,45.1598199],[34.8641234,45.1602105],[34.8648585,45.1777874],[34.7906692,45.1794892],[34.7846574,45.1599532],[34.7648005,45.1610738],[34.76829,45.2238091],[34.7375563,45.2239247],[34.7360475,45.2159674],[34.6976326,45.206384],[34.6956801,45.1878273],[34.6692621,45.1882233],[34.6737735,45.2251535],[34.693047,45.2395019],[34.6980572,45.2606277],[34.7255003,45.2689924],[34.7256005,45.2871207],[34.7657094,45.2871465],[34.7676597,45.337533],[34.7580532,45.3376314],[34.7584302,45.3590027],[34.8061081,45.3581495],[34.8056219,45.3715246],[34.8163486,45.3716164],[34.8167332,45.3833926],[34.7778065,45.3992748],[34.7582335,45.4220324],[34.8560778,45.429648],[34.8425288,45.4479235],[34.927422,45.4392994],[34.9202632,45.4926439],[34.9998936,45.4994593],[35.0120815,45.5618814],[35.1065902,45.5880075],[35.2229527,45.4863801],[35.3059028,45.3887115],[35.3224383,45.3910332],[35.3468396,45.3563382],[35.3841508,45.340474],[35.414747,45.3025898],[35.4482085,45.2991505],[35.4370237,45.310047],[35.4601497,45.2979091],[35.4659808,45.2842665],[35.4488545,45.26798],[35.4626258,45.2180463],[35.4243865,45.2148122],[35.4271766,45.1716692]]]]}},{"type":"Feature","properties":{"oblast":"krym","name":"Ялтинський район","match":"ялтинський"},"geometry":{"type":"MultiPolygon","coordinates":[[[[34.4258246,44.6798464],[34.3836398,44.6253219],[34.3715126,44.5918296],[34.3488511,44.5817857],[34.3475833,44.548914],[34.3057426,44.5521515],[34.2777259,44.5403633],[34.2497648,44.5060282],[34.1684167,44.495492],[34.1264091,44.4289587],[34.0651922,44.4223523],[34.0354306,44.4056257],[33.9696731,44.3916141],[33.8611233,44.4068273],[33.7617836,44.3893566],[33.7855572,44.3968776],[33.781585,44.4057444],[33.8591887,44.4199143],[33.9223084,44.4202527],[33.9763217,44.4382403],[33.9988173,44.4559845],[34.0032,44.4731466],[34.0327463,44.4741334],[34.0437333,44.4967055],[34.1048783,44.5193096],[34.1232403,44.5464167],[34.1649017,44.5609211],[34.2038849,44.58846],[34.2181594,44.5827515],[34.2392936,44.5928885],[34.2314929,44.6135444],[34.2538456,44.6176756],[34.2641542,44.6392381],[34.2318466,44.6449054],[34.2192611,44.6707547],[34.1992191,44.6774335],[34.1872473,44.6925298],[34.1849545,44.7188962],[34.2530904,44.7176357],[34.2743954,44.7346854],[34.280566,44.7642444],[34.2987675,44.7610103],[34.30848,44.7714326],[34.3283737,44.7469177],[34.3810404,44.777759],[34.3835895,44.7921182],[34.4055886,44.7953543],[34.4823608,44.8412774],[34.5174952,44.8345304],[34.519896,44.8418506],[34.4982085,44.8556986],[34.4731906,44.8565543],[34.498927,44.8679927],[34.5359794,44.8657385],[34.5372658,44.8882798],[34.6041148,44.8770211],[34.5883833,44.8648907],[34.6073855,44.8608036],[34.5987483,44.8559488],[34.6074023,44.8424483],[34.6459034,44.8588874],[34.6583998,44.8726584],[34.6503836,44.8797861],[34.6930623,44.8729354],[34.7011677,44.9002899],[34.7255458,44.8966386],[34.7411816,44.8813534],[34.7224674,44.8438531],[34.734244,44.8120549],[34.4922262,44.7279294],[34.4570366,44.710369],[34.4258246,44.6798464]]]]}},{"type":"Feature","properties":{"oblast":"krym","name":"Бахчисарайский район","match":"бахчисарайский"},"geometry":{"type":"MultiPolygon","coordinates":[[[[33.6776172,44.7854168],[33.6823606,44.7699841],[33.6136625,44.7497551],[33.6161203,44.711976],[33.7006932,44.7148119],[33.7050933,44.7049158],[33.7265921,44.716636],[33.7769711,44.690265],[33.7176817,44.6375914],[33.7162703,44.6204383],[33.735653,44.6009246],[33.7795796,44.6131096],[33.7872108,44.5856602],[33.8272108,44.5712636],[33.8401482,44.5304315],[33.8572702,44.5258757],[33.8456566,44.519124],[33.8971535,44.4787873],[33.9262025,44.4213251],[33.9798434,44.4401626],[33.9988173,44.4559845],[34.0032,44.4731466],[34.0327463,44.4741334],[34.0437333,44.4967055],[34.1048783,44.5193096],[34.1353137,44.553476],[34.1649017,44.5609211],[34.2038849,44.58846],[34.2181594,44.5827515],[34.2386237,44.59241],[34.2314929,44.6135444],[34.2538456,44.6176756],[34.2642007,44.6389233],[34.2309932,44.6455527],[34.2192611,44.6707547],[34.1872473,44.6925298],[34.1844435,44.7154539],[34.2513316,44.7172169],[34.2743954,44.7346854],[34.2802099,44.763992],[34.2641715,44.7945566],[34.2289385,44.7981696],[34.2241856,44.7783426],[34.1711941,44.7767769],[34.1269804,44.7504866],[34.1147724,44.7296567],[34.0742192,44.7549663],[34.0543048,44.7844012],[33.9962888,44.8278575],[34.0447419,44.8300917],[34.0403422,44.8503288],[34.0058889,44.8584586],[34.0104514,44.8728082],[33.9403153,44.8795878],[33.9192816,44.9020438],[33.8973502,44.9023039],[33.8964112,44.9117299],[33.875625,44.9197003],[33.8342349,44.9207148],[33.8323142,44.8981489],[33.7515881,44.8983371],[33.7509895,44.9079406],[33.7394743,44.9107965],[33.7143754,44.8968897],[33.6872663,44.9135224],[33.6468643,44.9093299],[33.6463456,44.931208],[33.6123307,44.9259476],[33.6046999,44.8629735],[33.5684954,44.8337724],[33.5866523,44.807848],[33.6207523,44.8065488],[33.6776172,44.7854168]]]]}},{"type":"Feature","properties":{"oblast":"kharkivska","name":"Богодухівський район","match":"богодухівський"},"geometry":{"type":"MultiPolygon","coordinates":[[[[35.3031067,50.2640306],[35.3311047,50.2767343],[35.2965161,50.2895163],[35.318719,50.3134987],[35.3300292,50.3186529],[35.3822305,50.2944786],[35.3790932,50.3205345],[35.4099159,50.320974],[35.4232694,50.3350281],[35.4390285,50.316894],[35.4595938,50.3149295],[35.4963592,50.2926133],[35.5042539,50.299842],[35.5312343,50.2935369],[35.5353313,50.3020062],[35.5159175,50.3172416],[35.5734275,50.319806],[35.5939337,50.3312547],[35.6303036,50.3244359],[35.6233295,50.3211673],[35.6502278,50.3097534],[35.6603619,50.3268231],[35.6732887,50.3256718],[35.6926624,50.3456316],[35.6580016,50.3511483],[35.7387239,50.3546016],[35.8027106,50.3979249],[35.8067997,50.4110294],[35.7928415,50.4158101],[35.8319584,50.4338511],[35.835141,50.4247083],[35.8725269,50.4226512],[35.8892957,50.4391127],[35.9360191,50.4307857],[36.0682619,50.451111],[36.16064,50.43154],[36.1769618,50.4015937],[36.1050754,50.3653225],[36.1723841,50.3457114],[36.1728015,50.3341538],[36.1509154,50.3263106],[36.1613181,50.3242902],[36.1634396,50.3002855],[36.1759726,50.2878346],[36.1499917,50.2775448],[36.1209624,50.240704],[36.0856233,50.243731],[36.0957469,50.236199],[36.0930659,50.2249342],[36.0367082,50.2116019],[36.0724867,50.2013694],[36.0776664,50.1799796],[36.0364148,50.18143],[36.0130146,50.132976],[35.9867645,50.1359134],[35.9855533,50.115808],[35.9952485,50.1083835],[35.9414482,50.1111724],[35.9364878,50.1010826],[35.9438631,50.0925457],[35.9161284,50.097247],[35.9152723,50.0851634],[35.9040038,50.0895332],[35.8676792,50.0776167],[35.8443446,50.0989459],[35.8419752,50.117053],[35.8158937,50.1153385],[35.8324244,50.0903512],[35.8274722,50.0747392],[35.8447042,50.0637955],[35.7983454,50.0440068],[35.8103387,50.0446354],[35.8128603,50.0348148],[35.7940512,50.0349767],[35.7796049,50.0173439],[35.7976889,50.0223981],[35.792474,50.0160774],[35.803587,50.0139949],[35.8025172,50.0021215],[35.8345809,49.995948],[35.8098598,49.9969803],[35.8136863,49.9709946],[35.7926406,49.9514074],[35.7551335,49.9439341],[35.7919799,49.9401311],[35.7866926,49.9491862],[35.7952393,49.9491988],[35.8143894,49.9414295],[35.7986612,49.9360686],[35.8033732,49.9259086],[35.8187158,49.9367644],[35.82751,49.9333082],[35.8248809,49.9238472],[35.8628998,49.9105557],[35.8731435,49.9159599],[35.8676258,49.8908997],[35.8742039,49.8830807],[35.8663216,49.877186],[35.8733985,49.8747019],[35.8243714,49.8588294],[35.821809,49.8356313],[35.8387908,49.8325794],[35.8223019,49.8235193],[35.8209827,49.8130782],[35.770386,49.8182595],[35.7798275,49.8251012],[35.7592179,49.8366184],[35.7017872,49.8238428],[35.6983768,49.8009445],[35.7108206,49.8005668],[35.7142441,49.79054],[35.7077412,49.7752322],[35.6851859,49.7818798],[35.6546567,49.751793],[35.6789162,49.7443129],[35.6758033,49.7238088],[35.6990168,49.7063421],[35.6635534,49.6916727],[35.6222216,49.6911622],[35.6180687,49.6569357],[35.572345,49.6458123],[35.5372228,49.6487097],[35.528941,49.662078],[35.5080984,49.6689352],[35.4699289,49.6643796],[35.4644108,49.6739925],[35.433372,49.6734492],[35.3445109,49.6651737],[35.3301463,49.682025],[35.2436622,49.6935165],[35.2563781,49.708846],[35.2427321,49.7128872],[35.2644218,49.7165933],[35.259357,49.7334326],[35.2229809,49.7366411],[35.2054041,49.7564836],[35.2114544,49.7890932],[35.1995927,49.800448],[35.2221858,49.8070418],[35.2193739,49.829652],[35.1400557,49.8596952],[35.1191351,49.8513568],[35.0679745,49.8586254],[35.046536,49.8723164],[35.0637556,49.8853611],[35.0337604,49.8873358],[35.014287,49.8759836],[34.9803521,49.8897771],[34.9705071,49.8852545],[34.9394181,49.9034839],[34.912464,49.9352694],[34.8930985,49.932121],[34.859465,49.9496284],[34.8702568,49.9573318],[34.8563132,49.9870227],[34.9380776,50.0618226],[34.9648948,50.0746106],[34.9558887,50.093287],[34.9373726,50.0957093],[34.9327884,50.1347073],[34.9403583,50.1521815],[34.9736237,50.1584901],[34.9621449,50.1845789],[35.0325083,50.1802657],[35.029597,50.1660928],[35.0398747,50.1647254],[35.0728827,50.1944407],[35.0700952,50.2058684],[35.1054519,50.2144842],[35.1480809,50.2422051],[35.190933,50.2284767],[35.1978805,50.2381829],[35.2347559,50.2280774],[35.2376129,50.2364508],[35.2603892,50.2344283],[35.2661274,50.2652909],[35.3031067,50.2640306]]]]}},{"type":"Feature","properties":{"oblast":"kharkivska","name":"Харківський район","match":"харківський"},"geometry":{"type":"MultiPolygon","coordinates":[[[[36.0661859,49.6164148],[35.9659188,49.6326095],[35.9565647,49.6184456],[35.8660033,49.5815998],[35.8465587,49.597853],[35.8513001,49.6249397],[35.8316529,49.6479176],[35.8179267,49.6361956],[35.7902527,49.6354181],[35.7831948,49.6214347],[35.7685255,49.6171089],[35.7429053,49.6265299],[35.7461508,49.6441911],[35.7103075,49.6570294],[35.7228622,49.6656321],[35.7171783,49.6754898],[35.7470809,49.6937128],[35.7083446,49.6968829],[35.6758033,49.7238088],[35.6789162,49.7443129],[35.6551808,49.7497362],[35.6851859,49.7818798],[35.7077412,49.7752322],[35.7142441,49.79054],[35.7108206,49.8005668],[35.6983768,49.8009445],[35.7017872,49.8238428],[35.7592179,49.8366184],[35.7798275,49.8251012],[35.770386,49.8182595],[35.8209827,49.8130782],[35.8223019,49.8235193],[35.8387908,49.8325794],[35.821809,49.8356313],[35.8243714,49.8588294],[35.8733985,49.8747019],[35.8663216,49.877186],[35.8742039,49.8830807],[35.8676258,49.8908997],[35.8731435,49.9159599],[35.8628998,49.9105557],[35.8248809,49.9238472],[35.82751,49.9333082],[35.8187158,49.9367644],[35.8033732,49.9259086],[35.7986612,49.9360686],[35.8143894,49.9414295],[35.7952393,49.9491988],[35.7866926,49.9491862],[35.7919799,49.9401311],[35.7551335,49.9439341],[35.7926406,49.9514074],[35.8136863,49.9709946],[35.8098598,49.9969803],[35.8345809,49.995948],[35.8025172,50.0021215],[35.803587,50.0139949],[35.792474,50.0160774],[35.7976889,50.0223981],[35.7796049,50.0173439],[35.7940512,50.0349767],[35.8128603,50.0348148],[35.8103387,50.0446354],[35.7983454,50.0440068],[35.8447042,50.0637955],[35.8274722,50.0747392],[35.8324244,50.0903512],[35.8148507,50.1102146],[35.818757,50.1185838],[35.8419752,50.117053],[35.8443446,50.0989459],[35.8676792,50.0776167],[35.9040038,50.0895332],[35.9152723,50.0851634],[35.9161284,50.097247],[35.9438631,50.0925457],[35.9364878,50.1010826],[35.9414482,50.1111724],[35.9952485,50.1083835],[35.9855533,50.115808],[35.9867645,50.1359134],[36.0130146,50.132976],[36.0364148,50.18143],[36.0776664,50.1799796],[36.0724867,50.2013694],[36.0367082,50.2116019],[36.0930659,50.2249342],[36.0957469,50.236199],[36.0856233,50.243731],[36.1209624,50.240704],[36.1499917,50.2775448],[36.1759726,50.2878346],[36.1634396,50.3002855],[36.1613181,50.3242902],[36.1509154,50.3263106],[36.1728015,50.3341538],[36.1723841,50.3457114],[36.1050754,50.3653225],[36.1845234,50.4064123],[36.2336668,50.3635931],[36.2838531,50.3355539],[36.2739667,50.3241205],[36.2860729,50.2986505],[36.2987785,50.2994395],[36.2957047,50.2917904],[36.3642097,50.2874902],[36.4334535,50.3306376],[36.4399794,50.3110596],[36.4877844,50.3115624],[36.5266228,50.2935822],[36.5241793,50.2862699],[36.584757,50.2861174],[36.5907748,50.2707589],[36.5605393,50.2507244],[36.6130167,50.2237762],[36.6634128,50.2218397],[36.660025,50.2087687],[36.7045461,50.1964064],[36.6892264,50.1897507],[36.7040485,50.18129],[36.6726911,50.1686278],[36.7024963,50.1589167],[36.6687865,50.1476379],[36.6913383,50.1273127],[36.6655675,50.1118269],[36.6705476,50.103473],[36.6344265,50.1099482],[36.6249818,50.0974401],[36.5679709,50.0983006],[36.5494074,50.0806638],[36.5672808,50.0355819],[36.6026427,50.0341105],[36.6455994,50.0057034],[36.6254018,49.9998734],[36.6245682,49.9905439],[36.6471691,49.9674468],[36.6021283,49.9372817],[36.6089934,49.9317425],[36.6020076,49.9213018],[36.5715585,49.9226181],[36.561922,49.9046066],[36.5393887,49.9095729],[36.5338339,49.8862354],[36.4614659,49.8802988],[36.4525281,49.863751],[36.4326766,49.8692895],[36.4088598,49.8139944],[36.422014,49.7973859],[36.3341324,49.792325],[36.3213709,49.8007066],[36.3211687,49.8188657],[36.280554,49.8317157],[36.2855169,49.8218177],[36.2311381,49.8132739],[36.1696341,49.8261638],[36.1291923,49.8062419],[36.1201597,49.7861275],[36.1490724,49.7877212],[36.1602461,49.7775098],[36.1508715,49.7607039],[36.1332107,49.7550725],[36.0835635,49.7698113],[36.0552611,49.7562583],[36.036629,49.7635208],[35.9745545,49.7595745],[35.9752817,49.7495793],[35.9679651,49.7631521],[35.9862264,49.7366112],[36.0345853,49.7234254],[36.0000541,49.7115193],[36.0108067,49.7022121],[36.0505881,49.7054849],[36.0736891,49.69446],[36.0733782,49.6719171],[36.0388349,49.6737697],[36.0562283,49.6514576],[36.0661859,49.6164148]]]]}},{"type":"Feature","properties":{"oblast":"kharkivska","name":"Берестинський район","match":"берестинський"},"geometry":{"type":"MultiPolygon","coordinates":[[[[35.2347024,49.1075481],[35.2270838,49.1005885],[35.1898381,49.1107577],[35.2282838,49.1266789],[35.1897705,49.1382456],[35.1897949,49.147818],[35.209995,49.1510523],[35.1872203,49.1627914],[35.1439962,49.1500608],[35.122365,49.1644341],[35.0953058,49.1554294],[35.086539,49.1413468],[35.0758206,49.1490877],[35.0806222,49.1612335],[35.0693772,49.1653254],[35.0756038,49.170146],[35.0531214,49.1769934],[35.0432547,49.1552938],[35.0178946,49.1507738],[34.9803734,49.2501859],[35.0241127,49.3256017],[35.0366858,49.3318306],[35.076381,49.318084],[35.0912383,49.3006085],[35.2417468,49.2970261],[35.2716587,49.2771222],[35.288161,49.2964952],[35.2791408,49.3181883],[35.375321,49.3982179],[35.3479958,49.4048248],[35.3638865,49.4469711],[35.3157812,49.4554599],[35.33168,49.5049098],[35.4617008,49.4836812],[35.4845468,49.4908973],[35.4907973,49.5078647],[35.484595,49.5165052],[35.4286648,49.5266585],[35.426806,49.5496193],[35.4049415,49.5553711],[35.4856818,49.5720132],[35.4523307,49.6305345],[35.4256374,49.6560405],[35.433372,49.6734492],[35.4644108,49.6739925],[35.4699289,49.6643796],[35.5080984,49.6689352],[35.528941,49.662078],[35.5372228,49.6487097],[35.572345,49.6458123],[35.6180687,49.6569357],[35.6222216,49.6911622],[35.6635534,49.6916727],[35.6990168,49.7063421],[35.7083446,49.6968829],[35.7470809,49.6937128],[35.7171783,49.6754898],[35.7228622,49.6656321],[35.7103075,49.6570294],[35.7461508,49.6441911],[35.7429053,49.6265299],[35.7685255,49.6171089],[35.7831948,49.6214347],[35.7902527,49.6354181],[35.8179267,49.6361956],[35.8316529,49.6479176],[35.8513001,49.6249397],[35.8465587,49.597853],[35.8660033,49.5815998],[35.9565647,49.6184456],[35.9659188,49.6326095],[36.0740664,49.6156865],[36.0793678,49.6029718],[36.1206617,49.5881131],[36.0781553,49.5648824],[36.068639,49.5420086],[36.0826045,49.5160393],[36.0779701,49.505015],[35.9848927,49.5042043],[35.9805732,49.4617348],[35.9972022,49.4562168],[35.9843664,49.4063063],[36.0003376,49.3983942],[35.9946542,49.3839993],[36.005223,49.382519],[36.0095898,49.355625],[36.0251481,49.3551048],[36.0268921,49.3444044],[36.0406179,49.3472664],[36.0286673,49.3118293],[36.0733163,49.2833214],[36.0608661,49.2565927],[36.1357694,49.2456503],[36.140318,49.226061],[36.1295576,49.2261746],[36.1302949,49.2159611],[36.1417677,49.2147944],[36.1367556,49.1961337],[36.1623824,49.1977751],[36.1710483,49.1337112],[36.161666,49.1317223],[36.1658798,49.109725],[36.2553607,49.1268083],[36.2716821,49.1037243],[36.1991303,49.072289],[36.1592356,49.0684292],[36.1296919,49.0498225],[36.1074725,49.0509234],[36.1090434,49.0425678],[36.0685162,49.0060366],[36.0507412,49.0020138],[36.0520153,48.9914668],[36.0341826,48.9797586],[36.004065,48.9911442],[35.9973568,48.9861775],[35.9833808,49.003255],[35.9453014,49.0035604],[35.9306742,48.9797588],[35.942571,48.9771163],[35.9387829,48.9713022],[35.8838604,48.9752096],[35.8790576,48.9627019],[35.8551191,48.9577751],[35.8567153,48.9450491],[35.8295993,48.9501489],[35.8100443,48.9411361],[35.8150653,48.9297207],[35.8074365,48.9271799],[35.7917896,48.9345203],[35.8005279,48.9421986],[35.7891069,48.9544168],[35.7752434,48.9486074],[35.760181,48.9554723],[35.7522901,48.9466732],[35.740465,48.9492865],[35.7362611,48.9657309],[35.7241971,48.9665575],[35.7129606,48.9491929],[35.695998,48.9427585],[35.6951155,48.9671557],[35.6603727,48.9745259],[35.6285334,48.9671668],[35.6266838,48.9831815],[35.5844395,48.9872129],[35.5729151,48.9735597],[35.5094333,48.9842285],[35.4849513,48.9727415],[35.4885595,48.980208],[35.458239,48.9881208],[35.4591474,48.9972431],[35.4361454,49.0044346],[35.4387405,49.0111778],[35.4086493,49.013051],[35.4012486,49.0304476],[35.3863952,49.0267844],[35.3420861,49.0455607],[35.3347626,49.0613032],[35.3018862,49.0693869],[35.3127148,49.0776655],[35.3074823,49.0917142],[35.2759232,49.0907467],[35.2578448,49.1133858],[35.2347024,49.1075481]]]]}},{"type":"Feature","properties":{"oblast":"kharkivska","name":"Чугуївський район","match":"чугуївський"},"geometry":{"type":"MultiPolygon","coordinates":[[[[36.9197979,49.5998506],[36.9340915,49.6323917],[36.9410132,49.626849],[36.9748792,49.6429506],[36.9816184,49.6497123],[36.9675244,49.6608135],[37.0245273,49.7120707],[36.9984835,49.7147786],[37.0001422,49.7260454],[36.991576,49.726077],[36.9645446,49.7725071],[37.0124594,49.7874471],[37.0234472,49.8036699],[37.0668082,49.7717018],[37.0768504,49.7979586],[37.1137944,49.7904192],[37.1485013,49.8257021],[37.1892908,49.8385453],[37.1767291,49.9416197],[37.1350448,49.9471658],[37.1758487,49.9795502],[37.1527222,49.9897882],[37.1603157,49.9999005],[37.1494291,50.0058828],[37.162129,50.012835],[37.1579143,50.0433969],[37.1691091,50.0671254],[37.1841708,50.0670944],[37.1878552,50.0772029],[37.1511786,50.1005926],[37.1972178,50.1261815],[37.2436936,50.1075062],[37.2713028,50.1111917],[37.2804414,50.1168286],[37.2685129,50.1257207],[37.3043737,50.1371036],[37.291494,50.1505932],[37.30801,50.1533626],[37.3221288,50.1710763],[37.3188988,50.1806991],[37.3496036,50.1886626],[37.3648778,50.1794526],[37.3772645,50.1842353],[37.3687043,50.2234253],[37.4247664,50.2541615],[37.4199407,50.2896661],[37.5291708,50.3173347],[37.5354357,50.3335198],[37.4849618,50.3567588],[37.4665868,50.3802314],[37.4653954,50.4310708],[37.4848921,50.4312702],[37.4904967,50.4573621],[37.4769439,50.4594753],[37.4118349,50.4329283],[37.3299725,50.4362674],[37.3110174,50.4270062],[37.2922513,50.4010999],[37.1510796,50.3563135],[37.1017323,50.3581445],[37.1054059,50.3515724],[37.0450349,50.3449912],[36.9375882,50.3502802],[36.8700084,50.3361537],[36.8331335,50.3131922],[36.7680856,50.3017371],[36.7641948,50.2919584],[36.7720476,50.2895552],[36.7495277,50.2881105],[36.7487311,50.2803141],[36.6888079,50.2673201],[36.6795811,50.2377326],[36.6565286,50.2165727],[36.7045461,50.1964064],[36.6892264,50.1897507],[36.7040485,50.18129],[36.6726911,50.1686278],[36.7024963,50.1589167],[36.6687865,50.1476379],[36.6859174,50.136051],[36.687596,50.1218558],[36.6655675,50.1118269],[36.6698816,50.1032171],[36.6344265,50.1099482],[36.6249818,50.0974401],[36.5679709,50.0983006],[36.5494074,50.0806638],[36.5672808,50.0355819],[36.6026427,50.0341105],[36.6455994,50.0057034],[36.6254018,49.9998734],[36.6245682,49.9905439],[36.6471691,49.9674468],[36.6021283,49.9372817],[36.6089934,49.9317425],[36.6020076,49.9213018],[36.5715585,49.9226181],[36.561922,49.9046066],[36.5393887,49.9095729],[36.5333846,49.8860651],[36.4614659,49.8802988],[36.4525281,49.863751],[36.4326766,49.8692895],[36.4088598,49.8139944],[36.4235553,49.7986035],[36.4125552,49.7938402],[36.3341324,49.792325],[36.3213709,49.8007066],[36.3211687,49.8188657],[36.280554,49.8317157],[36.2855169,49.8218177],[36.2311381,49.8132739],[36.1696341,49.8261638],[36.1300187,49.8073033],[36.1201597,49.7861275],[36.1580409,49.7839402],[36.1508093,49.7606678],[36.1281891,49.7551941],[36.0835635,49.7698113],[36.0552611,49.7562583],[35.9870851,49.7619097],[35.9737656,49.7593444],[35.9752817,49.7495793],[35.9721232,49.7630278],[35.9670786,49.7589613],[35.9862264,49.7366112],[36.0345853,49.7234254],[36.0000541,49.7115193],[36.0108067,49.7022121],[36.0505881,49.7054849],[36.0736891,49.69446],[36.0733782,49.6719171],[36.0388349,49.6737697],[36.0396154,49.6643249],[36.0562283,49.6514576],[36.0661859,49.6164148],[36.0793678,49.6029718],[36.1206617,49.5881131],[36.0781553,49.5648824],[36.068639,49.5420086],[36.0822189,49.5169908],[36.1322629,49.5166692],[36.1343555,49.5386076],[36.1731297,49.5368138],[36.1965745,49.509656],[36.2404808,49.5023943],[36.2571713,49.5384057],[36.27566,49.5425546],[36.3828117,49.5069036],[36.3834782,49.4686574],[36.4358844,49.4587431],[36.4800689,49.4758448],[36.5086021,49.4640196],[36.5095362,49.4830265],[36.5253455,49.4838181],[36.5167159,49.5040934],[36.4841527,49.5192719],[36.4762078,49.5041352],[36.4397657,49.5096343],[36.4289761,49.5180555],[36.4316801,49.5278232],[36.4504227,49.5334724],[36.4374712,49.5367455],[36.4999905,49.524102],[36.5273569,49.5510558],[36.5664559,49.5446808],[36.6053672,49.5643575],[36.622278,49.5886482],[36.7001937,49.569714],[36.7021341,49.5878721],[36.7988958,49.6190047],[36.8005422,49.6363146],[36.8558393,49.636769],[36.8532505,49.6067805],[36.8819191,49.6020876],[36.8856575,49.5903803],[36.9197979,49.5998506]]]]}},{"type":"Feature","properties":{"oblast":"kharkivska","name":"Лозівський район","match":"лозівський"},"geometry":{"type":"MultiPolygon","coordinates":[[[[36.3280653,49.5285646],[36.26235,49.5415169],[36.2404808,49.5023943],[36.1965745,49.509656],[36.1825585,49.5197767],[36.180179,49.5354841],[36.1343555,49.5386076],[36.1322629,49.5166692],[36.0822189,49.5169908],[36.0779701,49.505015],[35.9848927,49.5042043],[35.9805732,49.4617348],[35.9972022,49.4562168],[35.9843664,49.4063063],[36.0003376,49.3983942],[35.9946542,49.3839993],[36.005223,49.382519],[36.0095898,49.355625],[36.0251481,49.3551048],[36.0268921,49.3444044],[36.0406179,49.3472664],[36.0286673,49.3118293],[36.0733163,49.2833214],[36.0608661,49.2565927],[36.1357694,49.2456503],[36.140318,49.226061],[36.1295576,49.2261746],[36.1302949,49.2159611],[36.1417677,49.2147944],[36.1367556,49.1961337],[36.1623824,49.1977751],[36.1710483,49.1337112],[36.161666,49.1317223],[36.1658798,49.109725],[36.2553607,49.1268083],[36.2716305,49.1030806],[36.1991303,49.072289],[36.1592356,49.0684292],[36.1296919,49.0498225],[36.1074725,49.0509234],[36.1090434,49.0425678],[36.0685162,49.0060366],[36.0507412,49.0020138],[36.0520153,48.9914668],[36.0341826,48.9797586],[36.004065,48.9911442],[35.9973568,48.9861775],[35.9833808,49.003255],[35.9399698,48.9990133],[35.9890893,48.9693509],[35.9773899,48.9596734],[36.0035164,48.9463562],[35.9955519,48.9393712],[36.0436846,48.9153848],[36.0117342,48.8880117],[36.04008,48.8735334],[36.0192844,48.8546717],[36.0756049,48.8332397],[36.0649955,48.8083981],[36.1235371,48.8085277],[36.1592194,48.7842264],[36.1531969,48.7811162],[36.1594635,48.7680938],[36.1401103,48.7658944],[36.1618074,48.748951],[36.1430402,48.7243035],[36.2810903,48.6608545],[36.251138,48.620609],[36.319428,48.5872395],[36.271346,48.5437229],[36.2962497,48.531178],[36.3238878,48.5555752],[36.355173,48.5322871],[36.3918926,48.5647534],[36.3813127,48.5702682],[36.4241059,48.611917],[36.4459061,48.613845],[36.4285482,48.6156344],[36.442644,48.6285027],[36.4193355,48.6340535],[36.4468109,48.6324184],[36.482913,48.6636476],[36.5906985,48.6027629],[36.6549596,48.6095004],[36.6724736,48.6248878],[36.7389079,48.6259487],[36.7118326,48.6925518],[36.7283827,48.6928337],[36.7356495,48.7038903],[36.7091205,48.767446],[36.6893666,48.7760794],[36.7207015,48.8059652],[36.6882205,48.8159354],[36.6820762,48.8495875],[36.7037536,48.8635845],[36.7280282,48.8567489],[36.7615469,48.891062],[36.7832621,48.8969425],[36.7980638,48.8893401],[36.8097274,48.91069],[36.7807272,48.9480393],[36.7675279,48.9863665],[36.7373054,48.9931325],[36.7587462,49.013895],[36.7268145,49.0180585],[36.7200918,49.0315776],[36.6968943,49.0245733],[36.6799601,49.03277],[36.6732591,49.0212733],[36.6435325,49.0177549],[36.629596,49.080412],[36.6352932,49.0879717],[36.6216823,49.0919938],[36.6132205,49.0835007],[36.5915165,49.0954415],[36.6202712,49.1317862],[36.6128487,49.1365439],[36.6377597,49.1507618],[36.6552975,49.1947664],[36.6307369,49.1969678],[36.6452763,49.2284062],[36.5949286,49.2422355],[36.5842056,49.2616412],[36.56126,49.2676545],[36.5820427,49.2820821],[36.6103171,49.2742478],[36.6138762,49.2961875],[36.5623555,49.314741],[36.5648759,49.3270953],[36.5518641,49.327415],[36.552732,49.3554143],[36.5199415,49.3526925],[36.5185981,49.3692476],[36.4495925,49.3889209],[36.4817117,49.4557229],[36.4634419,49.4701317],[36.4358844,49.4587431],[36.3834782,49.4686574],[36.3828117,49.5069036],[36.3280653,49.5285646]]]]}},{"type":"Feature","properties":{"oblast":"kharkivska","name":"Куп’янський район","match":"куп'янський"},"geometry":{"type":"MultiPolygon","coordinates":[[[[37.5354357,50.3335198],[37.5553089,50.329639],[37.5769637,50.3063439],[37.5950459,50.3161253],[37.635743,50.3108121],[37.6262562,50.2927503],[37.6268475,50.2405974],[37.6142925,50.2197757],[37.6435094,50.1908441],[37.6403081,50.1760375],[37.7101555,50.1337222],[37.7066885,50.1280903],[37.7554896,50.0787078],[37.7975819,50.0842467],[37.9254475,50.0346313],[37.9649775,49.9789703],[38.0053422,49.9674265],[38.0443709,49.9326817],[38.0206025,49.9257674],[38.0217451,49.9101067],[38.093529,49.8460777],[38.073678,49.8360138],[38.017711,49.8370829],[38.0095719,49.8127852],[38.0548811,49.7915125],[38.0525154,49.783448],[38.0379456,49.7827777],[37.9988497,49.7532542],[37.9826707,49.7551587],[37.9766813,49.7678],[37.9514337,49.731662],[37.9747072,49.7084843],[38.0167106,49.7129176],[37.9986513,49.70038],[38.0133793,49.6954199],[38.0112724,49.6774386],[38.0320367,49.6668015],[38.0265141,49.6630793],[38.045834,49.657671],[37.9959275,49.6477859],[37.987107,49.6418408],[37.9957706,49.6286273],[37.9805195,49.6260576],[37.9748306,49.6116033],[37.9443097,49.6112904],[37.9340905,49.5894807],[37.9523188,49.5685519],[37.9011744,49.5741737],[37.886433,49.549142],[37.9272576,49.5478595],[37.9174823,49.5340277],[37.8857732,49.5188635],[37.8468168,49.5206187],[37.8407925,49.497441],[37.8027934,49.4920793],[37.7718638,49.4986208],[37.7727537,49.5068521],[37.7000824,49.5170635],[37.6925604,49.4990504],[37.6443942,49.489714],[37.6226352,49.4504167],[37.5707808,49.4316111],[37.5676562,49.4437057],[37.5223167,49.4505578],[37.5191078,49.467432],[37.4714599,49.4778339],[37.478684,49.4856983],[37.4720037,49.4895393],[37.4660611,49.4811629],[37.4546076,49.4845537],[37.409492,49.5214573],[37.3822026,49.5130308],[37.3893803,49.5435394],[37.3768985,49.5485236],[37.2956181,49.5243366],[37.2311984,49.5416608],[37.1727121,49.5421791],[37.1617373,49.5602767],[37.1734173,49.5624792],[37.1655853,49.5942161],[37.1436831,49.5999042],[37.1037355,49.581666],[37.0805279,49.5874122],[37.0853126,49.5934584],[37.0604824,49.6123299],[37.058469,49.6281873],[37.0482836,49.6337734],[37.0359349,49.6220496],[37.0052942,49.6208831],[37.0025699,49.6328744],[36.9675244,49.6608135],[37.0245273,49.7120707],[36.9984835,49.7147786],[37.0001422,49.7260454],[36.991576,49.726077],[36.9645446,49.7725071],[37.0124594,49.7874471],[37.0234472,49.8036699],[37.0668082,49.7717018],[37.0768504,49.7979586],[37.1137944,49.7904192],[37.1485013,49.8257021],[37.1892908,49.8385453],[37.1767291,49.9416197],[37.1350448,49.9471658],[37.1758487,49.9795502],[37.1527222,49.9897882],[37.1603157,49.9999005],[37.1494291,50.0058828],[37.162129,50.012835],[37.1579143,50.0433969],[37.1691091,50.0671254],[37.1841708,50.0670944],[37.1878552,50.0772029],[37.1511786,50.1005926],[37.1972178,50.1261815],[37.2436936,50.1075062],[37.2769624,50.1145468],[37.2685129,50.1257207],[37.3038419,50.1364416],[37.291494,50.1505932],[37.30801,50.1533626],[37.3221288,50.1710763],[37.3188988,50.1806991],[37.3496036,50.1886626],[37.3648778,50.1794526],[37.3772645,50.1842353],[37.3687043,50.2234253],[37.4247664,50.2541615],[37.4199407,50.2896661],[37.5291708,50.3173347],[37.5354357,50.3335198]]]]}},{"type":"Feature","properties":{"oblast":"kharkivska","name":"Ізюмський район","match":"ізюмський"},"geometry":{"type":"MultiPolygon","coordinates":[[[[36.9816184,49.6497123],[37.0052942,49.6208831],[37.0359349,49.6220496],[37.0482836,49.6337734],[37.058469,49.6281873],[37.0604824,49.6123299],[37.0853126,49.5934584],[37.0805279,49.5874122],[37.0956596,49.5827304],[37.1436831,49.5999042],[37.1655853,49.5942161],[37.1734173,49.5624792],[37.1617373,49.5602767],[37.1727121,49.5421791],[37.2311984,49.5416608],[37.2956181,49.5243366],[37.3726775,49.5501058],[37.3893803,49.5435394],[37.3822026,49.5130308],[37.409492,49.5214573],[37.4546076,49.4845537],[37.4660611,49.4811629],[37.4720037,49.4895393],[37.478684,49.4856983],[37.4714599,49.4778339],[37.5191078,49.467432],[37.5223167,49.4505578],[37.5676562,49.4437057],[37.5707808,49.4316111],[37.6226352,49.4504167],[37.6443942,49.489714],[37.6925604,49.4990504],[37.7000824,49.5170635],[37.7727537,49.5068521],[37.7718638,49.4986208],[37.8027934,49.4920793],[37.8441077,49.5027958],[37.83667,49.4926815],[37.8508964,49.4877142],[37.8440005,49.4452346],[37.8755942,49.4467491],[37.8783381,49.4134652],[37.8962713,49.4034895],[37.8769165,49.3287301],[37.8834557,49.3126874],[37.948553,49.303627],[37.9584141,49.2851618],[37.8988744,49.2702854],[37.9117826,49.2595009],[37.8662869,49.2463704],[37.8745133,49.2339965],[37.8541177,49.2260234],[37.8435096,49.201336],[37.6142746,49.2331348],[37.5610059,49.2280431],[37.502566,49.186479],[37.5537103,49.1668511],[37.5642568,49.1399758],[37.5409323,49.1456573],[37.5848991,49.1260061],[37.4873418,49.1017569],[37.5004309,49.0913738],[37.5058865,49.0701829],[37.4812049,49.057663],[37.4515772,49.053216],[37.4495494,49.0613821],[37.4174488,49.0613153],[37.385273,49.0483431],[37.3919077,49.0250599],[37.3753542,49.026272],[37.3669159,48.9916652],[37.3443961,49.0034979],[37.3113835,48.9900319],[37.3246068,48.9827871],[37.294625,48.9696536],[37.3208249,48.9565342],[37.3073119,48.9469698],[37.3322457,48.9347819],[37.3283404,48.9221538],[37.2694057,48.9226048],[37.2665745,48.9064057],[37.2226721,48.9087399],[37.2156554,48.8896369],[37.1931517,48.8811427],[37.1920963,48.8144756],[37.138676,48.8317561],[37.145682,48.8420787],[37.0988131,48.8507912],[37.0783612,48.8176962],[37.0237648,48.8178852],[37.0187545,48.80172],[37.0073765,48.8033321],[36.994919,48.7873734],[37.023038,48.7748372],[37.022936,48.7674745],[37.0431197,48.7661786],[37.035749,48.7460095],[36.9660115,48.793779],[36.8542182,48.800445],[36.8408119,48.7780786],[36.8357224,48.7828919],[36.8392986,48.7727018],[36.8212339,48.7713601],[36.7886624,48.7808424],[36.7905575,48.8019771],[36.7650042,48.7971873],[36.7010629,48.809287],[36.6882205,48.8159354],[36.6820762,48.8495875],[36.7037536,48.8635845],[36.7280282,48.8567489],[36.7615469,48.891062],[36.7832621,48.8969425],[36.7980638,48.8893401],[36.8079924,48.9156894],[36.7807272,48.9480393],[36.7675279,48.9863665],[36.7373054,48.9931325],[36.7587462,49.013895],[36.7268145,49.0180585],[36.7200918,49.0315776],[36.6968943,49.0245733],[36.6799601,49.03277],[36.6732591,49.0212733],[36.6435325,49.0177549],[36.629596,49.080412],[36.6352932,49.0879717],[36.6216823,49.0919938],[36.6132205,49.0835007],[36.5915165,49.0954415],[36.6202712,49.1317862],[36.6128487,49.1365439],[36.6415949,49.1598247],[36.6552975,49.1947664],[36.6307369,49.1969678],[36.6460067,49.2277168],[36.5949286,49.2422355],[36.5842056,49.2616412],[36.56126,49.2676545],[36.5820427,49.2820821],[36.6103171,49.2742478],[36.6138762,49.2961875],[36.5623555,49.314741],[36.5648759,49.3270953],[36.5518641,49.327415],[36.552732,49.3554143],[36.5199415,49.3526925],[36.5185981,49.3692476],[36.4495925,49.3889209],[36.4823619,49.4551423],[36.4628023,49.4708641],[36.4800689,49.4758448],[36.5086021,49.4640196],[36.5095362,49.4830265],[36.5253455,49.4838181],[36.5167159,49.5040934],[36.4856214,49.5191373],[36.4745126,49.5041363],[36.4397657,49.5096343],[36.4289387,49.519882],[36.433879,49.5299467],[36.4504291,49.5316643],[36.4374712,49.5367455],[36.4999905,49.524102],[36.5273569,49.5510558],[36.5664559,49.5446808],[36.6053672,49.5643575],[36.622278,49.5886482],[36.7001937,49.569714],[36.7021341,49.5878721],[36.7988958,49.6190047],[36.8005422,49.6363146],[36.8558393,49.636769],[36.8561465,49.6029563],[36.8819191,49.6020876],[36.8856575,49.5903803],[36.8945094,49.5904165],[36.9197979,49.5998506],[36.9340915,49.6323917],[36.9410132,49.626849],[36.9816184,49.6497123]]]]}}]}