{"type":"FeatureCollection","features":[{"type":"Feature","properties":{"id":"oblast:kyiv","kind":"oblast","oblast":"kyiv","name":"Київ"},"geometry":{"type":"Polygon","coordinates":[[[30.236,50.427],[30.245,50.423],[30.26,50.431],[30.269,50.426],[30.276,50.431],[30.281,50.447],[30.32,50.442],[30.349,50.446],[30.349,50.45],[30.358,50.445],[30.366,50.423],[30.393,50.406],[30.423,50.396],[30.443,50.381],[30.43,50.372],[30.438,50.367],[30.437,50.357],[30.452,50.355],[30.458,50.361],[30.468,50.36],[30.468,50.353],[30.473,50.351],[30.474,50.34],[30.478,50.34],[30.475,50.333],[30.491,50.335],[30.497,50.333],[30.488,50.327],[30.496,50.322],[30.509,50.326],[30.534,50.317],[30.533,50.296],[30.528,50.291],[30.546,50.291],[30.548,50.283],[30.543,50.276],[30.554,50.27],[30.554,50.277],[30.564,50.277],[30.57,50.259],[30.575,50.26],[30.586,50.245],[30.594,50.213],[30.644,50.226],[30.637,50.235],[30.645,50.24],[30.625,50.256],[30.626,50.263],[30.616,50.267],[30.61,50.281],[30.647,50.281],[30.657,50.268],[30.657,50.274],[30.672,50.278],[30.649,50.292],[30.613,50.337],[30.616,50.34],[30.611,50.346],[30.626,50.349],[30.631,50.342],[30.642,50.338],[30.635,50.342],[30.639,50.356],[30.636,50.361],[30.679,50.371],[30.669,50.36],[30.697,50.347],[30.713,50.355],[30.707,50.366],[30.715,50.369],[30.712,50.379],[30.717,50.382],[30.741,50.372],[30.762,50.375],[30.764,50.381],[30.781,50.385],[30.776,50.395],[30.79,50.398],[30.813,50.392],[30.826,50.404],[30.798,50.415],[30.802,50.427],[30.792,50.434],[30.743,50.458],[30.755,50.462],[30.751,50.464],[30.752,50.47],[30.741,50.469],[30.75,50.474],[30.746,50.478],[30.749,50.484],[30.76,50.484],[30.754,50.49],[30.74,50.491],[30.738,50.499],[30.762,50.509],[30.752,50.519],[30.823,50.537],[30.812,50.566],[30.784,50.58],[30.771,50.576],[30.766,50.584],[30.72,50.591],[30.721,50.586],[30.708,50.573],[30.714,50.556],[30.699,50.555],[30.698,50.562],[30.67,50.554],[30.664,50.552],[30.654,50.534],[30.557,50.54],[30.553,50.534],[30.568,50.521],[30.566,50.516],[30.555,50.522],[30.542,50.522],[30.541,50.534],[30.502,50.552],[30.494,50.567],[30.484,50.568],[30.482,50.572],[30.465,50.572],[30.463,50.584],[30.371,50.586],[30.371,50.574],[30.307,50.57],[30.341,50.556],[30.331,50.557],[30.333,50.551],[30.326,50.55],[30.326,50.546],[30.311,50.555],[30.298,50.554],[30.304,50.544],[30.303,50.533],[30.293,50.533],[30.291,50.527],[30.261,50.512],[30.27,50.498],[30.263,50.488],[30.252,50.485],[30.249,50.474],[30.258,50.47],[30.24,50.452],[30.246,50.44],[30.236,50.427]],[[30.321,50.487],[30.319,50.496],[30.335,50.493],[30.345,50.499],[30.345,50.491],[30.349,50.489],[30.336,50.483],[30.321,50.487]],[[30.722,50.522],[30.751,50.525],[30.752,50.519],[30.724,50.511],[30.722,50.522]]]}},{"type":"Feature","properties":{"id":"oblast:vinnytska","kind":"oblast","oblast":"vinnytska"},"geometry":{"type":"Polygon","coordinates":[[[28.977,49.552],[29.01,49.633],[28.964,49.673],[28.946,49.679],[28.964,49.7],[28.954,49.84],[28.903,49.863],[28.91,49.867],[28.899,49.882],[28.871,49.888],[28.857,49.889],[28.734,49.798],[28.422,49.825],[27.98,49.78],[27.923,49.771],[27.922,49.771],[27.887,49.757],[27.836,49.756],[27.817,49.743],[27.837,49.73],[27.763,49.697],[27.75,49.44],[27.827,49.421],[27.85,49.427],[27.851,49.426],[27.858,49.419],[27.835,49.409],[27.812,49.366],[27.858,49.328],[27.852,49.312],[27.849,49.264],[27.87,49.248],[27.856,49.236],[27.867,49.213],[27.887,49.213],[27.888,49.211],[27.897,49.189],[27.898,49.186],[27.896,49.185],[27.861,49.173],[27.853,49.171],[27.85,49.172],[27.815,49.189],[27.64,49.168],[27.601,49.161],[27.6,49.16],[27.595,49.148],[27.598,49.135],[27.578,49.122],[27.536,49.138],[27.533,49.125],[27.508,49.132],[27.493,49.121],[27.505,49.11],[27.48,49.088],[27.503,49.07],[27.435,49.07],[27.421,49.054],[27.411,49.042],[27.382,49.007],[27.418,48.972],[27.403,48.953],[27.394,48.928],[27.393,48.9],[27.414,48.891],[27.405,48.889],[27.409,48.768],[27.39,48.764],[27.417,48.74],[27.372,48.629],[27.378,48.627],[27.404,48.62],[27.426,48.612],[27.457,48.59],[27.479,48.507],[27.504,48.481],[27.524,48.473],[27.534,48.47],[27.747,48.458],[28.208,48.205],[28.355,48.246],[28.577,48.182],[28.85,48.078],[28.869,48.069],[29.005,48.151],[29.026,48.131],[29.035,48.13],[29.05,48.15],[29.06,48.18],[29.063,48.194],[29.064,48.196],[29.074,48.194],[29.076,48.194],[29.134,48.153],[29.258,48.112],[29.267,48.094],[29.27,48.093],[29.311,48.086],[29.382,48.103],[29.395,48.114],[29.398,48.114],[29.459,48.122],[29.468,48.122],[29.474,48.118],[29.495,48.103],[29.682,48.188],[29.722,48.202],[29.729,48.202],[29.773,48.205],[29.779,48.208],[29.771,48.226],[29.782,48.242],[29.786,48.369],[29.953,48.462],[29.964,48.461],[29.965,48.462],[29.965,48.473],[29.967,48.492],[30.006,48.513],[29.991,48.516],[29.992,48.517],[30.021,48.519],[29.99,48.614],[29.99,48.633],[29.978,48.635],[29.766,48.786],[29.687,48.912],[29.652,48.937],[29.696,49.001],[29.639,49.012],[29.606,49.057],[29.596,49.046],[29.606,49.058],[29.62,49.051],[29.63,49.047],[29.633,49.049],[29.639,49.055],[29.634,49.061],[29.711,49.207],[29.704,49.225],[29.711,49.226],[29.716,49.236],[29.662,49.25],[29.639,49.247],[29.613,49.266],[29.52,49.361],[29.503,49.37],[29.505,49.396],[29.595,49.443],[29.535,49.637],[29.513,49.646],[29.41,49.659],[29.151,49.593],[29.105,49.593],[29.027,49.59],[28.977,49.552]],[[28.995,48.905],[28.972,48.901],[28.97,48.903],[28.995,48.905]],[[28.35,48.822],[28.338,48.822],[28.339,48.829],[28.35,48.822]]]}},{"type":"Feature","properties":{"id":"oblast:volynska","kind":"oblast","oblast":"volynska"},"geometry":{"type":"Polygon","coordinates":[[[25.353,50.649],[25.354,50.65],[25.386,50.658],[25.387,50.664],[25.387,50.67],[25.372,50.685],[25.379,50.691],[25.694,50.725],[25.793,50.667],[25.828,50.621],[25.844,50.631],[25.902,50.832],[26.085,50.973],[26.071,51.156],[26.063,51.175],[26.06,51.183],[25.996,51.228],[25.948,51.232],[25.947,51.251],[25.931,51.264],[25.938,51.278],[25.893,51.291],[25.889,51.295],[25.877,51.314],[25.836,51.331],[25.822,51.345],[25.821,51.346],[25.835,51.362],[25.55,51.519],[25.683,51.756],[25.593,51.925],[25.264,51.969],[24.936,51.881],[24.373,51.879],[24.32,51.751],[23.997,51.58],[23.783,51.668],[23.661,51.584],[23.636,51.329],[23.955,51.043],[24.1,50.836],[23.957,50.795],[24.097,50.636],[24.115,50.644],[24.123,50.648],[24.155,50.647],[24.173,50.616],[24.201,50.613],[24.211,50.592],[24.227,50.589],[24.312,50.572],[24.489,50.556],[24.521,50.553],[24.534,50.547],[24.564,50.533],[24.558,50.511],[24.715,50.343],[25.059,50.342],[25.058,50.3],[25.113,50.287],[25.109,50.312],[25.166,50.331],[25.16,50.505],[25.328,50.612],[25.396,50.608],[25.405,50.611],[25.406,50.612],[25.405,50.612],[25.387,50.626],[25.378,50.633],[25.352,50.642],[25.353,50.649]],[[24.828,50.886],[24.799,50.882],[24.818,50.886],[24.828,50.886]],[[25.356,51.114],[25.407,51.131],[25.429,51.132],[25.356,51.114]]]}},{"type":"Feature","properties":{"id":"oblast:dnipropetrovska","kind":"oblast","oblast":"dnipropetrovska"},"geometry":{"type":"Polygon","coordinates":[[[35.196,48.231],[35.195,48.14],[35.524,48.075],[35.703,48.14],[35.817,48.066],[35.968,48.094],[35.983,48.086],[35.985,48.085],[35.969,48.073],[36.109,47.942],[36.115,47.926],[36.13,47.89],[36.054,47.88],[36.062,47.868],[36.074,47.849],[36.102,47.843],[36.196,47.859],[36.19,47.84],[36.198,47.833],[36.324,47.839],[36.472,47.825],[36.585,47.847],[36.602,48.091],[36.855,48.035],[36.867,48.058],[36.875,48.063],[36.896,48.077],[36.896,48.078],[36.873,48.184],[36.871,48.317],[36.817,48.313],[36.809,48.348],[36.821,48.405],[36.834,48.407],[36.825,48.414],[36.826,48.415],[36.851,48.417],[36.907,48.521],[36.904,48.531],[36.902,48.543],[36.885,48.542],[36.859,48.569],[36.788,48.567],[36.745,48.596],[36.739,48.626],[36.483,48.664],[36.324,48.556],[36.228,48.46],[36.296,48.531],[36.281,48.661],[36.019,48.855],[35.942,48.998],[35.931,48.98],[35.855,48.958],[35.856,48.945],[35.849,48.946],[35.83,48.95],[35.81,48.941],[35.819,48.924],[35.809,48.928],[35.792,48.935],[35.801,48.942],[35.789,48.954],[35.775,48.949],[35.696,48.943],[35.694,48.967],[35.666,48.973],[35.66,48.974],[35.653,48.973],[35.629,48.967],[35.627,48.983],[35.619,48.984],[35.587,48.987],[35.584,48.987],[35.582,48.984],[35.573,48.974],[35.51,48.984],[35.485,48.973],[35.313,49.078],[35.307,49.092],[35.276,49.091],[35.258,49.113],[35.23,49.103],[35.227,49.101],[35.211,49.105],[35.191,49.11],[35.228,49.127],[35.21,49.151],[35.188,49.163],[35.144,49.15],[35.043,49.155],[35.006,49.156],[34.949,49.194],[34.765,49.151],[34.745,49.143],[34.706,49.13],[34.693,49.136],[34.68,49.13],[34.682,49.122],[34.677,49.121],[34.664,49.12],[34.648,49.132],[34.624,49.123],[34.647,49.098],[34.591,49.112],[34.595,49.094],[34.574,49.095],[34.569,49.087],[34.567,49.081],[34.574,49.063],[34.544,49.054],[34.36,49.033],[34.309,48.765],[34.313,48.746],[34.309,48.735],[34.298,48.725],[34.292,48.719],[34.296,48.738],[34.295,48.739],[34.249,48.745],[34.12,48.822],[34.073,48.825],[34.035,48.844],[34.02,48.865],[33.926,48.88],[33.894,48.902],[33.802,48.663],[33.757,48.657],[33.762,48.625],[33.661,48.586],[33.65,48.6],[33.584,48.576],[33.511,48.563],[33.482,48.558],[33.472,48.545],[33.479,48.536],[33.469,48.534],[33.53,48.276],[33.578,48.252],[33.512,48.219],[33.511,48.219],[33.513,48.231],[33.243,48.173],[33.215,48.166],[33.232,48.127],[33.109,48.042],[33.037,48.032],[33.036,48.017],[33.022,48.013],[33.019,47.985],[33.018,47.985],[32.995,47.984],[33.007,47.937],[32.993,47.935],[33.014,47.91],[33.095,47.597],[33.093,47.579],[33.172,47.567],[33.233,47.577],[33.236,47.563],[33.644,47.485],[33.935,47.516],[33.941,47.509],[33.955,47.458],[34.017,47.459],[34.017,47.46],[34.071,47.468],[34.115,47.475],[34.183,47.485],[34.225,47.493],[34.3,47.519],[34.469,47.532],[34.561,47.558],[34.582,47.561],[34.6,47.561],[34.685,47.551],[34.796,47.537],[34.862,47.515],[34.869,47.517],[34.948,47.533],[34.965,47.548],[34.861,47.881],[34.817,47.864],[34.858,48.015],[34.847,48.014],[34.846,48.014],[35.039,48.098],[35.061,48.121],[35.097,48.13],[35.102,48.132],[35.164,48.129],[35.194,48.14],[35.196,48.231]],[[34.187,47.966],[34.173,47.967],[34.185,47.97],[34.187,47.966]],[[34.2,48.057],[34.194,48.057],[34.196,48.068],[34.2,48.057]],[[35.285,48.464],[35.315,48.424],[35.303,48.44],[35.285,48.464]]]}},{"type":"Feature","properties":{"id":"oblast:donetska","kind":"oblast","oblast":"donetska"},"geometry":{"type":"Polygon","coordinates":[[[37.062,46.884],[37.337,46.891],[37.527,47.074],[37.816,47.106],[38.133,47.057],[38.23,47.119],[38.221,47.305],[38.303,47.392],[38.358,47.627],[38.616,47.645],[38.771,47.727],[38.843,47.865],[39.074,47.87],[39.04,48.007],[38.613,48.204],[38.59,48.235],[38.59,48.238],[38.591,48.252],[38.575,48.267],[38.567,48.268],[38.427,48.278],[38.439,48.392],[38.433,48.448],[38.431,48.447],[38.393,48.432],[38.381,48.43],[38.378,48.433],[38.367,48.442],[38.341,48.437],[38.303,48.492],[38.303,48.497],[38.306,48.495],[38.263,48.637],[38.229,48.634],[38.227,48.643],[38.226,48.652],[38.266,48.656],[38.272,48.825],[38.092,48.939],[38.052,48.938],[38.042,48.929],[38.031,48.917],[38.036,48.935],[38.052,48.986],[38.098,48.993],[38.053,49.06],[38.062,49.063],[38.082,49.148],[38.044,49.15],[38.04,49.127],[38.039,49.127],[37.955,49.139],[37.894,49.16],[37.893,49.16],[37.903,49.167],[37.873,49.223],[37.87,49.232],[37.614,49.233],[37.564,49.228],[37.519,49.198],[37.503,49.187],[37.554,49.167],[37.036,48.746],[36.969,48.792],[36.957,48.794],[36.854,48.8],[36.765,48.797],[36.72,48.806],[36.689,48.776],[36.712,48.693],[36.727,48.656],[36.729,48.65],[36.739,48.627],[36.739,48.626],[36.745,48.596],[36.788,48.567],[36.859,48.569],[36.885,48.542],[36.902,48.543],[36.904,48.531],[36.907,48.521],[36.851,48.417],[36.826,48.415],[36.825,48.414],[36.834,48.407],[36.821,48.405],[36.809,48.348],[36.817,48.313],[36.871,48.317],[36.873,48.184],[36.896,48.078],[36.896,48.077],[36.882,48.064],[36.875,48.063],[36.867,48.058],[36.855,48.035],[36.602,48.091],[36.585,47.847],[36.605,47.851],[36.725,47.631],[37.19,47.469],[37.245,47.468],[37.24,47.46],[37.248,47.457],[37.195,47.373],[36.947,47.311],[36.963,47.202],[36.931,47.201],[36.867,47.2],[36.855,47.199],[37.125,47.039],[37.062,46.884]],[[37.699,47.371],[37.854,47.365],[37.863,47.353],[37.699,47.371]],[[38.023,48.478],[38.012,48.475],[38.012,48.476],[38.023,48.478]],[[37.872,48.373],[37.831,48.349],[37.815,48.365],[37.814,48.367],[37.808,48.373],[37.779,48.402],[37.793,48.389],[37.803,48.38],[37.825,48.39],[37.872,48.373]],[[37.931,48.365],[37.951,48.359],[37.933,48.359],[37.931,48.365]],[[37.935,48.352],[37.926,48.335],[37.868,48.363],[37.935,48.352]],[[37.948,48.455],[38.003,48.457],[37.965,48.396],[37.958,48.448],[37.948,48.455]],[[37.797,48.376],[37.738,48.357],[37.796,48.377],[37.797,48.376]],[[37.954,48.199],[37.954,48.198],[37.953,48.198],[37.954,48.199]],[[37.541,47.916],[37.547,47.867],[37.544,47.839],[37.541,47.916]],[[37.51,47.813],[37.527,47.814],[37.468,47.805],[37.51,47.813]]]}},{"type":"Feature","properties":{"id":"oblast:zhytomyrska","kind":"oblast","oblast":"zhytomyrska"},"geometry":{"type":"Polygon","coordinates":[[[27.36,51.077],[27.324,51.08],[27.2,51],[27.21,50.984],[27.22,50.967],[27.239,50.937],[27.245,50.673],[27.206,50.664],[27.214,50.657],[27.214,50.64],[27.187,50.625],[27.225,50.605],[27.215,50.588],[27.23,50.567],[27.226,50.566],[27.197,50.562],[27.207,50.532],[27.248,50.393],[27.637,50.188],[27.651,50.199],[27.665,50.193],[27.669,50.077],[27.681,50.034],[27.658,50.026],[27.546,50.012],[27.576,49.949],[27.548,49.935],[27.547,49.908],[27.549,49.908],[27.55,49.903],[27.555,49.903],[27.57,49.91],[27.61,49.876],[27.625,49.845],[27.639,49.82],[27.656,49.799],[27.658,49.797],[27.668,49.808],[27.752,49.756],[27.781,49.729],[27.783,49.728],[27.807,49.729],[27.817,49.743],[27.836,49.756],[27.887,49.757],[27.922,49.771],[27.923,49.771],[27.98,49.78],[28.422,49.825],[28.734,49.798],[28.857,49.889],[28.871,49.888],[28.899,49.882],[28.91,49.867],[28.903,49.863],[28.954,49.84],[28.964,49.7],[28.946,49.679],[28.964,49.673],[29.01,49.633],[29.027,49.59],[29.105,49.593],[29.151,49.593],[29.41,49.659],[29.505,49.649],[29.462,49.762],[29.43,49.817],[29.443,49.807],[29.47,49.814],[29.486,49.807],[29.498,49.816],[29.64,49.87],[29.665,49.873],[29.632,49.877],[29.728,49.933],[29.659,50.128],[29.691,50.153],[29.643,50.18],[29.689,50.277],[29.677,50.295],[29.682,50.312],[29.691,50.313],[29.692,50.318],[29.636,50.329],[29.612,50.341],[29.46,50.517],[29.486,50.663],[29.522,50.662],[29.542,50.69],[29.572,50.698],[29.58,50.704],[29.598,50.729],[29.58,50.74],[29.583,50.725],[29.576,50.733],[29.581,50.749],[29.566,50.763],[29.569,50.772],[29.567,50.772],[29.535,50.776],[29.506,50.766],[29.472,50.774],[29.411,50.949],[29.414,50.982],[29.44,50.989],[29.317,51.13],[29.268,51.263],[29.293,51.27],[29.317,51.276],[29.333,51.275],[29.344,51.275],[29.364,51.285],[29.365,51.286],[29.355,51.293],[29.359,51.376],[29.167,51.653],[28.82,51.559],[28.281,51.624],[27.669,51.497],[27.526,51.366],[27.523,51.349],[27.49,51.315],[27.367,51.098],[27.36,51.077]],[[28.262,50.722],[28.262,50.721],[28.243,50.728],[28.262,50.722]]]}},{"type":"Feature","properties":{"id":"oblast:zakarpatska","kind":"oblast","oblast":"zakarpatska"},"geometry":{"type":"Polygon","coordinates":[[[23.862,48.554],[23.855,48.558],[23.842,48.565],[23.816,48.579],[23.793,48.591],[23.797,48.601],[23.637,48.684],[23.63,48.704],[23.629,48.704],[23.599,48.705],[23.592,48.718],[23.548,48.727],[23.545,48.728],[23.512,48.735],[23.378,48.744],[23.361,48.77],[23.322,48.755],[23.317,48.753],[23.286,48.776],[23.268,48.762],[23.201,48.761],[23.172,48.81],[23.139,48.833],[23.133,48.838],[23.133,48.839],[23.132,48.849],[23.098,48.863],[23.058,48.846],[22.97,48.874],[22.897,48.908],[22.886,48.925],[22.86,48.918],[22.885,48.926],[22.885,48.928],[22.873,48.955],[22.873,48.956],[22.877,48.958],[22.911,48.968],[22.916,48.969],[22.917,48.974],[22.898,49.005],[22.872,49.004],[22.765,49.054],[22.477,48.991],[22.34,48.684],[22.171,48.588],[22.138,48.433],[22.317,48.355],[22.6,48.117],[22.824,48.118],[22.896,47.954],[23.264,48.1],[23.528,48.022],[23.956,47.963],[24.221,47.897],[24.563,47.97],[24.575,48.014],[24.624,48.052],[24.598,48.089],[24.554,48.118],[24.53,48.123],[24.525,48.141],[24.516,48.147],[24.5,48.16],[24.488,48.28],[24.35,48.381],[24.302,48.396],[24.293,48.396],[24.285,48.393],[24.289,48.381],[24.258,48.35],[24.188,48.365],[24.18,48.366],[24.161,48.332],[24.182,48.375],[24.152,48.402],[24.141,48.409],[24.145,48.434],[24.129,48.45],[24.126,48.462],[24.126,48.467],[24.14,48.481],[24.115,48.498],[24.118,48.533],[24.089,48.527],[24.077,48.513],[24.056,48.512],[24.036,48.503],[24.033,48.501],[24.002,48.506],[23.973,48.477],[23.98,48.465],[23.975,48.463],[23.965,48.459],[23.957,48.46],[23.917,48.473],[23.912,48.48],[23.925,48.513],[23.914,48.534],[23.929,48.552],[23.907,48.563],[23.87,48.555],[23.862,48.554]],[[22.503,48.404],[22.495,48.373],[22.481,48.386],[22.503,48.404]],[[22.935,48.348],[22.944,48.356],[22.946,48.351],[22.935,48.348]]]}},{"type":"Feature","properties":{"id":"oblast:zaporizka","kind":"oblast","oblast":"zaporizka"},"geometry":{"type":"Polygon","coordinates":[[[35.164,48.129],[35.102,48.132],[35.097,48.13],[35.061,48.121],[35.039,48.098],[34.846,48.014],[34.847,48.014],[34.858,48.015],[34.817,47.864],[34.861,47.881],[34.965,47.548],[34.948,47.533],[34.944,47.53],[34.869,47.517],[34.862,47.515],[34.796,47.537],[34.685,47.551],[34.6,47.561],[34.582,47.561],[34.561,47.558],[34.469,47.532],[34.3,47.519],[34.225,47.493],[34.183,47.485],[34.139,47.477],[34.222,47.45],[34.231,47.443],[34.245,47.425],[34.261,47.36],[34.272,47.361],[34.293,47.274],[34.305,47.269],[34.491,47.247],[34.517,47.119],[34.519,47.105],[34.553,47.106],[34.817,46.828],[34.735,46.747],[34.757,46.549],[35.055,46.482],[35.072,46.3],[35.101,46.301],[35.284,46.263],[35.445,46.435],[35.92,46.657],[36.188,46.67],[36.626,46.782],[36.811,46.73],[37.062,46.884],[37.125,47.039],[36.855,47.199],[36.678,47.198],[36.867,47.2],[36.931,47.201],[36.963,47.202],[36.947,47.311],[37.195,47.373],[37.248,47.457],[37.24,47.46],[37.245,47.468],[37.19,47.469],[36.725,47.631],[36.605,47.851],[36.472,47.825],[36.324,47.839],[36.198,47.833],[36.198,47.831],[36.19,47.84],[36.196,47.859],[36.102,47.843],[36.074,47.849],[36.062,47.868],[36.054,47.88],[36.13,47.89],[36.115,47.926],[36.109,47.942],[35.969,48.073],[35.985,48.085],[35.983,48.086],[35.968,48.094],[35.817,48.066],[35.703,48.14],[35.524,48.075],[35.195,48.14],[35.194,48.14],[35.164,48.129]]]}},{"type":"Feature","properties":{"id":"oblast:ivano-frankivska","kind":"oblast","oblast":"ivano-frankivska"},"geometry":{"type":"MultiPolygon","coordinates":[[[[24.598,48.089],[24.624,48.052],[24.575,48.014],[24.563,47.97],[24.923,47.727],[24.946,47.792],[24.972,47.817],[24.983,47.827],[24.997,47.855],[24.981,47.865],[24.946,47.896],[24.945,47.897],[24.961,47.904],[24.92,48.01],[24.912,48.027],[24.995,48.087],[24.982,48.113],[24.991,48.117],[24.999,48.12],[25.005,48.119],[25.035,48.112],[25.04,48.128],[25.067,48.132],[25.067,48.157],[25.073,48.158],[25.038,48.173],[25.087,48.161],[25.09,48.162],[25.082,48.173],[25.09,48.182],[25.138,48.183],[25.14,48.195],[25.145,48.247],[25.189,48.254],[25.198,48.261],[25.233,48.292],[25.244,48.315],[25.272,48.327],[25.295,48.348],[25.307,48.359],[25.308,48.359],[25.376,48.39],[25.38,48.392],[25.436,48.394],[25.444,48.403],[25.511,48.4],[25.567,48.38],[25.621,48.379],[25.622,48.379],[25.615,48.391],[25.62,48.413],[25.599,48.413],[25.587,48.59],[25.585,48.635],[25.638,48.669],[25.633,48.672],[25.623,48.679],[25.622,48.681],[25.653,48.705],[25.612,48.724],[25.639,48.747],[25.639,48.749],[25.552,48.8],[25.469,48.857],[25.439,48.871],[25.427,48.868],[25.433,48.844],[25.352,48.859],[25.336,48.855],[25.34,48.838],[25.306,48.827],[25.324,48.84],[25.321,48.846],[25.292,48.845],[25.284,48.862],[25.262,48.866],[25.252,48.866],[25.239,48.866],[25.228,48.848],[25.211,48.847],[25.23,48.887],[25.233,48.931],[25.232,48.932],[25.21,48.922],[24.97,49.011],[24.906,49.053],[24.916,49.083],[24.9,49.129],[24.857,49.163],[24.856,49.178],[24.919,49.224],[24.933,49.235],[24.843,49.263],[24.828,49.285],[24.833,49.333],[24.835,49.337],[24.859,49.347],[24.729,49.492],[24.713,49.495],[24.656,49.505],[24.639,49.497],[24.57,49.534],[24.492,49.523],[24.498,49.54],[24.496,49.542],[24.486,49.548],[24.484,49.548],[24.436,49.537],[24.435,49.537],[24.44,49.512],[24.401,49.495],[24.302,49.316],[24.299,49.288],[24.305,49.277],[24.341,49.243],[24.358,49.233],[24.37,49.233],[24.47,49.23],[24.446,49.23],[24.434,49.219],[24.416,49.168],[24.377,49.188],[24.282,49.168],[24.165,49.128],[24.142,49.141],[24.14,49.142],[24.083,49.149],[23.761,49.122],[23.566,48.975],[23.579,48.784],[23.551,48.738],[23.548,48.727],[23.592,48.718],[23.599,48.705],[23.629,48.704],[23.63,48.704],[23.637,48.684],[23.797,48.601],[23.793,48.591],[23.816,48.579],[23.842,48.565],[23.855,48.558],[23.87,48.555],[23.907,48.563],[23.929,48.552],[23.914,48.534],[23.925,48.513],[23.912,48.48],[23.917,48.473],[23.957,48.46],[23.965,48.459],[23.975,48.463],[23.98,48.465],[23.973,48.477],[24.002,48.506],[24.033,48.501],[24.036,48.503],[24.056,48.512],[24.077,48.513],[24.089,48.527],[24.118,48.533],[24.133,48.542],[24.134,48.53],[24.115,48.498],[24.14,48.481],[24.126,48.467],[24.126,48.462],[24.129,48.45],[24.145,48.434],[24.141,48.409],[24.152,48.402],[24.182,48.375],[24.18,48.366],[24.188,48.365],[24.258,48.35],[24.289,48.381],[24.285,48.393],[24.293,48.396],[24.302,48.396],[24.35,48.381],[24.488,48.28],[24.5,48.16],[24.516,48.147],[24.525,48.141],[24.53,48.123],[24.554,48.118],[24.598,48.089]],[[24.692,48.269],[24.738,48.283],[24.717,48.271],[24.692,48.269]],[[24.72,48.739],[24.72,48.731],[24.693,48.745],[24.72,48.739]]],[[[24.795,48.445],[24.786,48.457],[24.785,48.458],[24.795,48.445]]]]}},{"type":"Feature","properties":{"id":"oblast:kyivska","kind":"oblast","oblast":"kyivska"},"geometry":{"type":"Polygon","coordinates":[[[29.355,51.293],[29.365,51.286],[29.364,51.285],[29.344,51.275],[29.333,51.275],[29.317,51.276],[29.293,51.27],[29.268,51.263],[29.317,51.13],[29.44,50.989],[29.414,50.982],[29.411,50.949],[29.472,50.774],[29.506,50.766],[29.535,50.776],[29.567,50.772],[29.571,50.78],[29.569,50.772],[29.566,50.763],[29.581,50.749],[29.58,50.74],[29.598,50.729],[29.58,50.704],[29.572,50.698],[29.542,50.69],[29.522,50.662],[29.486,50.663],[29.46,50.517],[29.612,50.341],[29.636,50.329],[29.692,50.318],[29.712,50.315],[29.691,50.313],[29.682,50.312],[29.677,50.295],[29.689,50.277],[29.643,50.18],[29.691,50.153],[29.659,50.128],[29.728,49.933],[29.632,49.877],[29.65,49.878],[29.665,49.873],[29.64,49.87],[29.498,49.816],[29.486,49.807],[29.47,49.814],[29.443,49.807],[29.462,49.762],[29.505,49.649],[29.513,49.646],[29.535,49.637],[29.595,49.443],[29.505,49.396],[29.503,49.37],[29.52,49.361],[29.613,49.266],[29.639,49.247],[29.662,49.25],[29.716,49.236],[29.754,49.227],[29.883,49.186],[30.026,49.334],[30.072,49.324],[30.08,49.318],[30.089,49.285],[30.137,49.331],[30.149,49.331],[30.2,49.328],[30.398,49.303],[30.421,49.302],[30.438,49.352],[30.473,49.365],[30.546,49.336],[30.57,49.352],[30.584,49.35],[30.8,49.354],[30.875,49.357],[30.909,49.359],[30.926,49.381],[30.933,49.39],[30.937,49.407],[30.921,49.416],[30.93,49.418],[30.994,49.422],[31.04,49.474],[31.085,49.493],[31.095,49.497],[31.093,49.516],[31.217,49.695],[31.19,49.79],[31.348,49.949],[31.312,49.964],[31.29,49.954],[31.27,49.945],[31.3,49.966],[31.305,49.973],[31.289,49.971],[31.289,49.972],[31.294,49.979],[31.308,49.983],[31.357,49.989],[31.409,49.99],[31.425,49.988],[31.445,49.974],[31.497,49.86],[31.502,49.844],[31.514,49.847],[31.516,49.869],[31.557,49.875],[31.615,49.857],[31.752,49.893],[31.89,49.962],[31.899,49.948],[31.918,49.962],[31.918,49.991],[31.911,50.101],[32.118,50.228],[32.089,50.247],[32.153,50.337],[32.143,50.348],[32.144,50.349],[32.161,50.369],[32.134,50.376],[32.084,50.375],[32.07,50.373],[32.078,50.377],[32.082,50.38],[32.077,50.393],[31.859,50.632],[31.811,50.624],[31.782,50.559],[31.445,50.5],[31.166,50.607],[31.167,50.732],[31.154,50.737],[31.122,50.75],[31.127,50.774],[31.079,50.781],[31.07,50.765],[30.875,50.747],[30.838,50.744],[30.768,50.78],[30.712,50.739],[30.741,50.772],[30.74,50.772],[30.735,50.783],[30.747,50.792],[30.738,50.814],[30.74,50.815],[30.752,50.813],[30.757,50.811],[30.77,50.817],[30.777,50.831],[30.774,50.859],[30.772,50.874],[30.499,51.019],[30.526,51.236],[30.554,51.233],[30.558,51.236],[30.557,51.243],[30.324,51.361],[30.18,51.513],[29.539,51.482],[29.359,51.376],[29.355,51.293]],[[30.531,50.544],[30.752,50.519],[30.849,50.419],[30.671,50.28],[30.474,50.339],[30.428,50.372],[30.281,50.447],[30.305,50.571],[30.531,50.544]],[[30.627,49.593],[30.618,49.607],[30.619,49.614],[30.619,49.616],[30.62,49.612],[30.62,49.607],[30.621,49.606],[30.623,49.605],[30.627,49.593]]]}},{"type":"Feature","properties":{"id":"oblast:kirovohradska","kind":"oblast","oblast":"kirovohradska"},"geometry":{"type":"Polygon","coordinates":[[[33.243,48.173],[33.513,48.231],[33.511,48.219],[33.512,48.219],[33.53,48.276],[33.469,48.534],[33.479,48.536],[33.472,48.545],[33.482,48.558],[33.511,48.563],[33.584,48.576],[33.65,48.6],[33.661,48.586],[33.762,48.625],[33.757,48.657],[33.802,48.663],[33.894,48.902],[33.325,48.961],[33.158,49.13],[33.12,49.167],[33.102,49.185],[32.929,49.23],[32.856,49.242],[32.757,49.167],[32.874,48.992],[32.734,48.965],[32.728,48.974],[32.698,48.974],[32.696,48.983],[32.673,48.983],[32.672,48.982],[32.68,48.957],[32.397,49.026],[32.372,49.038],[32.376,49.05],[32.365,49.072],[32.351,49.075],[32.334,49.078],[32.298,49.073],[32.218,48.987],[31.921,48.88],[31.906,48.876],[31.918,48.906],[31.805,48.95],[31.751,48.926],[31.569,48.892],[31.576,48.882],[31.58,48.874],[31.559,48.863],[31.554,48.837],[31.557,48.832],[31.527,48.816],[31.436,48.754],[31.424,48.743],[31.422,48.745],[31.412,48.755],[31.406,48.742],[31.398,48.738],[31.393,48.736],[31.394,48.74],[31.394,48.746],[31.393,48.746],[31.385,48.73],[31.384,48.728],[31.363,48.739],[31.358,48.742],[31.354,48.727],[31.328,48.727],[31.326,48.728],[31.31,48.757],[31.309,48.759],[31.264,48.749],[31.251,48.764],[31.216,48.768],[31.207,48.758],[31.175,48.762],[30.966,48.761],[30.945,48.771],[30.944,48.771],[30.946,48.759],[30.897,48.746],[30.883,48.744],[30.832,48.75],[30.609,48.719],[30.577,48.721],[30.611,48.698],[30.386,48.527],[30.145,48.473],[30.113,48.452],[30.087,48.458],[30.05,48.483],[29.965,48.462],[29.964,48.461],[29.953,48.462],[29.786,48.369],[29.782,48.242],[29.771,48.226],[29.784,48.206],[29.787,48.205],[29.834,48.211],[29.842,48.212],[29.891,48.186],[30.009,48.209],[30.002,48.184],[30.032,48.179],[30.05,48.15],[30.069,48.147],[30.106,48.14],[30.188,48.155],[30.242,48.141],[30.262,48.148],[30.309,48.142],[30.328,48.148],[30.327,48.16],[30.365,48.174],[30.414,48.163],[30.647,48.185],[30.717,48.196],[30.814,48.17],[30.823,48.188],[30.848,48.184],[31.056,48.22],[31.091,48.224],[31.138,48.229],[31.164,48.222],[31.192,48.194],[31.33,48.114],[31.373,48.125],[31.389,48.129],[31.4,48.109],[31.42,48.112],[31.695,48.093],[31.766,48.106],[31.783,48.042],[31.891,47.867],[32.161,47.751],[32.208,47.757],[32.232,47.76],[32.237,47.815],[32.304,47.824],[32.363,47.789],[32.4,47.797],[32.421,47.801],[32.43,47.79],[32.658,47.82],[32.689,47.983],[32.989,48.048],[33.018,47.985],[33.019,47.985],[33.022,48.013],[33.036,48.017],[33.037,48.032],[33.109,48.042],[33.232,48.127],[33.185,48.158],[33.215,48.166],[33.243,48.173]]]}},{"type":"Feature","properties":{"id":"oblast:luhanska","kind":"oblast","oblast":"luhanska"},"geometry":{"type":"Polygon","coordinates":[[[38.889,49.819],[38.592,49.977],[38.35,50.007],[38.033,49.9],[38.094,49.846],[38.027,49.663],[38.045,49.658],[37.996,49.648],[37.927,49.548],[37.921,49.539],[37.886,49.519],[37.847,49.521],[37.84,49.502],[37.842,49.502],[37.841,49.499],[37.84,49.497],[37.837,49.493],[37.958,49.285],[37.899,49.27],[37.866,49.246],[37.875,49.234],[37.87,49.232],[37.873,49.223],[37.903,49.167],[37.893,49.16],[37.894,49.16],[37.955,49.139],[38.039,49.127],[38.04,49.127],[38.044,49.15],[38.031,49.151],[38.082,49.148],[38.062,49.063],[38.053,49.06],[38.098,48.993],[38.052,48.986],[38.036,48.935],[38.042,48.929],[38.052,48.938],[38.092,48.939],[38.272,48.825],[38.266,48.656],[38.226,48.652],[38.227,48.643],[38.229,48.634],[38.263,48.637],[38.306,48.495],[38.303,48.497],[38.303,48.492],[38.341,48.437],[38.367,48.442],[38.378,48.433],[38.381,48.43],[38.393,48.432],[38.431,48.447],[38.433,48.448],[38.439,48.392],[38.427,48.278],[38.567,48.268],[38.575,48.267],[38.591,48.252],[38.59,48.238],[38.762,48.295],[38.59,48.238],[38.59,48.235],[38.613,48.204],[39.04,48.007],[39.074,47.87],[39.441,47.854],[39.795,47.87],[39.943,48.346],[39.85,48.569],[39.622,48.587],[39.853,48.891],[39.674,48.992],[39.938,49.056],[40.2,49.346],[40.03,49.454],[40.135,49.617],[39.806,49.558],[39.591,49.719],[38.889,49.819]],[[38.816,49.094],[38.821,49.02],[38.818,49.055],[38.816,49.094]],[[38.486,49.263],[38.476,49.271],[38.477,49.298],[38.477,49.283],[38.486,49.263]],[[39.622,48.587],[39.612,48.572],[39.61,48.575],[39.622,48.587]],[[39.073,48.651],[39.073,48.649],[39.043,48.647],[39.073,48.651]],[[39.389,48.174],[39.379,48.191],[39.413,48.176],[39.389,48.174]],[[38.928,48.397],[38.933,48.397],[38.927,48.386],[38.928,48.397]]]}},{"type":"Feature","properties":{"id":"oblast:lvivska","kind":"oblast","oblast":"lvivska"},"geometry":{"type":"Polygon","coordinates":[[[25.059,50.342],[24.715,50.343],[24.558,50.511],[24.534,50.547],[24.521,50.553],[24.489,50.556],[24.312,50.572],[24.227,50.589],[24.211,50.592],[24.201,50.613],[24.173,50.616],[24.155,50.647],[24.123,50.648],[24.115,50.644],[24.097,50.636],[23.998,50.412],[23.676,50.324],[23.448,50.199],[23.115,49.957],[22.85,49.714],[22.641,49.53],[22.747,49.36],[22.734,49.211],[22.872,49.004],[22.898,49.005],[22.917,48.974],[22.916,48.969],[22.911,48.968],[22.877,48.958],[22.873,48.956],[22.873,48.955],[22.885,48.928],[22.885,48.926],[22.886,48.925],[22.897,48.908],[22.97,48.874],[23.058,48.846],[23.098,48.863],[23.132,48.849],[23.148,48.842],[23.133,48.839],[23.133,48.838],[23.139,48.833],[23.172,48.81],[23.201,48.761],[23.268,48.762],[23.286,48.776],[23.322,48.755],[23.361,48.77],[23.378,48.744],[23.512,48.735],[23.545,48.728],[23.551,48.738],[23.579,48.784],[23.566,48.975],[23.761,49.122],[24.083,49.149],[24.14,49.142],[24.142,49.141],[24.165,49.128],[24.282,49.168],[24.377,49.188],[24.416,49.168],[24.434,49.219],[24.446,49.23],[24.37,49.233],[24.358,49.233],[24.341,49.243],[24.305,49.277],[24.299,49.288],[24.302,49.316],[24.401,49.495],[24.44,49.512],[24.435,49.537],[24.436,49.537],[24.484,49.548],[24.486,49.548],[24.496,49.542],[24.498,49.54],[24.492,49.523],[24.57,49.534],[24.639,49.497],[24.656,49.505],[24.713,49.495],[24.717,49.496],[24.721,49.513],[24.729,49.547],[24.792,49.573],[24.801,49.587],[24.805,49.588],[24.839,49.587],[24.834,49.599],[24.851,49.621],[24.864,49.599],[24.871,49.61],[24.898,49.611],[24.91,49.614],[24.943,49.609],[25.376,49.913],[25.388,49.933],[25.417,49.936],[25.426,49.937],[25.404,49.948],[25.412,49.97],[25.402,49.986],[25.347,50.006],[25.319,50.016],[25.197,50.131],[25.205,50.279],[25.164,50.29],[25.159,50.29],[25.125,50.282],[25.058,50.3],[25.059,50.342]],[[23.767,49.505],[23.743,49.498],[23.718,49.501],[23.767,49.505]],[[23.639,49.532],[23.638,49.532],[23.641,49.541],[23.639,49.532]],[[23.161,49.093],[23.232,49.042],[23.225,49.041],[23.161,49.093]]]}},{"type":"Feature","properties":{"id":"oblast:mykolaivska","kind":"oblast","oblast":"mykolaivska"},"geometry":{"type":"Polygon","coordinates":[[[32.909,47.123],[32.933,47.154],[32.961,47.19],[33.039,47.38],[33.036,47.394],[33.035,47.424],[33.034,47.442],[33.047,47.468],[33.067,47.475],[33.072,47.412],[33.147,47.515],[33.142,47.543],[33.095,47.528],[33.089,47.552],[33.095,47.597],[33.014,47.91],[32.993,47.935],[33.007,47.937],[32.995,47.984],[32.989,48.048],[32.689,47.983],[32.658,47.82],[32.43,47.79],[32.421,47.801],[32.4,47.797],[32.363,47.789],[32.304,47.824],[32.237,47.815],[32.232,47.76],[32.208,47.757],[32.161,47.751],[31.891,47.867],[31.783,48.042],[31.695,48.093],[31.42,48.112],[31.407,48.096],[31.4,48.109],[31.389,48.129],[31.373,48.125],[31.33,48.114],[31.192,48.194],[31.164,48.222],[31.138,48.229],[31.091,48.224],[31.056,48.22],[30.848,48.184],[30.823,48.188],[30.814,48.17],[30.717,48.196],[30.647,48.185],[30.414,48.163],[30.365,48.174],[30.327,48.16],[30.328,48.148],[30.309,48.142],[30.315,48.117],[30.357,48.113],[30.357,48.101],[30.226,48.012],[30.464,47.64],[30.471,47.618],[30.66,47.601],[30.72,47.609],[30.709,47.639],[30.777,47.648],[30.743,47.698],[30.783,47.648],[30.792,47.636],[30.908,47.277],[31.17,47.266],[31.201,47.172],[31.248,47.172],[31.27,47.172],[31.273,47.16],[31.302,47.083],[31.135,46.99],[31.088,46.979],[31.018,46.964],[31.037,46.909],[31.04,46.899],[31.111,46.845],[31.155,46.836],[31.153,46.792],[31.19,46.648],[31.177,46.627],[31.159,46.41],[31.811,46.372],[31.927,46.582],[31.93,46.653],[31.985,46.655],[31.987,46.664],[32.252,46.82],[32.534,46.881],[32.568,46.888],[32.547,46.869],[32.701,46.821],[32.915,46.883],[32.841,46.883],[32.838,46.884],[32.839,46.893],[32.84,46.896],[32.925,46.91],[32.95,47.003],[33.022,46.973],[33.093,47.039],[32.917,47.087],[32.909,47.123]],[[32.121,47.563],[32.106,47.564],[32.12,47.566],[32.121,47.563]]]}},{"type":"Feature","properties":{"id":"oblast:odeska","kind":"oblast","oblast":"odeska"},"geometry":{"type":"Polygon","coordinates":[[[29.65,45.529],[30.222,45.866],[30.565,46.166],[30.83,46.549],[31.177,46.627],[31.19,46.648],[31.153,46.792],[31.155,46.836],[31.111,46.845],[31.04,46.899],[31.037,46.909],[31.018,46.964],[31.088,46.979],[31.135,46.99],[31.302,47.083],[31.273,47.16],[31.27,47.172],[31.248,47.172],[31.201,47.172],[31.17,47.266],[30.908,47.277],[30.792,47.636],[30.783,47.648],[30.777,47.648],[30.709,47.639],[30.72,47.609],[30.66,47.601],[30.471,47.618],[30.478,47.595],[30.464,47.64],[30.226,48.012],[30.357,48.101],[30.357,48.113],[30.315,48.117],[30.309,48.142],[30.262,48.148],[30.242,48.141],[30.188,48.155],[30.106,48.14],[30.069,48.147],[30.05,48.15],[30.032,48.179],[30.002,48.184],[30.009,48.209],[29.891,48.186],[29.842,48.212],[29.834,48.211],[29.787,48.205],[29.784,48.206],[29.779,48.208],[29.773,48.205],[29.729,48.202],[29.722,48.202],[29.682,48.188],[29.495,48.103],[29.474,48.118],[29.468,48.122],[29.459,48.122],[29.398,48.114],[29.395,48.114],[29.382,48.103],[29.311,48.086],[29.27,48.093],[29.267,48.094],[29.258,48.112],[29.134,48.153],[29.076,48.194],[29.074,48.194],[29.063,48.194],[29.06,48.18],[29.05,48.15],[29.035,48.13],[29.026,48.131],[29.005,48.151],[28.869,48.069],[28.85,48.078],[28.923,47.962],[29.175,47.994],[29.218,47.612],[29.398,47.3],[29.573,47.37],[29.596,46.964],[29.975,46.754],[29.954,46.633],[29.944,46.502],[30.167,46.414],[29.679,46.361],[29.411,46.407],[29.351,46.504],[28.931,46.458],[29.067,46.196],[28.979,46.003],[28.776,45.971],[28.786,45.832],[28.589,45.729],[28.544,45.579],[28.305,45.547],[28.214,45.467],[28.349,45.32],[28.711,45.224],[28.816,45.336],[28.966,45.331],[29.238,45.433],[29.43,45.443],[29.651,45.34],[29.786,45.463],[29.65,45.529]],[[29.951,47.428],[29.949,47.438],[30.055,47.439],[29.951,47.428]]]}},{"type":"Feature","properties":{"id":"oblast:poltavska","kind":"oblast","oblast":"poltavska"},"geometry":{"type":"Polygon","coordinates":[[[34.298,48.725],[34.309,48.735],[34.313,48.746],[34.309,48.765],[34.36,49.033],[34.544,49.054],[34.574,49.063],[34.567,49.081],[34.569,49.087],[34.574,49.095],[34.595,49.094],[34.591,49.112],[34.624,49.123],[34.648,49.132],[34.664,49.12],[34.677,49.121],[34.682,49.122],[34.68,49.13],[34.693,49.136],[34.706,49.13],[34.745,49.143],[34.765,49.151],[34.949,49.194],[35.006,49.156],[34.98,49.25],[35.279,49.318],[35.462,49.484],[35.484,49.491],[35.486,49.496],[35.489,49.503],[35.485,49.517],[35.433,49.673],[35.244,49.694],[35.219,49.83],[34.971,49.885],[34.856,49.987],[34.94,50.152],[34.677,50.134],[34.665,50.111],[34.662,50.111],[34.655,50.111],[34.614,50.119],[34.585,50.125],[34.546,50.132],[34.571,50.227],[34.4,50.318],[34.409,50.337],[34.403,50.341],[34.372,50.359],[34.384,50.37],[34.288,50.413],[34.255,50.49],[34.246,50.524],[34.22,50.533],[33.955,50.548],[33.734,50.458],[33.102,50.517],[33.065,50.52],[33.042,50.502],[32.966,50.445],[32.933,50.437],[32.943,50.43],[32.935,50.43],[32.913,50.424],[32.793,50.347],[32.563,50.359],[32.527,50.346],[32.487,50.369],[32.493,50.399],[32.413,50.405],[32.379,50.413],[32.373,50.415],[32.365,50.426],[32.335,50.427],[32.327,50.424],[32.32,50.421],[32.326,50.403],[32.29,50.379],[32.278,50.378],[32.252,50.374],[32.145,50.349],[32.143,50.348],[32.153,50.337],[32.089,50.247],[32.125,50.225],[32.428,49.96],[32.374,49.874],[32.556,49.774],[32.572,49.753],[32.574,49.703],[32.664,49.681],[32.69,49.66],[32.709,49.657],[32.715,49.631],[32.713,49.618],[32.712,49.615],[32.715,49.603],[32.723,49.599],[32.753,49.579],[32.752,49.56],[32.752,49.549],[32.752,49.544],[32.751,49.539],[32.751,49.524],[32.716,49.502],[32.678,49.499],[32.674,49.353],[32.477,49.356],[32.464,49.349],[32.475,49.343],[32.479,49.341],[32.478,49.34],[32.468,49.328],[32.597,49.276],[32.815,49.249],[32.859,49.245],[32.856,49.242],[32.929,49.23],[33.102,49.185],[33.12,49.167],[33.158,49.13],[33.325,48.961],[33.894,48.902],[33.931,48.88],[34.02,48.865],[34.035,48.844],[34.073,48.825],[34.12,48.822],[34.249,48.745],[34.295,48.739],[34.296,48.738],[34.298,48.725]],[[33.702,49.508],[33.641,49.523],[33.701,49.511],[33.702,49.508]],[[33.441,49.621],[33.514,49.648],[33.489,49.609],[33.441,49.621]]]}},{"type":"Feature","properties":{"id":"oblast:rivnenska","kind":"oblast","oblast":"rivnenska"},"geometry":{"type":"Polygon","coordinates":[[[25.387,50.626],[25.405,50.612],[25.406,50.612],[25.405,50.611],[25.396,50.608],[25.328,50.612],[25.16,50.505],[25.166,50.331],[25.109,50.312],[25.113,50.287],[25.159,50.29],[25.164,50.29],[25.205,50.279],[25.197,50.131],[25.319,50.016],[25.347,50.006],[25.349,50.018],[25.476,50.166],[25.729,50.187],[25.821,50.181],[25.857,50.191],[25.877,50.219],[25.927,50.255],[25.963,50.256],[25.993,50.238],[26.014,50.232],[26.065,50.257],[26.113,50.242],[26.166,50.231],[26.179,50.197],[26.216,50.179],[26.221,50.176],[26.282,50.184],[26.291,50.189],[26.324,50.231],[26.527,50.3],[26.527,50.307],[26.545,50.314],[26.561,50.317],[26.762,50.47],[26.763,50.477],[26.765,50.489],[27.131,50.561],[27.226,50.566],[27.23,50.567],[27.215,50.588],[27.225,50.605],[27.187,50.625],[27.214,50.64],[27.214,50.657],[27.206,50.664],[27.245,50.673],[27.239,50.937],[27.22,50.967],[27.21,50.984],[27.203,50.991],[27.2,51],[27.324,51.08],[27.367,51.098],[27.49,51.315],[27.523,51.349],[27.526,51.366],[27.669,51.497],[27.208,51.668],[26.593,51.83],[26.468,51.796],[26.094,51.912],[25.593,51.925],[25.683,51.756],[25.55,51.519],[25.835,51.362],[25.821,51.346],[25.822,51.345],[25.836,51.331],[25.877,51.314],[25.889,51.295],[25.893,51.291],[25.938,51.278],[25.931,51.264],[25.947,51.251],[25.948,51.232],[25.996,51.228],[26.059,51.185],[26.06,51.183],[26.063,51.175],[26.071,51.156],[26.085,50.973],[25.902,50.832],[25.844,50.631],[25.829,50.62],[25.828,50.621],[25.793,50.667],[25.694,50.725],[25.379,50.691],[25.372,50.685],[25.387,50.67],[25.387,50.664],[25.386,50.658],[25.354,50.65],[25.353,50.649],[25.352,50.642],[25.378,50.633],[25.387,50.626]]]}},{"type":"Feature","properties":{"id":"oblast:sumska","kind":"oblast","oblast":"sumska"},"geometry":{"type":"Polygon","coordinates":[[[34.246,50.524],[34.255,50.49],[34.288,50.413],[34.384,50.37],[34.395,50.368],[34.403,50.341],[34.409,50.337],[34.4,50.318],[34.571,50.227],[34.546,50.132],[34.585,50.125],[34.614,50.119],[34.655,50.111],[34.662,50.111],[34.665,50.111],[34.677,50.134],[34.94,50.152],[34.974,50.158],[34.964,50.184],[35.033,50.18],[35.148,50.242],[35.191,50.229],[35.198,50.238],[35.266,50.265],[35.328,50.275],[35.297,50.29],[35.33,50.319],[35.41,50.321],[35.423,50.335],[35.439,50.317],[35.504,50.3],[35.528,50.294],[35.535,50.302],[35.66,50.327],[35.68,50.332],[35.693,50.346],[35.434,50.545],[35.406,51.048],[35.164,51.083],[34.98,51.236],[34.23,51.263],[34.288,51.488],[34.167,51.646],[34.435,51.731],[34.415,51.826],[34.097,52.005],[34.117,52.141],[33.836,52.361],[33.429,52.346],[33.31,52.185],[33.491,52.083],[33.18,51.886],[33.125,51.864],[33.132,51.856],[33.09,51.785],[33.08,51.774],[33.081,51.773],[33.092,51.775],[33.144,51.691],[33.159,51.68],[33.183,51.673],[33.144,51.679],[33.142,51.678],[33.147,51.669],[33.129,51.648],[33.154,51.642],[33.193,51.514],[33.081,51.339],[33.069,51.332],[33.071,51.33],[33.077,51.313],[32.943,51.09],[33.06,51.049],[33.083,51.038],[33.078,51.033],[33.042,50.997],[33.079,50.981],[33.137,50.961],[33.188,50.962],[33.208,50.972],[33.197,50.92],[33.147,50.655],[33.119,50.644],[33.103,50.602],[33.101,50.591],[33.051,50.543],[33.05,50.542],[33.064,50.522],[33.102,50.517],[33.734,50.458],[33.955,50.548],[34.22,50.533],[34.245,50.525],[34.246,50.524]],[[34.013,51.054],[33.967,51.071],[34.015,51.066],[34.013,51.054]]]}},{"type":"Feature","properties":{"id":"oblast:ternopilska","kind":"oblast","oblast":"ternopilska"},"geometry":{"type":"Polygon","coordinates":[[[25.402,49.986],[25.412,49.97],[25.404,49.948],[25.426,49.937],[25.43,49.935],[25.417,49.936],[25.388,49.933],[25.376,49.913],[24.943,49.609],[24.91,49.614],[24.898,49.611],[24.871,49.61],[24.864,49.599],[24.834,49.599],[24.839,49.587],[24.805,49.588],[24.801,49.587],[24.792,49.573],[24.729,49.547],[24.721,49.513],[24.717,49.496],[24.729,49.492],[24.859,49.347],[24.835,49.337],[24.833,49.333],[24.828,49.285],[24.843,49.263],[24.933,49.235],[24.919,49.224],[24.887,49.198],[24.856,49.178],[24.857,49.163],[24.9,49.129],[24.916,49.083],[24.906,49.053],[24.97,49.011],[25.21,48.922],[25.232,48.932],[25.233,48.931],[25.23,48.887],[25.211,48.847],[25.228,48.848],[25.239,48.866],[25.252,48.866],[25.262,48.866],[25.284,48.862],[25.292,48.845],[25.321,48.846],[25.324,48.84],[25.34,48.838],[25.336,48.855],[25.352,48.859],[25.433,48.844],[25.427,48.868],[25.439,48.871],[25.469,48.857],[25.552,48.8],[25.639,48.749],[25.639,48.747],[25.612,48.724],[25.653,48.705],[25.622,48.681],[25.623,48.679],[25.633,48.672],[25.711,48.663],[26.021,48.61],[26.033,48.643],[26.041,48.646],[26.052,48.646],[26.057,48.641],[26.066,48.607],[26.091,48.539],[26.125,48.554],[26.127,48.555],[26.096,48.6],[26.1,48.614],[26.116,48.619],[26.145,48.598],[26.147,48.549],[26.157,48.538],[26.166,48.53],[26.2,48.526],[26.325,48.517],[26.356,48.508],[26.392,48.535],[26.431,48.542],[26.411,48.542],[26.38,48.565],[26.245,48.684],[26.221,48.689],[26.238,48.697],[26.196,48.904],[26.184,48.915],[26.199,48.918],[26.176,48.996],[26.215,49.005],[26.198,49.025],[26.208,49.036],[26.184,49.056],[26.209,49.069],[26.215,49.072],[26.192,49.078],[26.19,49.158],[26.205,49.16],[26.191,49.173],[26.196,49.182],[26.184,49.196],[26.196,49.213],[26.201,49.243],[26.243,49.243],[26.242,49.255],[26.258,49.264],[26.243,49.276],[26.254,49.277],[26.257,49.277],[26.249,49.286],[26.246,49.3],[26.249,49.311],[26.243,49.317],[26.226,49.33],[26.227,49.346],[26.228,49.35],[26.233,49.349],[26.243,49.348],[26.232,49.358],[26.244,49.369],[26.204,49.377],[26.225,49.377],[26.236,49.4],[26.142,49.509],[26.263,49.638],[26.266,49.655],[26.268,49.663],[26.241,49.694],[26.191,49.714],[26.193,49.716],[26.201,49.866],[26.133,49.898],[26.223,50.143],[26.209,50.154],[26.221,50.165],[26.212,50.175],[26.216,50.179],[26.179,50.197],[26.166,50.231],[26.113,50.242],[26.065,50.257],[26.014,50.232],[25.993,50.238],[25.963,50.256],[25.927,50.255],[25.877,50.219],[25.857,50.191],[25.821,50.181],[25.729,50.187],[25.476,50.166],[25.349,50.018],[25.347,50.006],[25.402,49.986]]]}},{"type":"Feature","properties":{"id":"oblast:khersonska","kind":"oblast","oblast":"khersonska"},"geometry":{"type":"Polygon","coordinates":[[[35.101,46.301],[35.072,46.3],[35.055,46.482],[34.757,46.549],[34.735,46.747],[34.817,46.828],[34.553,47.106],[34.519,47.105],[34.491,47.247],[34.305,47.269],[34.293,47.274],[34.272,47.361],[34.261,47.36],[34.245,47.425],[34.231,47.443],[34.222,47.45],[34.139,47.477],[34.071,47.468],[34.017,47.46],[34.017,47.459],[33.955,47.458],[33.941,47.509],[33.935,47.516],[33.644,47.485],[33.236,47.563],[33.233,47.577],[33.172,47.567],[33.093,47.579],[33.095,47.528],[33.142,47.543],[33.147,47.515],[33.072,47.412],[33.067,47.475],[33.047,47.468],[33.034,47.442],[33.035,47.424],[33.036,47.394],[33.039,47.38],[32.961,47.19],[32.933,47.154],[32.909,47.123],[32.917,47.087],[33.093,47.039],[33.022,46.973],[33.052,46.96],[32.95,47.003],[32.925,46.91],[32.84,46.896],[32.839,46.893],[32.838,46.884],[32.841,46.883],[32.915,46.883],[32.701,46.821],[32.547,46.869],[32.534,46.881],[32.252,46.82],[31.987,46.664],[31.985,46.655],[31.93,46.653],[31.927,46.582],[31.811,46.372],[31.578,46.261],[32.719,46.041],[33.227,46.153],[33.414,46.038],[33.615,46.135],[33.641,46.142],[33.614,46.214],[33.615,46.226],[33.621,46.227],[33.633,46.228],[33.647,46.23],[33.713,46.197],[33.741,46.188],[33.759,46.192],[33.797,46.203],[33.849,46.2],[33.972,46.141],[34.053,46.109],[34.068,46.114],[34.081,46.118],[34.118,46.107],[34.181,46.068],[34.561,45.994],[34.622,45.987],[34.634,45.983],[34.754,45.909],[34.799,45.81],[34.869,45.952],[34.835,46.206],[35.101,46.301]],[[33.356,46.395],[33.013,46.358],[33.234,46.383],[33.356,46.395]]]}},{"type":"Feature","properties":{"id":"oblast:khmelnytska","kind":"oblast","oblast":"khmelnytska"},"geometry":{"type":"Polygon","coordinates":[[[27.548,49.935],[27.576,49.949],[27.546,50.012],[27.658,50.026],[27.681,50.034],[27.669,50.077],[27.665,50.193],[27.637,50.188],[27.248,50.393],[27.207,50.532],[27.197,50.562],[27.131,50.561],[26.765,50.489],[26.763,50.477],[26.762,50.47],[26.561,50.317],[26.545,50.314],[26.527,50.307],[26.527,50.3],[26.324,50.231],[26.291,50.189],[26.282,50.184],[26.221,50.176],[26.212,50.175],[26.221,50.165],[26.209,50.154],[26.223,50.143],[26.133,49.898],[26.206,49.868],[26.201,49.866],[26.193,49.716],[26.191,49.714],[26.241,49.694],[26.268,49.663],[26.266,49.655],[26.263,49.638],[26.142,49.509],[26.236,49.4],[26.225,49.377],[26.244,49.369],[26.232,49.358],[26.243,49.348],[26.233,49.349],[26.228,49.35],[26.227,49.346],[26.226,49.33],[26.243,49.317],[26.249,49.311],[26.246,49.3],[26.249,49.286],[26.257,49.277],[26.254,49.277],[26.243,49.276],[26.258,49.264],[26.242,49.255],[26.243,49.243],[26.201,49.243],[26.196,49.213],[26.184,49.196],[26.196,49.182],[26.191,49.173],[26.215,49.169],[26.205,49.16],[26.19,49.158],[26.192,49.078],[26.215,49.072],[26.209,49.069],[26.184,49.056],[26.208,49.036],[26.198,49.025],[26.215,49.005],[26.176,48.996],[26.199,48.918],[26.184,48.915],[26.196,48.904],[26.238,48.697],[26.221,48.689],[26.245,48.684],[26.38,48.565],[26.411,48.542],[26.431,48.542],[26.46,48.544],[26.483,48.545],[26.554,48.458],[26.577,48.454],[26.609,48.457],[26.624,48.463],[26.625,48.466],[26.608,48.498],[26.61,48.502],[26.615,48.507],[26.619,48.507],[26.669,48.486],[26.713,48.494],[26.673,48.539],[26.623,48.54],[26.623,48.553],[26.626,48.555],[26.661,48.56],[26.716,48.534],[26.725,48.533],[26.74,48.54],[26.743,48.556],[26.724,48.583],[26.727,48.585],[26.738,48.584],[26.744,48.581],[26.761,48.551],[26.78,48.548],[26.795,48.567],[26.781,48.596],[26.787,48.6],[26.807,48.608],[26.824,48.606],[26.82,48.582],[26.837,48.562],[26.879,48.542],[26.925,48.577],[26.964,48.577],[26.977,48.591],[26.988,48.588],[26.997,48.573],[27.093,48.559],[27.17,48.583],[27.247,48.569],[27.257,48.578],[27.259,48.581],[27.246,48.609],[27.255,48.62],[27.258,48.623],[27.27,48.622],[27.285,48.62],[27.287,48.619],[27.316,48.603],[27.327,48.604],[27.335,48.606],[27.352,48.628],[27.36,48.628],[27.372,48.629],[27.417,48.74],[27.39,48.764],[27.409,48.768],[27.405,48.889],[27.393,48.9],[27.394,48.928],[27.403,48.953],[27.418,48.972],[27.382,49.007],[27.411,49.042],[27.421,49.054],[27.435,49.07],[27.503,49.07],[27.48,49.088],[27.505,49.11],[27.493,49.121],[27.508,49.132],[27.533,49.125],[27.536,49.138],[27.578,49.122],[27.598,49.135],[27.595,49.148],[27.6,49.16],[27.601,49.161],[27.64,49.168],[27.815,49.189],[27.85,49.172],[27.853,49.171],[27.861,49.173],[27.896,49.185],[27.898,49.186],[27.897,49.189],[27.888,49.211],[27.867,49.213],[27.856,49.236],[27.87,49.248],[27.849,49.264],[27.852,49.312],[27.858,49.328],[27.812,49.366],[27.835,49.409],[27.851,49.426],[27.85,49.427],[27.827,49.421],[27.75,49.44],[27.763,49.697],[27.837,49.73],[27.807,49.729],[27.783,49.728],[27.781,49.729],[27.752,49.756],[27.668,49.808],[27.658,49.797],[27.656,49.799],[27.639,49.82],[27.625,49.845],[27.61,49.876],[27.57,49.91],[27.555,49.903],[27.55,49.903],[27.549,49.908],[27.547,49.908],[27.548,49.935]]]}},{"type":"Feature","properties":{"id":"oblast:cherkaska","kind":"oblast","oblast":"cherkaska"},"geometry":{"type":"Polygon","coordinates":[[[31.918,49.991],[31.918,49.962],[31.899,49.948],[31.89,49.962],[31.752,49.893],[31.728,49.847],[31.615,49.857],[31.557,49.875],[31.516,49.869],[31.514,49.847],[31.502,49.844],[31.497,49.86],[31.445,49.974],[31.425,49.988],[31.409,49.99],[31.357,49.989],[31.308,49.983],[31.294,49.979],[31.289,49.972],[31.289,49.971],[31.305,49.973],[31.3,49.966],[31.29,49.954],[31.312,49.964],[31.348,49.949],[31.19,49.79],[31.217,49.695],[31.093,49.516],[31.095,49.497],[31.085,49.493],[31.089,49.486],[31.04,49.474],[30.994,49.422],[30.921,49.416],[30.937,49.407],[30.933,49.39],[30.926,49.381],[30.909,49.359],[30.875,49.357],[30.8,49.354],[30.584,49.35],[30.57,49.352],[30.546,49.336],[30.473,49.365],[30.438,49.352],[30.421,49.302],[30.398,49.303],[30.2,49.328],[30.149,49.331],[30.137,49.331],[30.089,49.285],[30.08,49.318],[30.072,49.324],[30.026,49.334],[29.883,49.186],[29.754,49.227],[29.711,49.226],[29.704,49.225],[29.711,49.207],[29.634,49.061],[29.639,49.055],[29.633,49.049],[29.63,49.047],[29.62,49.051],[29.606,49.057],[29.639,49.012],[29.696,49.001],[29.652,48.937],[29.687,48.912],[29.766,48.786],[29.978,48.635],[29.99,48.633],[29.99,48.614],[30.021,48.519],[29.992,48.517],[29.991,48.516],[30.006,48.513],[29.967,48.492],[29.965,48.473],[30.05,48.483],[30.087,48.458],[30.113,48.452],[30.145,48.473],[30.386,48.527],[30.611,48.698],[30.577,48.721],[30.609,48.719],[30.832,48.75],[30.883,48.744],[30.897,48.746],[30.946,48.759],[30.944,48.771],[30.945,48.771],[30.966,48.761],[31.175,48.762],[31.207,48.758],[31.216,48.768],[31.251,48.764],[31.264,48.749],[31.309,48.759],[31.31,48.757],[31.326,48.728],[31.328,48.727],[31.354,48.727],[31.358,48.742],[31.363,48.739],[31.384,48.728],[31.385,48.73],[31.393,48.746],[31.394,48.746],[31.394,48.74],[31.393,48.736],[31.398,48.738],[31.406,48.742],[31.412,48.755],[31.422,48.745],[31.424,48.743],[31.436,48.754],[31.527,48.816],[31.557,48.832],[31.554,48.837],[31.559,48.863],[31.58,48.874],[31.576,48.882],[31.569,48.892],[31.751,48.926],[31.745,48.962],[31.805,48.95],[31.918,48.906],[31.921,48.88],[32.218,48.987],[32.298,49.073],[32.334,49.078],[32.351,49.075],[32.365,49.072],[32.376,49.05],[32.372,49.038],[32.397,49.026],[32.68,48.957],[32.672,48.982],[32.673,48.983],[32.696,48.983],[32.698,48.974],[32.728,48.974],[32.734,48.965],[32.874,48.992],[32.757,49.167],[32.856,49.242],[32.859,49.245],[32.815,49.249],[32.597,49.276],[32.468,49.328],[32.44,49.319],[32.478,49.34],[32.479,49.341],[32.475,49.343],[32.464,49.349],[32.477,49.356],[32.674,49.353],[32.678,49.499],[32.716,49.502],[32.751,49.524],[32.751,49.539],[32.752,49.544],[32.752,49.549],[32.752,49.56],[32.753,49.579],[32.723,49.599],[32.715,49.603],[32.712,49.615],[32.713,49.618],[32.715,49.631],[32.709,49.657],[32.69,49.66],[32.664,49.681],[32.574,49.703],[32.572,49.753],[32.556,49.774],[32.374,49.874],[32.428,49.96],[32.125,50.225],[32.118,50.228],[31.911,50.101],[31.918,49.991]]]}},{"type":"Feature","properties":{"id":"oblast:chernivetska","kind":"oblast","oblast":"chernivetska"},"geometry":{"type":"Polygon","coordinates":[[[27.457,48.59],[27.426,48.612],[27.404,48.62],[27.378,48.627],[27.36,48.628],[27.352,48.628],[27.335,48.606],[27.327,48.604],[27.316,48.603],[27.287,48.619],[27.285,48.62],[27.27,48.622],[27.258,48.623],[27.255,48.62],[27.246,48.609],[27.259,48.581],[27.257,48.578],[27.247,48.569],[27.17,48.583],[27.093,48.559],[26.997,48.573],[26.988,48.588],[26.977,48.591],[26.964,48.577],[26.925,48.577],[26.879,48.542],[26.837,48.562],[26.82,48.582],[26.824,48.606],[26.807,48.608],[26.787,48.6],[26.781,48.596],[26.795,48.567],[26.78,48.548],[26.761,48.551],[26.744,48.581],[26.738,48.584],[26.727,48.585],[26.724,48.583],[26.743,48.556],[26.74,48.54],[26.725,48.533],[26.716,48.534],[26.661,48.56],[26.626,48.555],[26.623,48.553],[26.623,48.54],[26.673,48.539],[26.713,48.494],[26.669,48.486],[26.619,48.507],[26.615,48.507],[26.61,48.502],[26.608,48.498],[26.625,48.466],[26.624,48.463],[26.609,48.457],[26.577,48.454],[26.554,48.458],[26.483,48.545],[26.46,48.544],[26.392,48.535],[26.356,48.508],[26.325,48.517],[26.2,48.526],[26.166,48.53],[26.157,48.538],[26.147,48.549],[26.145,48.598],[26.116,48.619],[26.1,48.614],[26.096,48.6],[26.127,48.555],[26.125,48.554],[26.119,48.54],[26.091,48.539],[26.066,48.607],[26.057,48.641],[26.052,48.646],[26.041,48.646],[26.033,48.643],[26.021,48.61],[25.711,48.663],[25.638,48.669],[25.585,48.635],[25.587,48.59],[25.599,48.413],[25.62,48.413],[25.615,48.391],[25.622,48.379],[25.663,48.358],[25.621,48.379],[25.567,48.38],[25.511,48.4],[25.444,48.403],[25.436,48.394],[25.38,48.392],[25.376,48.39],[25.308,48.359],[25.307,48.359],[25.295,48.348],[25.272,48.327],[25.244,48.315],[25.233,48.292],[25.198,48.261],[25.189,48.254],[25.145,48.247],[25.14,48.195],[25.138,48.183],[25.09,48.182],[25.082,48.173],[25.09,48.162],[25.087,48.161],[25.073,48.158],[25.067,48.157],[25.067,48.132],[25.04,48.128],[25.035,48.112],[25.005,48.119],[24.999,48.12],[24.991,48.117],[24.982,48.113],[24.995,48.087],[24.912,48.027],[24.92,48.01],[24.961,47.904],[24.945,47.897],[24.946,47.896],[24.981,47.865],[24.997,47.855],[24.983,47.827],[24.972,47.817],[24.946,47.792],[24.923,47.727],[25.116,47.755],[25.237,47.896],[25.443,47.926],[25.775,47.939],[26.194,48.002],[26.334,48.185],[26.518,48.252],[26.765,48.354],[27.087,48.413],[27.286,48.372],[27.534,48.47],[27.524,48.473],[27.504,48.481],[27.479,48.507],[27.457,48.59]]]}},{"type":"Feature","properties":{"id":"oblast:chernihivska","kind":"oblast","oblast":"chernihivska"},"geometry":{"type":"Polygon","coordinates":[[[30.557,51.243],[30.558,51.236],[30.554,51.233],[30.526,51.236],[30.499,51.019],[30.772,50.874],[30.774,50.859],[30.777,50.831],[30.77,50.817],[30.757,50.811],[30.752,50.813],[30.74,50.815],[30.738,50.814],[30.747,50.792],[30.735,50.783],[30.74,50.772],[30.741,50.772],[30.768,50.78],[30.838,50.744],[30.875,50.747],[31.07,50.765],[31.079,50.781],[31.127,50.774],[31.122,50.75],[31.154,50.737],[31.202,50.734],[31.167,50.732],[31.166,50.607],[31.445,50.5],[31.782,50.559],[31.811,50.624],[31.885,50.64],[31.859,50.632],[32.077,50.393],[32.082,50.38],[32.078,50.377],[32.084,50.375],[32.134,50.376],[32.161,50.369],[32.144,50.349],[32.143,50.348],[32.145,50.349],[32.252,50.374],[32.278,50.378],[32.29,50.379],[32.326,50.403],[32.32,50.421],[32.327,50.424],[32.335,50.427],[32.365,50.426],[32.373,50.415],[32.379,50.413],[32.413,50.405],[32.493,50.399],[32.487,50.369],[32.527,50.346],[32.563,50.359],[32.793,50.347],[32.913,50.424],[32.935,50.43],[32.933,50.437],[32.966,50.445],[33.042,50.502],[33.065,50.52],[33.064,50.522],[33.05,50.542],[33.051,50.543],[33.101,50.591],[33.103,50.602],[33.119,50.644],[33.147,50.655],[33.197,50.92],[33.188,50.962],[33.137,50.961],[33.079,50.981],[33.04,50.997],[33.042,50.997],[33.078,51.033],[33.083,51.038],[33.06,51.049],[32.943,51.09],[33.077,51.313],[33.071,51.33],[33.069,51.332],[33.081,51.339],[33.193,51.514],[33.154,51.642],[33.129,51.648],[33.147,51.669],[33.142,51.678],[33.144,51.679],[33.159,51.68],[33.144,51.691],[33.092,51.775],[33.081,51.773],[33.08,51.774],[33.09,51.785],[33.132,51.856],[33.125,51.864],[33.18,51.886],[33.491,52.083],[33.31,52.185],[33.429,52.346],[33.189,52.38],[32.901,52.245],[32.55,52.327],[32.402,52.248],[32.273,52.074],[32.096,52.034],[31.817,52.099],[31.387,52.121],[31.298,52.052],[30.993,52.078],[30.75,51.904],[30.506,51.599],[30.657,51.343],[30.557,51.243]],[[31.984,51.368],[31.997,51.37],[31.996,51.368],[31.984,51.368]],[[32.738,51.466],[32.722,51.447],[32.72,51.446],[32.738,51.466]]]}},{"type":"Feature","properties":{"id":"oblast:krym","kind":"oblast","oblast":"krym"},"geometry":{"type":"Polygon","coordinates":[[[33.926,44.422],[34.065,44.422],[34.128,44.432],[34.143,44.456],[34.168,44.495],[34.217,44.502],[34.25,44.507],[34.278,44.54],[34.316,44.551],[34.341,44.549],[34.347,44.549],[34.349,44.582],[34.372,44.592],[34.399,44.646],[34.439,44.693],[34.459,44.711],[34.465,44.714],[34.523,44.739],[34.734,44.812],[34.732,44.817],[34.746,44.81],[34.807,44.82],[34.91,44.816],[34.92,44.831],[35.048,44.801],[35.081,44.793],[35.13,44.824],[35.136,44.858],[35.154,44.887],[35.154,44.888],[35.17,44.898],[35.24,44.918],[35.248,44.954],[35.265,44.966],[35.28,44.966],[35.305,44.966],[35.342,44.966],[35.538,45.127],[35.725,45.094],[35.837,44.999],[36.032,45.05],[36.225,45.028],[36.231,45.032],[36.258,45.051],[36.374,45.059],[36.429,45.081],[36.449,45.096],[36.452,45.102],[36.436,45.115],[36.43,45.12],[36.425,45.128],[36.417,45.148],[36.405,45.185],[36.42,45.242],[36.436,45.269],[36.437,45.271],[36.427,45.277],[36.434,45.265],[36.432,45.262],[36.429,45.258],[36.418,45.28],[36.42,45.284],[36.495,45.317],[36.629,45.375],[36.639,45.379],[36.645,45.384],[36.61,45.408],[36.608,45.409],[36.614,45.422],[36.344,45.484],[36.05,45.387],[35.986,45.371],[35.979,45.371],[35.952,45.378],[35.927,45.385],[35.901,45.4],[35.877,45.414],[35.846,45.448],[35.871,45.467],[35.845,45.473],[35.72,45.334],[35.611,45.315],[35.606,45.314],[35.523,45.286],[35.465,45.307],[35.425,45.325],[35.343,45.382],[35.316,45.401],[35.194,45.524],[34.967,45.759],[34.85,45.709],[34.799,45.81],[34.754,45.909],[34.634,45.983],[34.622,45.987],[34.561,45.994],[34.181,46.068],[34.118,46.107],[34.081,46.118],[34.068,46.114],[34.053,46.109],[33.998,46.126],[33.849,46.2],[33.797,46.203],[33.759,46.192],[33.741,46.188],[33.713,46.197],[33.647,46.23],[33.633,46.228],[33.621,46.227],[33.615,46.226],[33.617,46.22],[33.614,46.214],[33.641,46.142],[33.615,46.135],[33.642,46.081],[33.626,46.071],[33.615,46.052],[33.745,45.951],[33.758,45.935],[33.727,45.923],[33.679,45.903],[33.681,45.878],[33.683,45.847],[33.681,45.845],[33.68,45.846],[33.658,45.872],[33.614,45.89],[33.544,45.836],[33.53,45.846],[33.503,45.841],[33.497,45.849],[33.263,45.755],[33.171,45.792],[33.154,45.732],[33.138,45.719],[33.099,45.713],[33.1,45.697],[33.096,45.715],[32.956,45.661],[32.804,45.553],[32.79,45.562],[32.712,45.529],[32.71,45.515],[32.708,45.515],[32.696,45.511],[32.692,45.523],[32.572,45.473],[32.555,45.464],[32.524,45.44],[32.494,45.413],[32.48,45.392],[32.48,45.391],[32.484,45.389],[32.512,45.376],[32.513,45.374],[32.508,45.364],[32.498,45.346],[32.652,45.315],[32.744,45.36],[32.772,45.366],[32.796,45.367],[32.899,45.362],[32.907,45.361],[32.988,45.328],[32.99,45.327],[33.024,45.302],[33.149,45.203],[33.225,45.176],[33.254,45.151],[33.278,45.148],[33.283,45.148],[33.305,45.172],[33.315,45.174],[33.348,45.174],[33.379,45.19],[33.392,45.196],[33.396,45.197],[33.423,45.185],[33.548,45.099],[33.576,45.061],[33.605,44.992],[33.652,44.989],[33.659,44.989],[33.612,44.926],[33.616,44.712],[33.827,44.571],[33.926,44.422]],[[34.28,44.764],[34.281,44.764],[34.274,44.735],[34.28,44.764]],[[34.562,45.526],[34.562,45.522],[34.521,45.522],[34.562,45.526]],[[35.463,45.29],[35.461,45.295],[35.464,45.29],[35.463,45.29]],[[35.104,45.589],[35.074,45.623],[35.116,45.58],[35.105,45.588],[35.104,45.589]],[[33.955,45.191],[33.912,45.29],[33.933,45.244],[33.955,45.191]],[[34.087,45.227],[34.188,45.253],[34.189,45.225],[34.087,45.227]],[[34.965,45.056],[34.927,45.049],[34.925,45.051],[34.947,45.055],[34.965,45.056]]]}},{"type":"Feature","properties":{"id":"oblast:kharkivska","kind":"oblast","oblast":"kharkivska"},"geometry":{"type":"Polygon","coordinates":[[[35.433,49.673],[35.485,49.517],[35.489,49.503],[35.486,49.496],[35.484,49.491],[35.462,49.484],[35.279,49.318],[34.98,49.25],[35.043,49.155],[35.144,49.15],[35.188,49.163],[35.21,49.151],[35.228,49.127],[35.191,49.11],[35.211,49.105],[35.227,49.101],[35.23,49.103],[35.258,49.113],[35.276,49.091],[35.307,49.092],[35.313,49.078],[35.485,48.973],[35.51,48.984],[35.573,48.974],[35.582,48.984],[35.584,48.987],[35.587,48.987],[35.619,48.984],[35.627,48.983],[35.629,48.967],[35.653,48.973],[35.66,48.974],[35.666,48.973],[35.694,48.967],[35.696,48.943],[35.775,48.949],[35.789,48.954],[35.801,48.942],[35.792,48.935],[35.809,48.928],[35.81,48.941],[35.83,48.95],[35.849,48.946],[35.856,48.945],[35.855,48.958],[35.931,48.98],[35.942,48.998],[36.019,48.855],[36.281,48.661],[36.296,48.531],[36.324,48.556],[36.483,48.664],[36.739,48.626],[36.739,48.627],[36.729,48.65],[36.727,48.656],[36.712,48.693],[36.689,48.776],[36.72,48.806],[36.765,48.797],[36.854,48.8],[36.957,48.794],[36.969,48.792],[37.036,48.746],[37.554,49.167],[37.503,49.187],[37.519,49.198],[37.564,49.228],[37.614,49.233],[37.87,49.232],[37.875,49.234],[37.866,49.246],[37.899,49.27],[37.958,49.285],[37.837,49.493],[37.84,49.497],[37.841,49.499],[37.842,49.502],[37.84,49.502],[37.847,49.521],[37.886,49.519],[37.921,49.539],[37.927,49.548],[37.996,49.648],[38.045,49.658],[38.027,49.663],[38.094,49.846],[38.033,49.9],[37.925,50.035],[37.64,50.176],[37.535,50.334],[37.33,50.436],[37.151,50.356],[36.938,50.35],[36.662,50.222],[36.364,50.287],[36.177,50.402],[36.068,50.451],[35.793,50.416],[35.693,50.346],[35.68,50.332],[35.66,50.327],[35.535,50.302],[35.528,50.294],[35.504,50.3],[35.439,50.317],[35.423,50.335],[35.41,50.321],[35.33,50.319],[35.297,50.29],[35.328,50.275],[35.266,50.265],[35.198,50.238],[35.191,50.229],[35.148,50.242],[35.033,50.18],[34.964,50.184],[34.974,50.158],[34.94,50.152],[34.856,49.987],[34.971,49.885],[35.219,49.83],[35.244,49.694],[35.433,49.673]]]}},{"type":"Feature","properties":{"id":"raion:vinnytska:вінницький","kind":"raion","oblast":"vinnytska","name":"Вінницький район"},"geometry":{"type":"Polygon","coordinates":[[[28.977,49.552],[28.965,49.448],[28.408,49.348],[28.149,49.446],[28.097,49.457],[28.022,49.456],[27.981,49.472],[27.961,49.451],[27.996,49.409],[27.883,49.412],[27.835,49.409],[27.812,49.366],[27.852,49.312],[27.849,49.264],[27.856,49.236],[27.867,49.213],[27.887,49.213],[28.08,49.251],[28.12,49.232],[28.233,49.079],[28.199,49.073],[28.222,49.008],[28.238,48.998],[28.29,48.878],[28.35,48.822],[28.65,48.917],[28.655,48.888],[28.709,48.874],[28.796,48.903],[28.905,48.908],[28.995,48.905],[28.977,48.914],[28.982,48.935],[29.312,49.015],[29.415,49.061],[29.596,49.046],[29.606,49.058],[29.634,49.061],[29.711,49.207],[29.716,49.236],[29.662,49.25],[29.613,49.266],[29.52,49.361],[29.505,49.396],[29.595,49.443],[29.535,49.637],[29.41,49.659],[29.151,49.593],[29.105,49.593],[29.027,49.59],[28.977,49.552]]]}},{"type":"Feature","properties":{"id":"raion:vinnytska:хмільницький","kind":"raion","oblast":"vinnytska","name":"Хмільницький район"},"geometry":{"type":"Polygon","coordinates":[[[28.149,49.446],[28.408,49.348],[28.965,49.448],[28.977,49.552],[29.01,49.633],[28.964,49.673],[28.964,49.7],[28.954,49.84],[28.91,49.867],[28.899,49.882],[28.857,49.889],[28.734,49.798],[28.422,49.825],[27.98,49.78],[27.836,49.756],[27.817,49.743],[27.837,49.73],[27.763,49.697],[27.827,49.421],[27.883,49.412],[27.996,49.409],[27.961,49.451],[27.981,49.472],[28.022,49.456],[28.097,49.457],[28.149,49.446]]]}},{"type":"Feature","properties":{"id":"raion:vinnytska:гайсинський","kind":"raion","oblast":"vinnytska","name":"Гайсинський район"},"geometry":{"type":"Polygon","coordinates":[[[29.687,48.912],[29.652,48.937],[29.696,49.001],[29.639,49.012],[29.606,49.057],[29.596,49.046],[29.415,49.061],[29.312,49.015],[28.982,48.935],[28.977,48.914],[28.995,48.905],[28.962,48.872],[28.961,48.855],[29.011,48.855],[29.01,48.828],[29.135,48.829],[29.12,48.79],[29.174,48.672],[29.158,48.63],[28.917,48.523],[29.048,48.378],[29.081,48.328],[29.078,48.313],[29.103,48.291],[29.074,48.237],[29.134,48.153],[29.258,48.112],[29.311,48.086],[29.382,48.103],[29.495,48.103],[29.682,48.188],[29.782,48.242],[29.786,48.369],[29.953,48.462],[29.967,48.492],[30.006,48.513],[30.021,48.519],[29.99,48.614],[29.978,48.635],[29.766,48.786],[29.687,48.912]]]}},{"type":"Feature","properties":{"id":"raion:vinnytska:тульчинський","kind":"raion","oblast":"vinnytska","name":"Тульчинський район"},"geometry":{"type":"Polygon","coordinates":[[[28.577,48.182],[28.869,48.069],[29.005,48.151],[29.05,48.15],[29.06,48.18],[29.074,48.237],[29.103,48.291],[29.078,48.313],[29.081,48.328],[29.048,48.378],[28.917,48.523],[29.158,48.63],[29.174,48.672],[29.12,48.79],[29.135,48.829],[29.01,48.828],[29.011,48.855],[28.961,48.855],[28.962,48.872],[28.905,48.908],[28.796,48.903],[28.709,48.874],[28.655,48.888],[28.65,48.917],[28.35,48.822],[28.384,48.787],[28.471,48.68],[28.3,48.573],[28.577,48.182]]]}},{"type":"Feature","properties":{"id":"raion:vinnytska:жмеринський","kind":"raion","oblast":"vinnytska","name":"Жмеринський район"},"geometry":{"type":"Polygon","coordinates":[[[28.233,49.079],[28.12,49.232],[28.08,49.251],[27.887,49.213],[27.815,49.189],[27.64,49.168],[27.598,49.135],[27.578,49.122],[27.533,49.125],[27.508,49.132],[27.505,49.11],[27.503,49.07],[27.435,49.07],[27.418,48.972],[27.403,48.953],[27.393,48.9],[27.455,48.9],[27.813,48.814],[27.975,48.642],[28.3,48.573],[28.471,48.68],[28.384,48.787],[28.29,48.878],[28.238,48.998],[28.222,49.008],[28.199,49.073],[28.233,49.079]]]}},{"type":"Feature","properties":{"id":"raion:vinnytska:могилів-подільський","kind":"raion","oblast":"vinnytska","name":"Могилів-Подільський район"},"geometry":{"type":"Polygon","coordinates":[[[27.479,48.507],[27.872,48.405],[28.208,48.205],[28.355,48.246],[28.577,48.182],[28.3,48.573],[27.975,48.642],[27.813,48.814],[27.455,48.9],[27.405,48.889],[27.409,48.768],[27.417,48.74],[27.372,48.629],[27.457,48.59],[27.479,48.507]]]}},{"type":"Feature","properties":{"id":"raion:volynska:луцький","kind":"raion","oblast":"volynska","name":"Луцький район"},"geometry":{"type":"Polygon","coordinates":[[[25.352,50.642],[25.379,50.691],[25.694,50.725],[25.793,50.667],[25.844,50.631],[25.902,50.832],[26.085,50.973],[26.071,51.156],[25.996,51.228],[25.948,51.232],[25.429,51.132],[25.356,51.114],[25.32,51.127],[25.243,51.097],[24.866,50.968],[24.828,50.941],[24.818,50.886],[24.828,50.886],[24.942,50.756],[24.936,50.704],[24.831,50.577],[24.737,50.572],[24.645,50.592],[24.564,50.533],[24.558,50.511],[24.715,50.343],[25.059,50.342],[25.113,50.287],[25.16,50.505],[25.328,50.612],[25.352,50.642]]]}},{"type":"Feature","properties":{"id":"raion:volynska:камінь-каширський","kind":"raion","oblast":"volynska","name":"Камінь-Каширський район"},"geometry":{"type":"Polygon","coordinates":[[[25.948,51.232],[25.947,51.251],[25.931,51.264],[25.893,51.291],[25.889,51.295],[25.835,51.362],[25.55,51.519],[25.683,51.756],[25.593,51.925],[25.264,51.969],[24.936,51.881],[24.723,51.757],[24.785,51.435],[24.929,51.353],[25.173,51.326],[25.336,51.179],[25.377,51.158],[25.364,51.153],[25.429,51.132],[25.948,51.232]]]}},{"type":"Feature","properties":{"id":"raion:volynska:володимирський","kind":"raion","oblast":"volynska","name":"Володимирський район"},"geometry":{"type":"Polygon","coordinates":[[[24.645,50.592],[24.737,50.572],[24.831,50.577],[24.936,50.704],[24.942,50.756],[24.828,50.886],[24.799,50.882],[24.429,50.957],[24.377,50.986],[24.204,51.093],[23.955,51.043],[24.1,50.836],[24.155,50.647],[24.173,50.616],[24.211,50.592],[24.312,50.572],[24.489,50.556],[24.564,50.533],[24.645,50.592]]]}},{"type":"Feature","properties":{"id":"raion:volynska:ковельський","kind":"raion","oblast":"volynska","name":"Ковельський район"},"geometry":{"type":"Polygon","coordinates":[[[25.243,51.097],[25.32,51.127],[25.356,51.114],[25.364,51.153],[25.377,51.158],[25.336,51.179],[25.173,51.326],[24.929,51.353],[24.785,51.435],[24.723,51.757],[24.936,51.881],[24.373,51.879],[24.32,51.751],[23.997,51.58],[23.783,51.668],[23.661,51.584],[23.636,51.329],[23.955,51.043],[24.204,51.093],[24.377,50.986],[24.429,50.957],[24.799,50.882],[24.818,50.886],[24.828,50.941],[24.866,50.968],[25.243,51.097]]]}},{"type":"Feature","properties":{"id":"raion:dnipropetrovska:дніпровський","kind":"raion","oblast":"dnipropetrovska","name":"Дніпровський район"},"geometry":{"type":"Polygon","coordinates":[[[35.196,48.231],[35.267,48.412],[35.303,48.44],[35.285,48.464],[35.142,48.586],[35.07,48.755],[34.788,48.913],[34.744,48.962],[34.754,48.967],[34.692,49.048],[34.669,49.039],[34.672,49.098],[34.647,49.098],[34.591,49.112],[34.595,49.094],[34.574,49.063],[34.544,49.054],[34.36,49.033],[34.309,48.765],[34.292,48.719],[34.446,48.611],[34.516,48.578],[34.597,48.33],[34.375,48.131],[34.196,48.068],[34.22,48.058],[34.201,47.972],[34.24,47.963],[34.441,47.954],[34.495,47.928],[34.602,48.013],[34.818,48.011],[34.847,48.014],[34.839,48.051],[34.876,48.054],[34.855,48.133],[34.916,48.131],[34.915,48.091],[35.039,48.098],[35.164,48.129],[35.196,48.231]]]}},{"type":"Feature","properties":{"id":"raion:dnipropetrovska:криворізький","kind":"raion","oblast":"dnipropetrovska","name":"Криворізький район"},"geometry":{"type":"Polygon","coordinates":[[[34.067,47.809],[34.144,47.954],[34.201,47.972],[34.22,48.058],[34.177,48.068],[33.875,48.259],[33.613,48.318],[33.578,48.252],[33.513,48.231],[33.243,48.173],[33.232,48.127],[33.109,48.042],[33.036,48.017],[33.022,48.013],[32.995,47.984],[32.993,47.935],[33.014,47.91],[33.095,47.597],[33.093,47.579],[33.172,47.567],[33.236,47.563],[33.644,47.485],[33.935,47.516],[33.947,47.501],[33.955,47.458],[34.003,47.457],[34.115,47.475],[34.074,47.576],[34.044,47.635],[34.044,47.659],[33.979,47.666],[34.032,47.771],[34.067,47.809]]]}},{"type":"Feature","properties":{"id":"raion:dnipropetrovska:самарівський","kind":"raion","oblast":"dnipropetrovska","name":"Самарівський район"},"geometry":{"type":"Polygon","coordinates":[[[34.765,49.151],[34.693,49.136],[34.68,49.13],[34.648,49.132],[34.647,49.098],[34.672,49.098],[34.669,49.039],[34.692,49.048],[34.754,48.967],[34.744,48.962],[34.788,48.913],[35.07,48.755],[35.142,48.586],[35.285,48.464],[35.315,48.424],[35.372,48.455],[35.376,48.527],[35.435,48.538],[35.522,48.527],[35.525,48.599],[35.643,48.705],[35.678,48.759],[35.808,48.876],[35.819,48.924],[35.792,48.935],[35.801,48.942],[35.775,48.949],[35.696,48.943],[35.485,48.973],[35.313,49.078],[35.276,49.091],[35.258,49.113],[35.228,49.127],[35.21,49.151],[35.144,49.15],[35.043,49.155],[34.949,49.194],[34.765,49.151]]]}},{"type":"Feature","properties":{"id":"raion:dnipropetrovska:нікопольський","kind":"raion","oblast":"dnipropetrovska","name":"Нікопольський район"},"geometry":{"type":"Polygon","coordinates":[[[34.044,47.635],[34.074,47.576],[34.115,47.475],[34.3,47.519],[34.469,47.532],[34.796,47.537],[34.965,47.548],[34.861,47.881],[34.817,47.864],[34.858,48.015],[34.818,48.011],[34.602,48.013],[34.495,47.928],[34.441,47.954],[34.24,47.963],[34.144,47.954],[34.067,47.809],[34.032,47.771],[33.979,47.666],[34.044,47.659],[34.044,47.635]]]}},{"type":"Feature","properties":{"id":"raion:dnipropetrovska:павлоградський","kind":"raion","oblast":"dnipropetrovska","name":"Павлоградський район"},"geometry":{"type":"Polygon","coordinates":[[[35.533,48.499],[35.747,48.472],[36.103,48.35],[36.228,48.46],[36.296,48.531],[36.281,48.661],[36.019,48.855],[36.044,48.915],[35.996,48.939],[35.989,48.969],[35.94,48.999],[35.931,48.98],[35.855,48.958],[35.81,48.941],[35.819,48.924],[35.808,48.876],[35.678,48.759],[35.643,48.705],[35.525,48.599],[35.533,48.499]]]}},{"type":"Feature","properties":{"id":"raion:dnipropetrovska:синельниківський","kind":"raion","oblast":"dnipropetrovska","name":"Синельниківський район"},"geometry":{"type":"Polygon","coordinates":[[[36.228,48.46],[36.103,48.35],[35.747,48.472],[35.533,48.499],[35.522,48.527],[35.435,48.538],[35.376,48.527],[35.372,48.455],[35.315,48.424],[35.303,48.44],[35.267,48.412],[35.196,48.231],[35.195,48.14],[35.524,48.075],[35.703,48.14],[35.817,48.066],[35.969,48.073],[36.109,47.942],[36.13,47.89],[36.054,47.88],[36.074,47.849],[36.102,47.843],[36.198,47.833],[36.324,47.839],[36.585,47.847],[36.542,47.906],[36.602,48.091],[36.855,48.035],[36.873,48.184],[36.871,48.317],[36.809,48.348],[36.821,48.405],[36.851,48.417],[36.907,48.521],[36.902,48.543],[36.885,48.542],[36.788,48.567],[36.745,48.596],[36.739,48.626],[36.672,48.625],[36.591,48.603],[36.483,48.664],[36.324,48.556],[36.228,48.46]]]}},{"type":"Feature","properties":{"id":"raion:dnipropetrovska:кам'янський","kind":"raion","oblast":"dnipropetrovska","name":"Кам'янський район"},"geometry":{"type":"Polygon","coordinates":[[[33.613,48.318],[33.875,48.259],[34.177,48.068],[34.196,48.068],[34.375,48.131],[34.597,48.33],[34.516,48.578],[34.446,48.611],[34.292,48.719],[34.249,48.745],[34.12,48.822],[34.035,48.844],[34.021,48.865],[33.926,48.88],[33.894,48.902],[33.802,48.663],[33.762,48.625],[33.65,48.6],[33.584,48.576],[33.482,48.558],[33.472,48.545],[33.469,48.534],[33.53,48.276],[33.578,48.252],[33.613,48.318]]]}},{"type":"Feature","properties":{"id":"raion:donetska:маріупольський","kind":"raion","oblast":"donetska","name":"Маріупольський район"},"geometry":{"type":"Polygon","coordinates":[[[37.062,46.884],[37.337,46.891],[37.527,47.074],[37.816,47.106],[37.881,47.157],[37.84,47.214],[37.795,47.281],[37.837,47.304],[37.833,47.342],[37.863,47.353],[37.699,47.371],[37.407,47.356],[37.289,47.434],[37.265,47.467],[37.245,47.468],[37.24,47.46],[37.195,47.373],[36.947,47.311],[36.963,47.202],[36.855,47.199],[37.125,47.039],[37.062,46.884]]]}},{"type":"Feature","properties":{"id":"raion:donetska:бахмутський","kind":"raion","oblast":"donetska","name":"Бахмутський район"},"geometry":{"type":"MultiPolygon","coordinates":[[[[38.249,48.395],[38.329,48.402],[38.335,48.413],[38.4,48.416],[38.393,48.432],[38.341,48.437],[38.263,48.637],[38.266,48.656],[38.272,48.825],[38.092,48.939],[38.005,48.899],[37.816,48.721],[37.842,48.673],[37.82,48.554],[37.96,48.467],[38.023,48.478],[38.007,48.386],[38.039,48.388],[38.053,48.4],[38.103,48.394],[38.156,48.394],[38.208,48.361],[38.249,48.395]]],[[[37.868,48.363],[37.935,48.352],[37.928,48.4],[37.939,48.399],[37.929,48.413],[37.913,48.408],[37.884,48.405],[37.817,48.417],[37.825,48.39],[37.872,48.373],[37.868,48.363]]],[[[37.77,48.391],[37.779,48.402],[37.788,48.417],[37.786,48.415],[37.77,48.391]]]]}},{"type":"Feature","properties":{"id":"raion:donetska:краматорський","kind":"raion","oblast":"donetska","name":"Краматорський район"},"geometry":{"type":"Polygon","coordinates":[[[37.446,48.412],[37.453,48.347],[37.738,48.357],[37.77,48.391],[37.786,48.415],[37.788,48.417],[37.779,48.402],[37.825,48.39],[37.817,48.417],[37.884,48.405],[37.913,48.408],[37.929,48.413],[37.939,48.399],[37.928,48.4],[37.965,48.396],[37.958,48.448],[37.948,48.455],[38.003,48.457],[37.96,48.467],[37.82,48.554],[37.842,48.673],[37.816,48.721],[38.005,48.899],[38.036,48.935],[38.052,48.986],[38.053,49.06],[38.062,49.063],[38.082,49.148],[38.044,49.15],[38.04,49.127],[37.927,49.144],[37.893,49.161],[37.903,49.167],[37.873,49.223],[37.875,49.234],[37.854,49.226],[37.844,49.201],[37.614,49.233],[37.554,49.167],[37.036,48.746],[36.854,48.8],[36.765,48.797],[36.689,48.776],[36.712,48.693],[36.731,48.658],[36.723,48.654],[36.734,48.647],[36.745,48.596],[36.788,48.567],[36.885,48.542],[36.902,48.543],[36.904,48.531],[36.993,48.546],[37.327,48.578],[37.424,48.424],[37.446,48.412]]]}},{"type":"Feature","properties":{"id":"raion:donetska:покровський","kind":"raion","oblast":"donetska","name":"Покровський район"},"geometry":{"type":"Polygon","coordinates":[[[37.544,47.839],[37.541,47.916],[37.553,47.932],[37.562,47.978],[37.693,48.103],[37.8,48.142],[37.793,48.163],[37.838,48.142],[37.897,48.166],[37.933,48.185],[37.921,48.213],[37.894,48.231],[37.886,48.308],[37.905,48.322],[37.939,48.324],[37.868,48.363],[37.872,48.373],[37.738,48.357],[37.453,48.347],[37.446,48.412],[37.424,48.424],[37.327,48.578],[36.993,48.546],[36.944,48.541],[36.904,48.531],[36.907,48.521],[36.851,48.417],[36.821,48.405],[36.809,48.348],[36.871,48.317],[36.873,48.184],[36.993,48.072],[37.274,47.818],[37.292,47.802],[37.428,47.8],[37.51,47.813],[37.544,47.839]]]}},{"type":"Feature","properties":{"id":"raion:donetska:волноваський","kind":"raion","oblast":"donetska","name":"Волноваський район"},"geometry":{"type":"Polygon","coordinates":[[[37.245,47.468],[37.265,47.467],[37.289,47.434],[37.407,47.356],[37.699,47.371],[37.854,47.365],[37.823,47.639],[37.587,47.803],[37.428,47.8],[37.292,47.802],[37.274,47.818],[36.993,48.072],[36.855,48.035],[36.602,48.091],[36.542,47.906],[36.585,47.847],[36.605,47.851],[36.725,47.631],[37.19,47.469],[37.245,47.468]]]}},{"type":"Feature","properties":{"id":"raion:donetska:горлівський","kind":"raion","oblast":"donetska","name":"Горлівський район"},"geometry":{"type":"Polygon","coordinates":[[[38.001,48.175],[38.025,48.158],[38.057,48.143],[38.147,48.176],[38.201,48.115],[38.228,48.089],[38.248,48.128],[38.312,48.116],[38.391,47.958],[38.523,47.936],[38.558,47.96],[38.776,47.879],[39.074,47.87],[39.04,48.007],[38.613,48.204],[38.591,48.252],[38.427,48.278],[38.439,48.392],[38.433,48.448],[38.393,48.432],[38.4,48.416],[38.335,48.413],[38.329,48.402],[38.249,48.395],[38.208,48.361],[38.156,48.394],[38.103,48.394],[38.053,48.4],[38.039,48.388],[38.007,48.386],[38.023,48.478],[38.003,48.457],[37.965,48.396],[37.935,48.352],[37.939,48.324],[37.905,48.322],[37.886,48.308],[37.894,48.231],[37.921,48.213],[38.01,48.18],[38.001,48.175]]]}},{"type":"Feature","properties":{"id":"raion:donetska:донецький","kind":"raion","oblast":"donetska","name":"Донецький район"},"geometry":{"type":"Polygon","coordinates":[[[38.248,48.128],[38.228,48.089],[38.201,48.115],[38.147,48.176],[38.057,48.143],[38.025,48.158],[38.001,48.175],[38.01,48.18],[37.933,48.185],[37.897,48.166],[37.838,48.142],[37.793,48.163],[37.8,48.142],[37.693,48.103],[37.562,47.978],[37.553,47.932],[37.541,47.916],[37.603,47.864],[37.811,47.903],[37.88,47.887],[38.358,47.627],[38.616,47.645],[38.771,47.727],[38.776,47.879],[38.558,47.96],[38.523,47.936],[38.391,47.958],[38.312,48.116],[38.248,48.128]]]}},{"type":"Feature","properties":{"id":"raion:donetska:кальміуський","kind":"raion","oblast":"donetska","name":"Кальміуський район"},"geometry":{"type":"Polygon","coordinates":[[[37.816,47.106],[38.133,47.057],[38.23,47.119],[38.221,47.305],[38.358,47.627],[37.88,47.887],[37.811,47.903],[37.603,47.864],[37.544,47.839],[37.51,47.813],[37.587,47.803],[37.823,47.639],[37.854,47.365],[37.863,47.353],[37.833,47.342],[37.837,47.304],[37.795,47.281],[37.84,47.214],[37.881,47.157],[37.816,47.106]]]}},{"type":"Feature","properties":{"id":"raion:zhytomyrska:коростенський","kind":"raion","oblast":"zhytomyrska","name":"Коростенський район"},"geometry":{"type":"Polygon","coordinates":[[[27.75,50.996],[28.029,51.051],[28.242,50.737],[28.29,50.718],[28.647,50.755],[28.702,50.754],[28.737,50.72],[29.281,50.657],[29.488,50.717],[29.558,50.694],[29.585,50.723],[29.581,50.749],[29.566,50.763],[29.535,50.776],[29.472,50.774],[29.411,50.949],[29.44,50.989],[29.317,51.13],[29.355,51.293],[29.359,51.376],[29.167,51.653],[28.82,51.559],[28.281,51.624],[27.669,51.497],[27.526,51.366],[27.49,51.315],[27.367,51.098],[27.36,51.077],[27.625,51.077],[27.667,51.038],[27.703,51.008],[27.75,50.996]]]}},{"type":"Feature","properties":{"id":"raion:zhytomyrska:житомирський","kind":"raion","oblast":"zhytomyrska","name":"Житомирський район"},"geometry":{"type":"Polygon","coordinates":[[[29.598,50.729],[29.558,50.694],[29.488,50.717],[29.281,50.657],[28.737,50.72],[28.702,50.754],[28.647,50.755],[28.29,50.718],[28.261,50.712],[28.241,50.709],[28.24,50.633],[28.043,50.594],[27.947,50.509],[27.967,50.293],[27.652,50.207],[27.651,50.199],[27.665,50.193],[27.669,50.077],[27.658,50.026],[27.546,50.012],[27.548,49.935],[27.57,49.91],[27.61,49.876],[27.668,49.808],[27.752,49.756],[27.817,49.743],[27.836,49.756],[27.884,49.786],[28.132,49.857],[28.142,49.848],[28.465,50.049],[29.271,50.099],[29.309,49.833],[29.319,49.849],[29.331,49.853],[29.365,49.858],[29.41,49.809],[29.47,49.814],[29.498,49.816],[29.64,49.87],[29.632,49.877],[29.728,49.933],[29.659,50.128],[29.643,50.18],[29.689,50.277],[29.682,50.312],[29.612,50.341],[29.46,50.517],[29.486,50.663],[29.542,50.69],[29.577,50.699],[29.598,50.729]]]}},{"type":"Feature","properties":{"id":"raion:zhytomyrska:бердичівський","kind":"raion","oblast":"zhytomyrska","name":"Бердичівський район"},"geometry":{"type":"Polygon","coordinates":[[[29.105,49.593],[29.151,49.593],[29.41,49.659],[29.505,49.649],[29.462,49.762],[29.41,49.809],[29.365,49.858],[29.331,49.853],[29.319,49.849],[29.309,49.833],[29.271,50.099],[28.465,50.049],[28.142,49.848],[28.132,49.857],[27.884,49.786],[27.98,49.78],[28.422,49.825],[28.734,49.798],[28.857,49.889],[28.899,49.882],[28.91,49.867],[28.954,49.84],[28.964,49.7],[28.964,49.673],[29.01,49.633],[29.027,49.59],[29.105,49.593]]]}},{"type":"Feature","properties":{"id":"raion:zhytomyrska:звягельський","kind":"raion","oblast":"zhytomyrska","name":"Звягельський район"},"geometry":{"type":"Polygon","coordinates":[[[28.242,50.737],[28.029,51.051],[27.75,50.996],[27.703,51.008],[27.667,51.038],[27.625,51.077],[27.36,51.077],[27.324,51.08],[27.2,51],[27.239,50.937],[27.245,50.673],[27.214,50.657],[27.214,50.64],[27.225,50.605],[27.215,50.588],[27.207,50.532],[27.248,50.393],[27.637,50.188],[27.651,50.199],[27.652,50.207],[27.967,50.293],[27.947,50.509],[28.043,50.594],[28.24,50.633],[28.241,50.709],[28.261,50.712],[28.242,50.737]]]}},{"type":"Feature","properties":{"id":"raion:zakarpatska:тячівський","kind":"raion","oblast":"zakarpatska","name":"Тячівський район"},"geometry":{"type":"Polygon","coordinates":[[[23.439,48.07],[23.54,48.01],[23.96,47.966],[23.996,48.183],[24.037,48.234],[24.061,48.263],[24.088,48.273],[24.116,48.267],[24.165,48.305],[24.161,48.332],[24.182,48.375],[24.152,48.402],[24.14,48.481],[24.115,48.498],[24.089,48.527],[24.077,48.513],[24.002,48.506],[23.973,48.477],[23.925,48.513],[23.929,48.552],[23.907,48.563],[23.858,48.522],[23.439,48.07]]]}},{"type":"Feature","properties":{"id":"raion:zakarpatska:рахівський","kind":"raion","oblast":"zakarpatska","name":"Рахівський район"},"geometry":{"type":"Polygon","coordinates":[[[23.96,47.966],[24.221,47.897],[24.575,48.014],[24.598,48.089],[24.554,48.118],[24.53,48.123],[24.5,48.16],[24.35,48.381],[24.289,48.381],[24.258,48.35],[24.161,48.332],[24.165,48.305],[24.116,48.267],[24.088,48.273],[24.061,48.263],[24.037,48.234],[23.996,48.183],[23.96,47.966]]]}},{"type":"Feature","properties":{"id":"raion:zakarpatska:ужгородський","kind":"raion","oblast":"zakarpatska","name":"Ужгородський район"},"geometry":{"type":"Polygon","coordinates":[[[22.86,48.918],[22.898,49.005],[22.765,49.054],[22.477,48.991],[22.34,48.684],[22.171,48.588],[22.138,48.433],[22.319,48.369],[22.342,48.406],[22.418,48.391],[22.482,48.374],[22.503,48.404],[22.436,48.441],[22.402,48.49],[22.558,48.495],[22.677,48.65],[22.862,48.728],[22.873,48.817],[22.882,48.828],[22.86,48.899],[22.86,48.918]]]}},{"type":"Feature","properties":{"id":"raion:zakarpatska:берегівський","kind":"raion","oblast":"zakarpatska","name":"Берегівський район"},"geometry":{"type":"Polygon","coordinates":[[[23.264,48.152],[22.972,48.34],[22.917,48.329],[22.635,48.323],[22.545,48.326],[22.567,48.307],[22.502,48.308],[22.495,48.373],[22.482,48.374],[22.418,48.391],[22.342,48.406],[22.319,48.369],[22.6,48.117],[22.824,48.118],[22.896,47.954],[23.264,48.152]]]}},{"type":"Feature","properties":{"id":"raion:zakarpatska:мукачівський","kind":"raion","oblast":"zakarpatska","name":"Мукачівський район"},"geometry":{"type":"Polygon","coordinates":[[[22.873,48.817],[22.862,48.728],[22.677,48.65],[22.558,48.495],[22.402,48.49],[22.436,48.441],[22.503,48.404],[22.495,48.373],[22.502,48.308],[22.567,48.307],[22.545,48.326],[22.635,48.323],[22.917,48.329],[22.931,48.383],[22.88,48.41],[23.131,48.453],[23.19,48.634],[23.317,48.753],[23.286,48.776],[23.268,48.762],[23.058,48.846],[22.97,48.874],[22.86,48.918],[22.86,48.899],[22.882,48.828],[22.873,48.817]]]}},{"type":"Feature","properties":{"id":"raion:zakarpatska:хустський","kind":"raion","oblast":"zakarpatska","name":"Хустський район"},"geometry":{"type":"Polygon","coordinates":[[[22.972,48.34],[23.264,48.152],[23.439,48.07],[23.858,48.522],[23.797,48.601],[23.637,48.684],[23.599,48.705],[23.512,48.735],[23.378,48.744],[23.317,48.753],[23.19,48.634],[23.131,48.453],[22.88,48.41],[22.931,48.383],[22.972,48.34]]]}},{"type":"Feature","properties":{"id":"raion:zaporizka:запорізький","kind":"raion","oblast":"zaporizka","name":"Запорізький район"},"geometry":{"type":"Polygon","coordinates":[[[34.817,47.864],[34.861,47.881],[34.965,47.548],[34.944,47.53],[34.977,47.511],[35.067,47.509],[35.336,47.678],[35.549,47.607],[35.555,47.58],[35.567,47.576],[35.715,47.622],[35.842,47.769],[36.007,47.766],[36.174,47.786],[36.191,47.807],[36.102,47.843],[36.074,47.849],[36.054,47.88],[36.13,47.89],[36.109,47.942],[35.969,48.073],[35.817,48.066],[35.703,48.14],[35.524,48.075],[35.195,48.14],[35.164,48.129],[35.039,48.098],[34.915,48.091],[34.916,48.131],[34.855,48.133],[34.876,48.054],[34.839,48.051],[34.847,48.014],[34.858,48.015],[34.817,47.864]]]}},{"type":"Feature","properties":{"id":"raion:zaporizka:пологівський","kind":"raion","oblast":"zaporizka","name":"Пологівський район"},"geometry":{"type":"Polygon","coordinates":[[[37.19,47.469],[36.725,47.631],[36.605,47.851],[36.476,47.824],[36.324,47.839],[36.198,47.833],[36.191,47.807],[36.174,47.786],[36.007,47.766],[35.842,47.769],[35.715,47.622],[35.616,47.585],[35.555,47.58],[35.588,47.438],[35.491,47.161],[35.457,47.17],[35.45,47.159],[35.5,47.114],[35.689,46.987],[35.922,47.043],[35.917,47.088],[36,47.342],[36.434,47.263],[36.49,47.116],[36.669,47.145],[36.678,47.198],[36.963,47.202],[36.947,47.311],[37.195,47.373],[37.24,47.46],[37.19,47.469]]]}},{"type":"Feature","properties":{"id":"raion:zaporizka:бердянський","kind":"raion","oblast":"zaporizka","name":"Бердянський район"},"geometry":{"type":"Polygon","coordinates":[[[36.669,47.145],[36.49,47.116],[36.434,47.263],[36,47.342],[35.917,47.088],[35.919,47.068],[35.949,47.069],[35.95,47.06],[36,47.069],[35.983,47.053],[35.982,46.976],[36.068,46.985],[36.092,46.822],[35.92,46.657],[36.188,46.67],[36.626,46.782],[36.811,46.73],[37.062,46.884],[37.125,47.039],[36.855,47.199],[36.678,47.198],[36.669,47.145]]]}},{"type":"Feature","properties":{"id":"raion:zaporizka:мелітопольський","kind":"raion","oblast":"zaporizka","name":"Мелітопольський район"},"geometry":{"type":"Polygon","coordinates":[[[34.517,47.119],[34.52,47.105],[34.553,47.106],[34.817,46.828],[34.735,46.747],[34.757,46.549],[35.055,46.482],[35.072,46.3],[35.284,46.263],[35.445,46.435],[35.92,46.657],[36.092,46.822],[36.068,46.985],[35.982,46.976],[35.983,47.053],[36,47.069],[35.95,47.06],[35.949,47.069],[35.919,47.068],[35.922,47.043],[35.689,46.987],[35.5,47.114],[35.45,47.159],[35.457,47.17],[35.441,47.174],[35.381,47.179],[35.322,47.203],[35.14,47.09],[34.963,47.078],[34.812,47.16],[34.517,47.119]]]}},{"type":"Feature","properties":{"id":"raion:zaporizka:василівський","kind":"raion","oblast":"zaporizka","name":"Василівський район"},"geometry":{"type":"Polygon","coordinates":[[[35.322,47.203],[35.381,47.179],[35.441,47.174],[35.491,47.161],[35.588,47.438],[35.549,47.607],[35.336,47.678],[35.067,47.509],[34.977,47.511],[34.944,47.53],[34.796,47.537],[34.469,47.532],[34.3,47.519],[34.139,47.477],[34.261,47.36],[34.272,47.361],[34.305,47.269],[34.491,47.247],[34.517,47.119],[34.812,47.16],[34.963,47.078],[35.14,47.09],[35.322,47.203]]]}},{"type":"Feature","properties":{"id":"raion:ivano-frankivska:верховинський","kind":"raion","oblast":"ivano-frankivska","name":"Верховинський район"},"geometry":{"type":"Polygon","coordinates":[[[25.038,48.173],[24.968,48.208],[24.941,48.211],[24.841,48.226],[24.781,48.26],[24.74,48.269],[24.659,48.26],[24.575,48.128],[24.554,48.118],[24.598,48.089],[24.575,48.014],[24.671,47.865],[24.923,47.727],[24.997,47.855],[24.961,47.904],[24.92,48.01],[24.995,48.087],[25.04,48.128],[25.067,48.132],[25.038,48.173]]]}},{"type":"Feature","properties":{"id":"raion:ivano-frankivska:калуський","kind":"raion","oblast":"ivano-frankivska","name":"Калуський район"},"geometry":{"type":"Polygon","coordinates":[[[24.416,49.168],[24.282,49.168],[24.165,49.128],[24.083,49.149],[23.761,49.122],[23.566,48.975],[23.579,48.784],[23.599,48.705],[23.637,48.684],[23.797,48.601],[23.907,48.563],[23.929,48.552],[23.925,48.513],[23.973,48.477],[24.002,48.506],[24.077,48.513],[24.089,48.527],[24.133,48.542],[24.096,48.608],[24.565,49.019],[24.534,49.051],[24.503,49.163],[24.56,49.181],[24.551,49.196],[24.51,49.217],[24.434,49.219],[24.416,49.168]]]}},{"type":"Feature","properties":{"id":"raion:ivano-frankivska:івано-франківський","kind":"raion","oblast":"ivano-frankivska","name":"Івано-Франківський район"},"geometry":{"type":"Polygon","coordinates":[[[24.503,49.163],[24.534,49.051],[24.565,49.019],[24.096,48.608],[24.133,48.542],[24.199,48.52],[24.248,48.574],[24.301,48.592],[24.52,48.68],[24.584,48.693],[24.642,48.756],[24.741,48.747],[24.754,48.766],[24.766,48.766],[25.039,48.73],[25.093,48.674],[25.243,48.794],[25.261,48.827],[25.292,48.845],[25.284,48.862],[25.228,48.848],[25.23,48.887],[25.21,48.922],[24.97,49.011],[24.916,49.083],[24.9,49.129],[24.856,49.178],[24.843,49.263],[24.828,49.285],[24.859,49.347],[24.729,49.492],[24.656,49.505],[24.57,49.534],[24.492,49.523],[24.44,49.512],[24.401,49.495],[24.302,49.316],[24.305,49.277],[24.341,49.243],[24.51,49.217],[24.551,49.196],[24.56,49.181],[24.503,49.163]]]}},{"type":"Feature","properties":{"id":"raion:ivano-frankivska:коломийський","kind":"raion","oblast":"ivano-frankivska","name":"Коломийський район"},"geometry":{"type":"Polygon","coordinates":[[[24.787,48.56],[24.762,48.544],[24.748,48.522],[24.759,48.514],[24.76,48.477],[24.795,48.445],[25.083,48.417],[25.171,48.415],[25.201,48.399],[25.262,48.367],[25.308,48.359],[25.436,48.394],[25.444,48.403],[25.622,48.379],[25.615,48.391],[25.599,48.413],[25.587,48.59],[25.552,48.8],[25.469,48.857],[25.427,48.868],[25.433,48.844],[25.336,48.855],[25.34,48.838],[25.261,48.827],[25.243,48.794],[25.093,48.674],[25.039,48.73],[24.766,48.766],[24.754,48.766],[24.741,48.747],[24.727,48.715],[24.787,48.56]]]}},{"type":"Feature","properties":{"id":"raion:ivano-frankivska:косівський","kind":"raion","oblast":"ivano-frankivska","name":"Косівський район"},"geometry":{"type":"Polygon","coordinates":[[[24.941,48.211],[24.968,48.208],[25.038,48.173],[25.082,48.173],[25.14,48.195],[25.145,48.247],[25.233,48.292],[25.244,48.315],[25.308,48.359],[25.262,48.367],[25.201,48.399],[25.171,48.415],[25.083,48.417],[24.795,48.445],[24.709,48.418],[24.721,48.378],[24.738,48.352],[24.734,48.314],[24.738,48.283],[24.74,48.269],[24.781,48.26],[24.841,48.226],[24.941,48.211]]]}},{"type":"Feature","properties":{"id":"raion:ivano-frankivska:надвірнянський","kind":"raion","oblast":"ivano-frankivska","name":"Надвірнянський район"},"geometry":{"type":"Polygon","coordinates":[[[24.584,48.693],[24.52,48.68],[24.301,48.592],[24.248,48.574],[24.199,48.52],[24.115,48.498],[24.14,48.481],[24.152,48.402],[24.182,48.375],[24.258,48.35],[24.289,48.381],[24.35,48.381],[24.5,48.16],[24.53,48.123],[24.575,48.128],[24.659,48.26],[24.738,48.283],[24.734,48.314],[24.738,48.352],[24.721,48.378],[24.709,48.418],[24.76,48.477],[24.759,48.514],[24.748,48.522],[24.762,48.544],[24.787,48.56],[24.727,48.715],[24.642,48.756],[24.584,48.693]]]}},{"type":"Feature","properties":{"id":"raion:kyivska:вишгородський","kind":"raion","oblast":"kyivska","name":"Вишгородський район"},"geometry":{"type":"Polygon","coordinates":[[[30.305,50.571],[30.572,50.545],[30.59,50.555],[30.594,50.573],[30.641,50.594],[30.712,50.739],[30.735,50.783],[30.747,50.792],[30.77,50.817],[30.777,50.831],[30.772,50.874],[30.499,51.019],[30.526,51.236],[30.18,51.513],[29.539,51.482],[29.359,51.376],[29.355,51.293],[29.317,51.13],[29.44,50.989],[29.411,50.949],[29.472,50.774],[29.535,50.776],[29.571,50.78],[29.61,50.781],[30.274,50.709],[30.299,50.609],[30.288,50.605],[30.305,50.571]]]}},{"type":"Feature","properties":{"id":"raion:kyivska:броварський","kind":"raion","oblast":"kyivska","name":"Броварський район"},"geometry":{"type":"Polygon","coordinates":[[[31.859,50.632],[31.811,50.624],[31.782,50.559],[31.445,50.5],[31.166,50.607],[31.167,50.732],[31.122,50.75],[31.127,50.774],[31.07,50.765],[30.875,50.747],[30.838,50.744],[30.768,50.78],[30.712,50.739],[30.641,50.594],[30.594,50.573],[30.59,50.555],[30.572,50.545],[30.849,50.419],[31.097,50.476],[31.225,50.422],[31.211,50.249],[31.272,50.189],[31.346,50.175],[31.422,50.176],[31.355,50.26],[31.392,50.271],[31.631,50.263],[31.76,50.401],[32.07,50.373],[32.077,50.393],[31.859,50.632]]]}},{"type":"Feature","properties":{"id":"raion:kyivska:бориспільський","kind":"raion","oblast":"kyivska","name":"Бориспільський район"},"geometry":{"type":"Polygon","coordinates":[[[32.07,50.373],[31.76,50.401],[31.631,50.263],[31.392,50.271],[31.355,50.26],[31.422,50.176],[31.346,50.175],[31.272,50.189],[31.211,50.249],[31.225,50.422],[31.097,50.476],[30.849,50.419],[30.671,50.28],[31.178,49.951],[31.305,49.973],[31.445,49.974],[31.497,49.86],[31.514,49.847],[31.557,49.875],[31.615,49.857],[31.752,49.893],[31.89,49.962],[31.918,49.991],[31.911,50.101],[32.118,50.228],[32.089,50.247],[32.153,50.337],[32.141,50.354],[32.161,50.369],[32.07,50.373]]]}},{"type":"Feature","properties":{"id":"raion:kyivska:обухівський","kind":"raion","oblast":"kyivska","name":"Обухівський район"},"geometry":{"type":"Polygon","coordinates":[[[30.441,49.992],[30.718,49.826],[30.701,49.657],[30.725,49.606],[30.698,49.596],[30.627,49.593],[30.694,49.517],[30.72,49.492],[30.694,49.473],[30.746,49.469],[30.93,49.418],[30.994,49.422],[31.04,49.474],[31.093,49.516],[31.217,49.695],[31.19,49.79],[31.348,49.949],[31.312,49.964],[31.178,49.951],[30.671,50.28],[30.437,50.334],[30.42,50.295],[30.397,50.274],[30.333,50.236],[30.319,50.219],[30.234,50.162],[30.241,50.145],[30.198,50.15],[30.197,50.117],[30.3,50.013],[30.441,49.992]]]}},{"type":"Feature","properties":{"id":"raion:kyivska:білоцерківський","kind":"raion","oblast":"kyivska","name":"Білоцерківський район"},"geometry":{"type":"Polygon","coordinates":[[[30.546,49.336],[30.584,49.35],[30.8,49.354],[30.909,49.359],[30.937,49.407],[30.921,49.416],[30.93,49.418],[30.746,49.469],[30.694,49.473],[30.72,49.492],[30.694,49.517],[30.627,49.593],[30.698,49.596],[30.725,49.606],[30.701,49.657],[30.718,49.826],[30.441,49.992],[30.3,50.013],[30.197,50.117],[30.13,50.101],[30.094,50.013],[29.851,49.871],[29.7,49.906],[29.64,49.87],[29.498,49.816],[29.47,49.814],[29.462,49.762],[29.505,49.649],[29.535,49.637],[29.595,49.443],[29.505,49.396],[29.52,49.361],[29.613,49.266],[29.662,49.25],[29.716,49.236],[29.754,49.227],[29.883,49.186],[30.026,49.334],[30.089,49.285],[30.137,49.331],[30.2,49.328],[30.398,49.303],[30.421,49.302],[30.438,49.352],[30.473,49.365],[30.546,49.336]]]}},{"type":"Feature","properties":{"id":"raion:kyivska:фастівський","kind":"raion","oblast":"kyivska","name":"Фастівський район"},"geometry":{"type":"Polygon","coordinates":[[[30.241,50.145],[30.234,50.162],[30.319,50.219],[30.333,50.236],[30.397,50.274],[30.42,50.295],[30.437,50.334],[30.39,50.37],[30.235,50.321],[29.999,50.38],[29.758,50.349],[29.682,50.312],[29.689,50.277],[29.643,50.18],[29.659,50.128],[29.728,49.933],[29.632,49.877],[29.7,49.906],[29.851,49.871],[30.094,50.013],[30.13,50.101],[30.198,50.15],[30.241,50.145]]]}},{"type":"Feature","properties":{"id":"raion:kyivska:бучанський","kind":"raion","oblast":"kyivska","name":"Бучанський район"},"geometry":{"type":"Polygon","coordinates":[[[30.39,50.37],[30.305,50.571],[30.288,50.605],[30.299,50.609],[30.274,50.709],[29.61,50.781],[29.571,50.78],[29.566,50.763],[29.581,50.749],[29.598,50.729],[29.586,50.709],[29.566,50.693],[29.542,50.69],[29.486,50.663],[29.46,50.517],[29.612,50.341],[29.758,50.349],[29.999,50.38],[30.235,50.321],[30.39,50.37]]]}},{"type":"Feature","properties":{"id":"raion:kirovohradska:олександрійський","kind":"raion","oblast":"kirovohradska","name":"Олександрійський район"},"geometry":{"type":"Polygon","coordinates":[[[32.774,48.578],[32.844,48.432],[33.017,48.482],[33.137,48.278],[33.139,48.183],[33.185,48.158],[33.243,48.173],[33.513,48.231],[33.53,48.276],[33.469,48.534],[33.472,48.545],[33.482,48.558],[33.584,48.576],[33.65,48.6],[33.762,48.625],[33.802,48.663],[33.894,48.902],[33.325,48.961],[33.158,49.13],[33.102,49.185],[32.929,49.23],[32.859,49.245],[32.757,49.167],[32.874,48.992],[32.733,48.965],[32.739,48.944],[32.83,48.898],[32.886,48.815],[32.84,48.625],[32.857,48.616],[32.777,48.606],[32.774,48.578]]]}},{"type":"Feature","properties":{"id":"raion:kirovohradska:кропивницький","kind":"raion","oblast":"kirovohradska","name":"Кропивницький район"},"geometry":{"type":"Polygon","coordinates":[[[32.84,48.625],[32.886,48.815],[32.83,48.898],[32.739,48.944],[32.698,48.974],[32.696,48.983],[32.68,48.957],[32.397,49.026],[32.376,49.05],[32.365,49.072],[32.298,49.073],[32.218,48.987],[31.921,48.88],[31.906,48.876],[32.055,48.725],[31.872,48.529],[31.957,48.191],[31.818,48.115],[31.783,48.042],[31.891,47.867],[32.161,47.751],[32.232,47.76],[32.237,47.815],[32.304,47.824],[32.363,47.789],[32.43,47.79],[32.658,47.82],[32.689,47.983],[32.989,48.048],[33.022,48.013],[33.036,48.017],[33.109,48.042],[33.232,48.127],[33.185,48.158],[33.139,48.183],[33.137,48.278],[33.017,48.482],[32.844,48.432],[32.774,48.578],[32.777,48.606],[32.857,48.616],[32.84,48.625]]]}},{"type":"Feature","properties":{"id":"raion:kirovohradska:новоукраїнський","kind":"raion","oblast":"kirovohradska","name":"Новоукраїнський район"},"geometry":{"type":"Polygon","coordinates":[[[31.146,48.673],[31.2,48.601],[30.983,48.603],[30.842,48.438],[30.934,48.396],[30.939,48.383],[31.007,48.347],[31.021,48.294],[31.125,48.302],[31.132,48.284],[31.118,48.27],[31.091,48.267],[31.106,48.252],[31.104,48.239],[31.087,48.237],[31.091,48.224],[31.138,48.229],[31.164,48.222],[31.192,48.194],[31.33,48.114],[31.389,48.129],[31.42,48.112],[31.695,48.093],[31.818,48.115],[31.957,48.191],[31.872,48.529],[32.055,48.725],[31.906,48.876],[31.918,48.906],[31.805,48.95],[31.751,48.926],[31.569,48.892],[31.559,48.863],[31.554,48.837],[31.527,48.816],[31.436,48.754],[31.354,48.727],[31.253,48.741],[31.267,48.696],[31.146,48.673]]]}},{"type":"Feature","properties":{"id":"raion:kirovohradska:голованівський","kind":"raion","oblast":"kirovohradska","name":"Голованівський район"},"geometry":{"type":"Polygon","coordinates":[[[30.647,48.185],[30.717,48.196],[30.814,48.17],[30.848,48.184],[31.056,48.22],[31.091,48.224],[31.087,48.237],[31.104,48.239],[31.106,48.252],[31.091,48.267],[31.118,48.27],[31.132,48.284],[31.125,48.302],[31.021,48.294],[31.007,48.347],[30.939,48.383],[30.934,48.396],[30.842,48.438],[30.983,48.603],[31.2,48.601],[31.146,48.673],[31.267,48.696],[31.253,48.741],[31.216,48.768],[31.175,48.762],[30.966,48.761],[30.946,48.759],[30.897,48.746],[30.832,48.75],[30.609,48.719],[30.611,48.698],[30.386,48.527],[30.145,48.473],[30.087,48.458],[30.05,48.483],[29.953,48.462],[29.786,48.369],[29.782,48.242],[29.891,48.186],[30.009,48.209],[30.032,48.179],[30.262,48.148],[30.328,48.148],[30.327,48.16],[30.414,48.163],[30.647,48.185]]]}},{"type":"Feature","properties":{"id":"raion:luhanska:старобільський","kind":"raion","oblast":"luhanska","name":"Старобільський район"},"geometry":{"type":"Polygon","coordinates":[[[39.306,49.1],[39.43,49.056],[39.452,49.094],[39.463,49.105],[39.65,48.983],[39.938,49.056],[40.2,49.346],[40.03,49.454],[40.135,49.617],[39.806,49.558],[39.591,49.719],[38.889,49.819],[38.956,49.679],[38.864,49.428],[38.637,49.435],[38.62,49.389],[38.552,49.28],[38.477,49.283],[38.486,49.263],[38.818,49.055],[38.816,49.094],[39.306,49.1]]]}},{"type":"Feature","properties":{"id":"raion:luhanska:сватівський","kind":"raion","oblast":"luhanska","name":"Сватівський район"},"geometry":{"type":"Polygon","coordinates":[[[38.031,49.151],[38.146,49.197],[38.195,49.175],[38.356,49.207],[38.477,49.298],[38.477,49.283],[38.552,49.28],[38.62,49.389],[38.637,49.435],[38.864,49.428],[38.956,49.679],[38.889,49.819],[38.592,49.977],[38.35,50.007],[38.046,49.915],[38.094,49.846],[38.027,49.663],[37.996,49.648],[37.927,49.548],[37.886,49.519],[37.847,49.521],[37.837,49.493],[37.958,49.285],[37.899,49.27],[37.866,49.246],[37.873,49.223],[37.903,49.167],[37.893,49.16],[37.981,49.131],[38.04,49.127],[38.044,49.15],[38.031,49.151]]]}},{"type":"Feature","properties":{"id":"raion:luhanska:щастинський","kind":"raion","oblast":"luhanska","name":"Щастинський район"},"geometry":{"type":"Polygon","coordinates":[[[39.073,48.651],[39.272,48.754],[39.328,48.768],[39.345,48.757],[39.355,48.727],[39.348,48.712],[39.412,48.672],[39.411,48.658],[39.468,48.639],[39.515,48.635],[39.535,48.595],[39.571,48.582],[39.622,48.587],[39.853,48.891],[39.65,48.983],[39.463,49.105],[39.452,49.094],[39.43,49.056],[39.306,49.1],[38.816,49.094],[38.821,49.02],[38.821,49.006],[38.773,48.934],[38.658,48.77],[38.764,48.77],[38.799,48.752],[38.938,48.748],[39.043,48.647],[39.073,48.651]]]}},{"type":"Feature","properties":{"id":"raion:luhanska:сіверськодонецький","kind":"raion","oblast":"luhanska","name":"Сіверськодонецький район"},"geometry":{"type":"Polygon","coordinates":[[[38.477,49.298],[38.356,49.207],[38.195,49.175],[38.146,49.197],[38.031,49.151],[38.082,49.148],[38.062,49.063],[38.053,49.06],[38.052,48.986],[38.036,48.935],[38.092,48.939],[38.272,48.825],[38.266,48.656],[38.263,48.637],[38.341,48.437],[38.433,48.448],[38.453,48.467],[38.459,48.53],[38.469,48.64],[38.417,48.642],[38.445,48.682],[38.46,48.688],[38.47,48.684],[38.519,48.773],[38.843,48.671],[38.882,48.693],[38.901,48.751],[38.799,48.752],[38.764,48.77],[38.658,48.77],[38.773,48.934],[38.821,49.006],[38.821,49.02],[38.818,49.055],[38.486,49.263],[38.476,49.271],[38.477,49.298]]]}},{"type":"Feature","properties":{"id":"raion:luhanska:довжанський","kind":"raion","oblast":"luhanska","name":"Довжанський район"},"geometry":{"type":"Polygon","coordinates":[[[39.368,48.137],[39.425,48.069],[39.393,48.013],[39.393,47.972],[39.431,47.857],[39.795,47.87],[39.943,48.346],[39.85,48.569],[39.622,48.587],[39.62,48.493],[39.601,48.453],[39.631,48.375],[39.686,48.319],[39.666,48.284],[39.537,48.216],[39.45,48.202],[39.439,48.214],[39.368,48.137]]]}},{"type":"Feature","properties":{"id":"raion:luhanska:ровеньківський","kind":"raion","oblast":"luhanska","name":"Ровеньківський район"},"geometry":{"type":"Polygon","coordinates":[[[39.425,48.069],[39.368,48.137],[39.356,48.202],[39.324,48.234],[39.316,48.219],[39.206,48.23],[38.916,48.359],[38.927,48.386],[38.892,48.393],[38.762,48.295],[38.613,48.204],[39.04,48.007],[39.074,47.87],[39.431,47.857],[39.393,47.972],[39.393,48.013],[39.425,48.069]]]}},{"type":"Feature","properties":{"id":"raion:luhanska:луганський","kind":"raion","oblast":"luhanska","name":"Луганський район"},"geometry":{"type":"Polygon","coordinates":[[[39.046,48.488],[38.988,48.456],[38.941,48.414],[38.927,48.386],[38.916,48.359],[39.206,48.23],[39.316,48.219],[39.324,48.234],[39.356,48.202],[39.439,48.214],[39.45,48.202],[39.537,48.216],[39.666,48.284],[39.686,48.319],[39.631,48.375],[39.601,48.453],[39.62,48.493],[39.571,48.582],[39.535,48.595],[39.515,48.635],[39.468,48.639],[39.411,48.658],[39.412,48.672],[39.348,48.712],[39.355,48.727],[39.345,48.757],[39.328,48.768],[39.272,48.754],[39.073,48.651],[39.07,48.617],[39.047,48.594],[39.095,48.563],[39.119,48.563],[39.064,48.544],[39.095,48.473],[39.046,48.488]]]}},{"type":"Feature","properties":{"id":"raion:luhanska:алчевський","kind":"raion","oblast":"luhanska","name":"Алчевський район"},"geometry":{"type":"Polygon","coordinates":[[[38.427,48.278],[38.591,48.252],[38.762,48.295],[38.892,48.393],[38.941,48.414],[38.988,48.456],[39.046,48.488],[39.095,48.473],[39.064,48.544],[39.119,48.563],[39.095,48.563],[39.047,48.594],[39.07,48.617],[39.043,48.647],[38.938,48.748],[38.901,48.751],[38.882,48.693],[38.843,48.671],[38.519,48.773],[38.47,48.684],[38.46,48.688],[38.445,48.682],[38.417,48.642],[38.469,48.64],[38.459,48.53],[38.453,48.467],[38.439,48.392],[38.427,48.278]]]}},{"type":"Feature","properties":{"id":"raion:lvivska:шептицький","kind":"raion","oblast":"lvivska","name":"Шептицький район"},"geometry":{"type":"Polygon","coordinates":[[[24.853,50.18],[25.032,50.281],[25.059,50.342],[24.715,50.343],[24.558,50.511],[24.489,50.556],[24.312,50.572],[24.211,50.592],[24.173,50.616],[24.155,50.647],[23.998,50.412],[23.703,50.375],[23.686,50.3],[23.797,50.3],[24.108,50.142],[24.135,50.115],[24.149,50.16],[24.215,50.163],[24.244,50.197],[24.313,50.199],[24.526,50.133],[24.629,50.119],[24.706,50.137],[24.746,50.12],[24.831,50.162],[24.853,50.18]]]}},{"type":"Feature","properties":{"id":"raion:lvivska:золочівський","kind":"raion","oblast":"lvivska","name":"Золочівський район"},"geometry":{"type":"Polygon","coordinates":[[[25.205,50.279],[25.032,50.281],[24.853,50.18],[24.831,50.162],[24.746,50.12],[24.706,50.137],[24.629,50.119],[24.535,50.097],[24.436,49.895],[24.549,49.843],[24.606,49.81],[24.837,49.628],[24.851,49.621],[24.871,49.61],[24.898,49.611],[24.943,49.609],[25.376,49.913],[25.404,49.948],[25.412,49.97],[25.319,50.016],[25.197,50.131],[25.205,50.279]]]}},{"type":"Feature","properties":{"id":"raion:lvivska:львівський","kind":"raion","oblast":"lvivska","name":"Львівський район"},"geometry":{"type":"Polygon","coordinates":[[[24.215,50.163],[24.149,50.16],[24.135,50.115],[24.108,50.142],[23.797,50.3],[23.686,50.3],[23.448,50.199],[23.773,50.069],[23.812,49.995],[23.915,49.957],[23.885,49.85],[23.719,49.843],[23.585,49.877],[23.485,49.821],[23.444,49.824],[23.452,49.78],[23.451,49.744],[23.649,49.573],[23.664,49.517],[23.713,49.517],[23.767,49.505],[23.725,49.53],[23.777,49.533],[23.772,49.516],[23.818,49.513],[24.058,49.64],[24.306,49.538],[24.401,49.495],[24.44,49.512],[24.492,49.523],[24.57,49.534],[24.656,49.505],[24.729,49.547],[24.792,49.573],[24.839,49.587],[24.834,49.599],[24.851,49.621],[24.837,49.628],[24.606,49.81],[24.549,49.843],[24.436,49.895],[24.535,50.097],[24.526,50.133],[24.313,50.199],[24.244,50.197],[24.215,50.163]]]}},{"type":"Feature","properties":{"id":"raion:lvivska:яворівський","kind":"raion","oblast":"lvivska","name":"Яворівський район"},"geometry":{"type":"Polygon","coordinates":[[[23.719,49.843],[23.885,49.85],[23.915,49.957],[23.812,49.995],[23.773,50.069],[23.448,50.199],[23.115,49.957],[22.85,49.714],[22.995,49.624],[23.036,49.639],[23.236,49.654],[23.317,49.674],[23.357,49.679],[23.405,49.706],[23.396,49.761],[23.452,49.78],[23.444,49.824],[23.485,49.821],[23.585,49.877],[23.719,49.843]]]}},{"type":"Feature","properties":{"id":"raion:lvivska:самбірський","kind":"raion","oblast":"lvivska","name":"Самбірський район"},"geometry":{"type":"Polygon","coordinates":[[[23.058,48.846],[23.082,48.908],[23.128,48.964],[23.136,49.02],[23.128,49.029],[23.19,49.037],[23.225,49.041],[23.156,49.119],[23.112,49.34],[23.196,49.367],[23.472,49.497],[23.554,49.496],[23.649,49.573],[23.451,49.744],[23.396,49.761],[23.405,49.706],[23.357,49.679],[23.317,49.674],[23.236,49.654],[23.036,49.639],[22.995,49.624],[22.85,49.714],[22.641,49.53],[22.747,49.36],[22.734,49.211],[22.898,49.005],[22.97,48.874],[23.058,48.846]]]}},{"type":"Feature","properties":{"id":"raion:lvivska:дрогобицький","kind":"raion","oblast":"lvivska","name":"Дрогобицький район"},"geometry":{"type":"Polygon","coordinates":[[[23.274,49.055],[23.417,49.206],[23.569,49.142],[23.808,49.38],[23.789,49.494],[23.713,49.517],[23.664,49.517],[23.554,49.496],[23.472,49.497],[23.196,49.367],[23.112,49.34],[23.156,49.119],[23.274,49.055]]]}},{"type":"Feature","properties":{"id":"raion:lvivska:стрийський","kind":"raion","oblast":"lvivska","name":"Стрийський район"},"geometry":{"type":"Polygon","coordinates":[[[23.789,49.494],[23.808,49.38],[23.569,49.142],[23.417,49.206],[23.274,49.055],[23.225,49.041],[23.19,49.037],[23.128,49.029],[23.136,49.02],[23.128,48.964],[23.082,48.908],[23.268,48.762],[23.286,48.776],[23.378,48.744],[23.512,48.735],[23.579,48.784],[23.566,48.975],[23.761,49.122],[24.083,49.149],[24.165,49.128],[24.282,49.168],[24.416,49.168],[24.434,49.219],[24.341,49.243],[24.305,49.277],[24.302,49.316],[24.401,49.495],[24.306,49.538],[24.058,49.64],[23.818,49.513],[23.772,49.516],[23.777,49.533],[23.725,49.53],[23.767,49.505],[23.789,49.494]]]}},{"type":"Feature","properties":{"id":"raion:mykolaivska:баштанський","kind":"raion","oblast":"mykolaivska","name":"Баштанський район"},"geometry":{"type":"Polygon","coordinates":[[[32.917,47.087],[32.961,47.19],[33.039,47.38],[33.034,47.442],[33.047,47.468],[33.072,47.412],[33.147,47.515],[33.095,47.528],[33.089,47.552],[33.095,47.597],[33.014,47.91],[32.993,47.935],[32.995,47.984],[32.989,48.048],[32.689,47.983],[32.658,47.82],[32.43,47.79],[32.363,47.789],[32.304,47.824],[32.237,47.815],[32.232,47.76],[32.208,47.757],[32.221,47.711],[32.177,47.707],[32.193,47.616],[32.155,47.59],[32.147,47.516],[32.121,47.514],[32.11,47.501],[32.111,47.166],[32.552,47.155],[32.571,46.932],[32.568,46.888],[32.547,46.869],[32.701,46.821],[32.915,46.883],[32.925,46.91],[32.95,47.003],[33.022,46.973],[33.093,47.039],[32.917,47.087]]]}},{"type":"Feature","properties":{"id":"raion:mykolaivska:вознесенський","kind":"raion","oblast":"mykolaivska","name":"Вознесенський район"},"geometry":{"type":"Polygon","coordinates":[[[31.088,47.892],[30.773,47.821],[30.755,47.703],[30.792,47.636],[30.908,47.277],[31.17,47.266],[31.201,47.172],[31.27,47.172],[31.273,47.16],[31.289,47.162],[31.359,47.231],[31.664,47.337],[31.883,47.568],[31.999,47.533],[32.108,47.556],[32.106,47.564],[32.155,47.59],[32.193,47.616],[32.177,47.707],[32.221,47.711],[32.208,47.757],[32.161,47.751],[31.891,47.867],[31.783,48.042],[31.695,48.093],[31.42,48.112],[31.407,48.096],[31.412,48.039],[31.4,48.037],[31.418,48.016],[31.435,47.999],[31.478,47.85],[31.303,47.833],[31.298,47.844],[31.195,47.922],[31.113,47.88],[31.088,47.892]]]}},{"type":"Feature","properties":{"id":"raion:mykolaivska:миколаївський","kind":"raion","oblast":"mykolaivska","name":"Миколаївський район"},"geometry":{"type":"Polygon","coordinates":[[[31.999,47.533],[31.883,47.568],[31.664,47.337],[31.359,47.231],[31.289,47.162],[31.273,47.16],[31.302,47.083],[31.135,46.99],[31.018,46.964],[31.04,46.899],[31.111,46.845],[31.153,46.792],[31.19,46.648],[31.159,46.41],[31.811,46.372],[31.927,46.582],[31.93,46.653],[31.987,46.664],[32.252,46.82],[32.534,46.881],[32.568,46.888],[32.571,46.932],[32.552,47.155],[32.111,47.166],[32.11,47.501],[32.121,47.514],[32.147,47.516],[32.106,47.564],[32.108,47.556],[31.999,47.533]]]}},{"type":"Feature","properties":{"id":"raion:mykolaivska:первомайський","kind":"raion","oblast":"mykolaivska","name":"Первомайський район"},"geometry":{"type":"Polygon","coordinates":[[[30.755,47.703],[30.773,47.821],[31.088,47.892],[31.113,47.88],[31.195,47.922],[31.298,47.844],[31.303,47.833],[31.478,47.85],[31.435,47.999],[31.418,48.016],[31.4,48.037],[31.412,48.039],[31.407,48.096],[31.389,48.129],[31.33,48.114],[31.192,48.194],[31.164,48.222],[31.138,48.229],[31.056,48.22],[30.848,48.184],[30.814,48.17],[30.717,48.196],[30.647,48.185],[30.414,48.163],[30.327,48.16],[30.328,48.148],[30.315,48.117],[30.357,48.101],[30.226,48.012],[30.464,47.64],[30.471,47.618],[30.66,47.601],[30.72,47.609],[30.709,47.639],[30.755,47.703]]]}},{"type":"Feature","properties":{"id":"raion:odeska:ізмаїльський","kind":"raion","oblast":"odeska","name":"Ізмаїльський район"},"geometry":{"type":"Polygon","coordinates":[[[28.661,45.522],[28.305,45.547],[28.214,45.467],[28.349,45.32],[28.711,45.224],[28.816,45.336],[28.966,45.331],[29.238,45.433],[29.43,45.443],[29.651,45.34],[29.786,45.463],[29.65,45.529],[29.492,45.614],[29.418,45.699],[29.327,45.69],[29.315,45.732],[29.208,45.706],[28.661,45.522]]]}},{"type":"Feature","properties":{"id":"raion:odeska:білгород-дністровський","kind":"raion","oblast":"odeska","name":"Білгород-Дністровський район"},"geometry":{"type":"Polygon","coordinates":[[[29.534,46.096],[29.375,45.737],[29.315,45.732],[29.327,45.69],[29.418,45.699],[29.492,45.614],[29.65,45.529],[30.222,45.866],[30.565,46.166],[30.456,46.112],[30.267,46.266],[30.261,46.414],[29.679,46.361],[29.411,46.407],[29.605,46.295],[29.626,46.207],[29.484,46.195],[29.474,46.147],[29.534,46.096]]]}},{"type":"Feature","properties":{"id":"raion:odeska:одеський","kind":"raion","oblast":"odeska","name":"Одеський район"},"geometry":{"type":"Polygon","coordinates":[[[30.565,46.166],[30.83,46.549],[31.19,46.648],[31.153,46.792],[31.111,46.845],[31.04,46.899],[31.038,46.909],[31.002,46.908],[30.911,46.871],[30.641,46.899],[30.547,46.811],[30.462,46.827],[30.487,46.791],[30.403,46.74],[29.954,46.633],[30.023,46.442],[30.261,46.414],[30.267,46.266],[30.456,46.112],[30.565,46.166]]]}},{"type":"Feature","properties":{"id":"raion:odeska:болградський","kind":"raion","oblast":"odeska","name":"Болградський район"},"geometry":{"type":"Polygon","coordinates":[[[29.411,46.407],[29.351,46.504],[28.931,46.458],[29.067,46.196],[28.979,46.003],[28.776,45.971],[28.697,45.818],[28.516,45.665],[28.661,45.522],[29.208,45.706],[29.375,45.737],[29.534,46.096],[29.474,46.147],[29.484,46.195],[29.626,46.207],[29.605,46.295],[29.411,46.407]]]}},{"type":"Feature","properties":{"id":"raion:odeska:березівський","kind":"raion","oblast":"odeska","name":"Березівський район"},"geometry":{"type":"Polygon","coordinates":[[[31.018,46.964],[31.135,46.99],[31.302,47.083],[31.27,47.172],[31.201,47.172],[31.17,47.266],[30.908,47.277],[30.792,47.636],[30.709,47.639],[30.72,47.609],[30.66,47.601],[30.471,47.618],[30.478,47.595],[30.156,47.532],[30.055,47.439],[29.876,47.413],[30.15,47.211],[30.138,46.98],[30.333,46.96],[30.462,46.827],[30.547,46.811],[30.641,46.899],[30.911,46.871],[31.002,46.908],[31.038,46.909],[31.018,46.964]]]}},{"type":"Feature","properties":{"id":"raion:odeska:роздільнянський","kind":"raion","oblast":"odeska","name":"Роздільнянський район"},"geometry":{"type":"Polygon","coordinates":[[[29.569,47.389],[29.596,46.964],[29.975,46.754],[29.954,46.633],[30.403,46.74],[30.487,46.791],[30.462,46.827],[30.333,46.96],[30.138,46.98],[30.15,47.211],[29.876,47.413],[29.949,47.438],[29.826,47.531],[29.594,47.419],[29.583,47.39],[29.569,47.389]]]}},{"type":"Feature","properties":{"id":"raion:odeska:подільський","kind":"raion","oblast":"odeska","name":"Подільський район"},"geometry":{"type":"Polygon","coordinates":[[[28.869,48.069],[28.923,47.962],[29.175,47.994],[29.218,47.612],[29.398,47.3],[29.569,47.389],[29.583,47.39],[29.594,47.419],[29.826,47.531],[29.949,47.438],[30.055,47.439],[30.156,47.532],[30.478,47.595],[30.464,47.64],[30.226,48.012],[30.357,48.101],[30.315,48.117],[30.262,48.148],[30.032,48.179],[30.009,48.209],[29.891,48.186],[29.682,48.188],[29.495,48.103],[29.382,48.103],[29.311,48.086],[29.258,48.112],[29.134,48.153],[29.06,48.18],[29.05,48.15],[29.005,48.151],[28.869,48.069]]]}},{"type":"Feature","properties":{"id":"raion:poltavska:полтавський","kind":"raion","oblast":"poltavska","name":"Полтавський район"},"geometry":{"type":"Polygon","coordinates":[[[34.29,49.947],[34.292,49.904],[34.233,49.859],[34.181,49.797],[33.869,49.616],[33.745,49.593],[33.684,49.589],[33.697,49.533],[33.738,49.5],[33.804,49.477],[33.799,49.437],[33.806,49.42],[33.98,49.369],[34.088,49.113],[33.986,49.083],[34.013,48.934],[33.931,48.88],[34.02,48.865],[34.035,48.844],[34.12,48.822],[34.249,48.745],[34.309,48.765],[34.36,49.033],[34.544,49.054],[34.574,49.063],[34.595,49.094],[34.591,49.112],[34.648,49.132],[34.68,49.13],[34.693,49.136],[34.765,49.151],[34.949,49.194],[34.98,49.25],[35.279,49.318],[35.462,49.484],[35.485,49.517],[35.433,49.673],[35.244,49.694],[35.219,49.83],[34.971,49.885],[34.856,49.987],[34.94,50.152],[34.677,50.134],[34.546,50.132],[34.4,50.318],[34.336,50.345],[34.227,50.336],[34.081,50.123],[34.047,50.093],[34.29,49.947]]]}},{"type":"Feature","properties":{"id":"raion:poltavska:кременчуцький","kind":"raion","oblast":"poltavska","name":"Кременчуцький район"},"geometry":{"type":"Polygon","coordinates":[[[33.894,48.902],[33.931,48.88],[34.013,48.934],[33.986,49.083],[34.088,49.113],[33.98,49.369],[33.806,49.42],[33.799,49.437],[33.804,49.477],[33.738,49.5],[33.617,49.576],[33.441,49.621],[33.141,49.66],[32.88,49.785],[32.849,49.785],[32.727,49.712],[32.69,49.66],[32.709,49.657],[32.715,49.631],[32.753,49.579],[32.751,49.524],[32.678,49.499],[32.674,49.353],[32.477,49.356],[32.468,49.328],[32.597,49.276],[32.815,49.249],[32.929,49.23],[33.102,49.185],[33.158,49.13],[33.325,48.961],[33.894,48.902]]]}},{"type":"Feature","properties":{"id":"raion:poltavska:лубенський","kind":"raion","oblast":"poltavska","name":"Лубенський район"},"geometry":{"type":"Polygon","coordinates":[[[33.514,49.648],[33.566,49.833],[33.366,49.891],[33.394,50.145],[33.286,50.185],[33.221,50.15],[33.091,50.325],[33.05,50.359],[32.962,50.418],[32.913,50.424],[32.793,50.347],[32.563,50.359],[32.487,50.369],[32.493,50.399],[32.365,50.426],[32.326,50.403],[32.29,50.379],[32.252,50.374],[32.218,50.358],[32.143,50.348],[32.153,50.337],[32.089,50.247],[32.125,50.225],[32.428,49.96],[32.374,49.874],[32.556,49.774],[32.574,49.703],[32.664,49.681],[32.69,49.66],[32.727,49.712],[32.849,49.785],[32.88,49.785],[33.141,49.66],[33.441,49.621],[33.514,49.648]]]}},{"type":"Feature","properties":{"id":"raion:poltavska:миргородський","kind":"raion","oblast":"poltavska","name":"Миргородський район"},"geometry":{"type":"Polygon","coordinates":[[[33.286,50.185],[33.394,50.145],[33.366,49.891],[33.566,49.833],[33.514,49.648],[33.617,49.576],[33.697,49.533],[33.684,49.589],[33.745,49.593],[33.869,49.616],[34.181,49.797],[34.233,49.859],[34.292,49.904],[34.29,49.947],[34.047,50.093],[34.081,50.123],[34.227,50.336],[34.336,50.345],[34.288,50.413],[34.255,50.49],[34.22,50.533],[33.955,50.548],[33.734,50.458],[33.102,50.517],[33.042,50.502],[32.966,50.445],[32.933,50.437],[32.962,50.418],[33.05,50.359],[33.091,50.325],[33.221,50.15],[33.286,50.185]]]}},{"type":"Feature","properties":{"id":"raion:rivnenska:дубенський","kind":"raion","oblast":"rivnenska","name":"Дубенський район"},"geometry":{"type":"Polygon","coordinates":[[[25.113,50.287],[25.205,50.279],[25.197,50.131],[25.319,50.016],[25.349,50.018],[25.476,50.166],[25.729,50.187],[25.857,50.191],[25.877,50.219],[25.963,50.256],[26.065,50.257],[26.113,50.242],[26.13,50.272],[26.061,50.269],[25.995,50.311],[25.921,50.391],[26.064,50.384],[26.023,50.505],[25.851,50.609],[25.81,50.606],[25.793,50.667],[25.694,50.725],[25.379,50.691],[25.352,50.642],[25.328,50.612],[25.16,50.505],[25.113,50.287]]]}},{"type":"Feature","properties":{"id":"raion:rivnenska:вараський","kind":"raion","oblast":"rivnenska","name":"Вараський район"},"geometry":{"type":"Polygon","coordinates":[[[25.835,51.362],[25.889,51.295],[25.893,51.291],[25.931,51.264],[25.947,51.251],[25.996,51.228],[26.071,51.199],[26.156,51.233],[26.339,51.33],[26.359,51.354],[26.451,51.404],[26.427,51.429],[26.378,51.42],[26.359,51.464],[26.309,51.711],[26.44,51.762],[26.372,51.862],[26.094,51.912],[25.593,51.925],[25.683,51.756],[25.55,51.519],[25.835,51.362]]]}},{"type":"Feature","properties":{"id":"raion:rivnenska:рівненський","kind":"raion","oblast":"rivnenska","name":"Рівненський район"},"geometry":{"type":"Polygon","coordinates":[[[26.179,50.197],[26.324,50.231],[26.527,50.3],[26.561,50.317],[26.762,50.47],[26.765,50.489],[27.131,50.561],[27.215,50.588],[27.225,50.605],[27.214,50.64],[27.214,50.657],[27.245,50.673],[27.239,50.937],[27.175,50.996],[26.973,51.134],[26.633,51.163],[26.56,51.176],[26.534,51.088],[26.484,51.034],[26.436,51.051],[26.109,51.206],[26.071,51.199],[26.071,51.156],[26.085,50.973],[25.902,50.832],[25.844,50.631],[25.81,50.606],[25.851,50.609],[26.023,50.505],[26.064,50.384],[25.921,50.391],[25.995,50.311],[26.061,50.269],[26.13,50.272],[26.113,50.242],[26.166,50.231],[26.179,50.197]]]}},{"type":"Feature","properties":{"id":"raion:rivnenska:сарненський","kind":"raion","oblast":"rivnenska","name":"Сарненський район"},"geometry":{"type":"Polygon","coordinates":[[[26.359,51.464],[26.378,51.42],[26.427,51.429],[26.451,51.404],[26.359,51.354],[26.339,51.33],[26.156,51.233],[26.109,51.206],[26.436,51.051],[26.484,51.034],[26.534,51.088],[26.56,51.176],[26.633,51.163],[26.973,51.134],[27.175,50.996],[27.2,51],[27.324,51.08],[27.367,51.098],[27.49,51.315],[27.526,51.366],[27.669,51.497],[27.208,51.668],[26.593,51.83],[26.44,51.762],[26.309,51.711],[26.359,51.464]]]}},{"type":"Feature","properties":{"id":"raion:sumska:сумський","kind":"raion","oblast":"sumska","name":"Сумський район"},"geometry":{"type":"Polygon","coordinates":[[[34.473,50.395],[35.058,50.708],[35.043,50.689],[35.263,50.518],[35.294,50.55],[35.406,50.553],[35.406,51.048],[35.164,51.083],[34.98,51.236],[34.201,51.246],[34.145,51.235],[34.119,51.155],[34.108,51.144],[34.069,51.091],[34.013,51.054],[34.047,51.015],[34.072,50.934],[34.112,50.929],[34.098,50.924],[34.13,50.871],[34.17,50.881],[34.16,50.809],[34.081,50.708],[34.237,50.554],[34.255,50.49],[34.288,50.413],[34.473,50.395]]]}},{"type":"Feature","properties":{"id":"raion:sumska:охтирський","kind":"raion","oblast":"sumska","name":"Охтирський район"},"geometry":{"type":"Polygon","coordinates":[[[35.294,50.55],[35.263,50.518],[35.043,50.689],[35.058,50.708],[34.473,50.395],[34.4,50.318],[34.546,50.132],[34.677,50.134],[34.94,50.152],[34.974,50.158],[35.033,50.18],[35.148,50.242],[35.198,50.238],[35.266,50.265],[35.297,50.29],[35.33,50.319],[35.41,50.321],[35.439,50.317],[35.504,50.3],[35.535,50.302],[35.66,50.327],[35.693,50.346],[35.406,50.553],[35.294,50.55]]]}},{"type":"Feature","properties":{"id":"raion:sumska:роменський","kind":"raion","oblast":"sumska","name":"Роменський район"},"geometry":{"type":"Polygon","coordinates":[[[33.967,51.071],[33.893,50.99],[33.508,50.985],[33.452,50.987],[33.28,50.984],[33.197,50.92],[33.147,50.655],[33.103,50.602],[33.101,50.591],[33.102,50.517],[33.734,50.458],[33.955,50.548],[34.22,50.533],[34.237,50.554],[34.081,50.708],[34.16,50.809],[34.17,50.881],[34.13,50.871],[34.098,50.924],[34.112,50.929],[34.072,50.934],[34.047,51.015],[34.013,51.054],[33.967,51.071]]]}},{"type":"Feature","properties":{"id":"raion:sumska:конотопський","kind":"raion","oblast":"sumska","name":"Конотопський район"},"geometry":{"type":"Polygon","coordinates":[[[33.042,50.997],[33.079,50.981],[33.137,50.961],[33.28,50.984],[33.452,50.987],[33.508,50.985],[33.893,50.99],[33.967,51.071],[34.069,51.091],[34.108,51.144],[34.119,51.155],[34.145,51.235],[34.201,51.246],[34.282,51.311],[34.199,51.49],[33.974,51.52],[33.954,51.481],[33.906,51.448],[33.868,51.452],[33.873,51.463],[33.877,51.476],[33.835,51.513],[33.773,51.528],[33.758,51.542],[33.743,51.585],[33.663,51.635],[33.605,51.671],[33.506,51.702],[33.465,51.717],[33.254,51.663],[33.185,51.682],[33.147,51.669],[33.154,51.642],[33.193,51.514],[33.081,51.339],[33.077,51.313],[32.943,51.09],[33.06,51.049],[33.042,50.997]]]}},{"type":"Feature","properties":{"id":"raion:sumska:шосткинський","kind":"raion","oblast":"sumska","name":"Шосткинський район"},"geometry":{"type":"Polygon","coordinates":[[[33.254,51.663],[33.465,51.717],[33.506,51.702],[33.605,51.671],[33.663,51.635],[33.743,51.585],[33.758,51.542],[33.773,51.528],[33.835,51.513],[33.877,51.476],[33.873,51.463],[33.868,51.452],[33.906,51.448],[33.954,51.481],[33.974,51.52],[34.199,51.49],[34.213,51.703],[34.415,51.826],[34.097,52.005],[34.117,52.141],[33.836,52.361],[33.429,52.346],[33.31,52.185],[33.491,52.083],[33.18,51.886],[33.132,51.856],[33.09,51.785],[33.092,51.775],[33.144,51.691],[33.185,51.682],[33.254,51.663]]]}},{"type":"Feature","properties":{"id":"raion:ternopilska:кременецький","kind":"raion","oblast":"ternopilska","name":"Кременецький район"},"geometry":{"type":"Polygon","coordinates":[[[25.954,49.708],[26.018,49.713],[26.166,49.729],[26.191,49.714],[26.214,49.735],[26.244,49.745],[26.241,49.776],[26.201,49.866],[26.133,49.898],[26.223,50.143],[26.221,50.165],[26.179,50.197],[26.166,50.231],[26.065,50.257],[25.963,50.256],[25.877,50.219],[25.857,50.191],[25.729,50.187],[25.476,50.166],[25.349,50.018],[25.412,49.97],[25.404,49.948],[25.43,49.935],[25.42,49.915],[25.476,49.824],[25.677,49.85],[25.915,49.789],[25.863,49.748],[25.875,49.738],[25.91,49.716],[25.954,49.708]]]}},{"type":"Feature","properties":{"id":"raion:ternopilska:чортківський","kind":"raion","oblast":"ternopilska","name":"Чортківський район"},"geometry":{"type":"Polygon","coordinates":[[[26.19,49.158],[26.196,49.182],[26.196,49.213],[26.201,49.243],[26.242,49.255],[26.258,49.264],[26.249,49.286],[26.246,49.3],[26.232,49.358],[26.127,49.383],[26.126,49.369],[25.972,49.359],[25.898,49.318],[25.924,49.286],[25.781,49.16],[25.743,49.175],[25.624,49.131],[25.506,49.16],[25.295,49.215],[24.986,49.169],[24.887,49.198],[24.856,49.178],[24.9,49.129],[24.916,49.083],[24.97,49.011],[25.21,48.922],[25.23,48.887],[25.228,48.848],[25.284,48.862],[25.292,48.845],[25.34,48.838],[25.336,48.855],[25.433,48.844],[25.427,48.868],[25.469,48.857],[25.552,48.8],[25.711,48.663],[26.021,48.61],[26.066,48.607],[26.091,48.539],[26.096,48.6],[26.1,48.614],[26.145,48.598],[26.2,48.526],[26.325,48.517],[26.392,48.535],[26.38,48.565],[26.245,48.684],[26.238,48.697],[26.196,48.904],[26.199,48.918],[26.176,48.996],[26.198,49.025],[26.208,49.036],[26.192,49.078],[26.19,49.158]]]}},{"type":"Feature","properties":{"id":"raion:ternopilska:тернопільський","kind":"raion","oblast":"ternopilska","name":"Тернопільський район"},"geometry":{"type":"Polygon","coordinates":[[[25.624,49.131],[25.743,49.175],[25.781,49.16],[25.924,49.286],[25.898,49.318],[25.972,49.359],[26.126,49.369],[26.127,49.383],[26.236,49.4],[26.142,49.509],[26.263,49.638],[26.241,49.694],[26.166,49.729],[26.018,49.713],[25.954,49.708],[25.91,49.716],[25.875,49.738],[25.863,49.748],[25.915,49.789],[25.677,49.85],[25.476,49.824],[25.42,49.915],[25.43,49.935],[25.376,49.913],[24.943,49.609],[24.898,49.611],[24.871,49.61],[24.834,49.599],[24.839,49.587],[24.792,49.573],[24.729,49.547],[24.729,49.492],[24.859,49.347],[24.828,49.285],[24.843,49.263],[24.887,49.198],[24.986,49.169],[25.295,49.215],[25.506,49.16],[25.624,49.131]]]}},{"type":"Feature","properties":{"id":"raion:khersonska:генічеський","kind":"raion","oblast":"khersonska","name":"Генічеський район"},"geometry":{"type":"Polygon","coordinates":[[[35.072,46.3],[35.055,46.482],[34.757,46.549],[34.735,46.747],[34.817,46.828],[34.553,47.106],[34.402,47.101],[34.024,46.793],[34.05,46.666],[33.962,46.416],[33.972,46.371],[33.972,46.141],[34.053,46.109],[34.081,46.118],[34.181,46.068],[34.561,45.994],[34.754,45.909],[34.799,45.81],[34.869,45.952],[34.835,46.206],[35.072,46.3]]]}},{"type":"Feature","properties":{"id":"raion:khersonska:каховський","kind":"raion","oblast":"khersonska","name":"Каховський район"},"geometry":{"type":"Polygon","coordinates":[[[33.759,46.192],[33.797,46.203],[33.849,46.2],[33.972,46.141],[33.972,46.371],[33.962,46.416],[34.05,46.666],[34.024,46.793],[34.402,47.101],[34.52,47.105],[34.491,47.247],[34.305,47.269],[34.272,47.361],[34.261,47.36],[34.139,47.477],[34.017,47.46],[34.013,47.342],[33.935,47.223],[33.619,46.912],[33.494,46.839],[33.414,46.807],[33.297,46.843],[33.307,46.789],[33.331,46.757],[33.149,46.784],[33.098,46.767],[33.129,46.755],[33.157,46.714],[33.166,46.667],[33.294,46.598],[33.436,46.512],[33.267,46.424],[33.222,46.389],[33.234,46.383],[33.356,46.395],[33.598,46.326],[33.633,46.228],[33.647,46.23],[33.759,46.192]]]}},{"type":"Feature","properties":{"id":"raion:khersonska:херсонський","kind":"raion","oblast":"khersonska","name":"Херсонський район"},"geometry":{"type":"Polygon","coordinates":[[[31.987,46.664],[31.93,46.653],[31.927,46.582],[32.29,46.496],[32.326,46.503],[32.469,46.57],[32.782,46.518],[32.903,46.266],[33.013,46.358],[33.234,46.383],[33.222,46.389],[33.267,46.424],[33.436,46.512],[33.294,46.598],[33.166,46.667],[33.157,46.714],[33.129,46.755],[33.098,46.767],[33.046,46.742],[33.052,46.96],[32.95,47.003],[32.925,46.91],[32.915,46.883],[32.701,46.821],[32.547,46.869],[32.534,46.881],[32.252,46.82],[31.987,46.664]]]}},{"type":"Feature","properties":{"id":"raion:khersonska:скадовський","kind":"raion","oblast":"khersonska","name":"Скадовський район"},"geometry":{"type":"Polygon","coordinates":[[[31.811,46.372],[31.671,46.227],[32.498,46.073],[33.227,46.153],[33.414,46.038],[33.615,46.135],[33.641,46.142],[33.614,46.214],[33.615,46.226],[33.633,46.228],[33.629,46.243],[33.598,46.326],[33.356,46.395],[33.013,46.358],[32.903,46.266],[32.782,46.518],[32.469,46.57],[32.296,46.495],[31.927,46.582],[31.811,46.372]]]}},{"type":"Feature","properties":{"id":"raion:khersonska:бериславський","kind":"raion","oblast":"khersonska","name":"Бериславський район"},"geometry":{"type":"Polygon","coordinates":[[[33.093,47.039],[33.022,46.973],[33.052,46.96],[33.046,46.742],[33.142,46.784],[33.29,46.753],[33.331,46.757],[33.307,46.789],[33.297,46.843],[33.414,46.807],[33.494,46.839],[33.619,46.912],[33.935,47.223],[34.013,47.342],[34.017,47.46],[33.953,47.458],[33.939,47.516],[33.644,47.485],[33.236,47.563],[33.172,47.567],[33.093,47.579],[33.095,47.528],[33.147,47.515],[33.072,47.412],[33.047,47.468],[33.034,47.442],[33.039,47.38],[32.961,47.19],[32.917,47.087],[33.093,47.039]]]}},{"type":"Feature","properties":{"id":"raion:khmelnytska:шепетівський","kind":"raion","oblast":"khmelnytska","name":"Шепетівський район"},"geometry":{"type":"Polygon","coordinates":[[[26.462,49.897],[26.665,49.937],[26.894,49.883],[27.066,49.943],[27.479,49.876],[27.523,49.91],[27.549,49.908],[27.548,49.935],[27.546,50.012],[27.658,50.026],[27.669,50.077],[27.665,50.193],[27.637,50.188],[27.248,50.393],[27.207,50.532],[27.131,50.561],[26.765,50.489],[26.762,50.47],[26.561,50.317],[26.527,50.3],[26.324,50.231],[26.221,50.165],[26.223,50.143],[26.133,49.898],[26.23,49.877],[26.319,49.882],[26.326,49.902],[26.356,49.93],[26.389,49.915],[26.462,49.897]]]}},{"type":"Feature","properties":{"id":"raion:khmelnytska:хмельницький","kind":"raion","oblast":"khmelnytska","name":"Хмельницький район"},"geometry":{"type":"Polygon","coordinates":[[[27.479,49.876],[27.066,49.943],[26.894,49.883],[26.665,49.937],[26.462,49.897],[26.389,49.915],[26.356,49.93],[26.326,49.902],[26.319,49.882],[26.23,49.877],[26.201,49.866],[26.241,49.776],[26.244,49.745],[26.214,49.735],[26.191,49.714],[26.241,49.694],[26.263,49.638],[26.142,49.509],[26.236,49.4],[26.232,49.358],[26.246,49.3],[26.249,49.286],[26.258,49.264],[26.242,49.255],[26.201,49.243],[26.196,49.213],[26.196,49.182],[26.225,49.168],[26.253,49.14],[26.26,49.13],[26.26,49.149],[26.413,49.149],[26.42,49.111],[26.633,48.994],[26.825,49.076],[27.098,48.991],[27.182,48.949],[27.318,48.935],[27.403,48.953],[27.418,48.972],[27.435,49.07],[27.503,49.07],[27.505,49.11],[27.508,49.132],[27.533,49.125],[27.578,49.122],[27.598,49.135],[27.64,49.168],[27.815,49.189],[27.867,49.213],[27.856,49.236],[27.849,49.264],[27.852,49.312],[27.812,49.366],[27.835,49.409],[27.827,49.421],[27.763,49.697],[27.837,49.73],[27.752,49.756],[27.668,49.808],[27.61,49.876],[27.57,49.91],[27.549,49.908],[27.523,49.91],[27.479,49.876]]]}},{"type":"Feature","properties":{"id":"raion:khmelnytska:кам'янець-подільський","kind":"raion","oblast":"khmelnytska","name":"Кам’янець-Подільський район"},"geometry":{"type":"Polygon","coordinates":[[[27.405,48.889],[27.393,48.9],[27.318,48.935],[27.182,48.949],[27.098,48.991],[26.825,49.076],[26.633,48.994],[26.42,49.111],[26.413,49.149],[26.26,49.149],[26.26,49.13],[26.253,49.14],[26.225,49.168],[26.19,49.158],[26.192,49.078],[26.208,49.036],[26.198,49.025],[26.176,48.996],[26.199,48.918],[26.196,48.904],[26.238,48.697],[26.245,48.684],[26.38,48.565],[26.554,48.458],[26.669,48.486],[26.713,48.494],[26.661,48.56],[26.74,48.54],[26.743,48.556],[26.78,48.548],[26.795,48.567],[26.824,48.606],[26.82,48.582],[26.879,48.542],[26.925,48.577],[26.977,48.591],[26.997,48.573],[27.17,48.583],[27.372,48.629],[27.417,48.74],[27.409,48.768],[27.405,48.889]]]}},{"type":"Feature","properties":{"id":"raion:cherkaska:золотоніський","kind":"raion","oblast":"cherkaska","name":"Золотоніський район"},"geometry":{"type":"Polygon","coordinates":[[[31.918,49.991],[31.89,49.962],[31.752,49.893],[31.728,49.847],[31.64,49.651],[31.779,49.626],[32.34,49.383],[32.44,49.319],[32.477,49.356],[32.674,49.353],[32.678,49.499],[32.751,49.524],[32.753,49.579],[32.715,49.631],[32.709,49.657],[32.693,49.658],[32.664,49.681],[32.574,49.703],[32.556,49.774],[32.374,49.874],[32.428,49.96],[32.125,50.225],[32.118,50.228],[31.911,50.101],[31.918,49.991]]]}},{"type":"Feature","properties":{"id":"raion:cherkaska:черкаський","kind":"raion","oblast":"cherkaska","name":"Черкаський район"},"geometry":{"type":"Polygon","coordinates":[[[32.468,49.328],[32.44,49.319],[32.34,49.383],[31.779,49.626],[31.64,49.651],[31.728,49.847],[31.615,49.857],[31.557,49.875],[31.514,49.847],[31.497,49.86],[31.445,49.974],[31.305,49.973],[31.312,49.964],[31.348,49.949],[31.19,49.79],[31.217,49.695],[31.093,49.516],[31.089,49.486],[31.129,49.429],[31.147,49.428],[31.312,49.359],[31.307,49.242],[31.511,49.141],[31.53,49.126],[31.726,48.986],[31.73,48.955],[31.745,48.962],[31.805,48.95],[31.918,48.906],[31.921,48.88],[32.218,48.987],[32.298,49.073],[32.365,49.072],[32.376,49.05],[32.397,49.026],[32.68,48.957],[32.696,48.983],[32.698,48.974],[32.733,48.965],[32.874,48.992],[32.757,49.167],[32.859,49.245],[32.815,49.249],[32.597,49.276],[32.468,49.328]]]}},{"type":"Feature","properties":{"id":"raion:cherkaska:уманський","kind":"raion","oblast":"cherkaska","name":"Уманський район"},"geometry":{"type":"Polygon","coordinates":[[[30.391,49.212],[30.495,49.2],[30.465,49.29],[30.398,49.303],[30.2,49.328],[30.137,49.331],[30.089,49.285],[30.026,49.334],[29.883,49.186],[29.754,49.227],[29.711,49.207],[29.634,49.061],[29.606,49.057],[29.639,49.012],[29.696,49.001],[29.652,48.937],[29.687,48.912],[29.766,48.786],[29.978,48.635],[29.99,48.614],[30.021,48.519],[30.006,48.513],[29.967,48.492],[30.05,48.483],[30.087,48.458],[30.145,48.473],[30.386,48.527],[30.611,48.698],[30.56,48.732],[30.446,48.896],[30.568,49.143],[30.391,49.212]]]}},{"type":"Feature","properties":{"id":"raion:cherkaska:звенигородський","kind":"raion","oblast":"cherkaska","name":"Звенигородський район"},"geometry":{"type":"Polygon","coordinates":[[[31.53,49.126],[31.511,49.141],[31.307,49.242],[31.312,49.359],[31.147,49.428],[31.129,49.429],[31.089,49.486],[31.04,49.474],[30.994,49.422],[30.921,49.416],[30.937,49.407],[30.909,49.359],[30.8,49.354],[30.584,49.35],[30.546,49.336],[30.473,49.365],[30.438,49.352],[30.421,49.302],[30.465,49.29],[30.495,49.2],[30.391,49.212],[30.568,49.143],[30.446,48.896],[30.56,48.732],[30.609,48.719],[30.832,48.75],[30.897,48.746],[30.946,48.759],[30.966,48.761],[31.175,48.762],[31.216,48.768],[31.354,48.727],[31.436,48.754],[31.527,48.816],[31.554,48.837],[31.559,48.863],[31.569,48.892],[31.751,48.926],[31.745,48.962],[31.73,48.955],[31.726,48.986],[31.53,49.126]]]}},{"type":"Feature","properties":{"id":"raion:chernivetska:дністровський","kind":"raion","oblast":"chernivetska","name":"Дністровський район"},"geometry":{"type":"Polygon","coordinates":[[[26.997,48.573],[26.977,48.591],[26.925,48.577],[26.879,48.542],[26.82,48.582],[26.824,48.606],[26.795,48.567],[26.78,48.548],[26.743,48.556],[26.74,48.54],[26.661,48.56],[26.713,48.494],[26.669,48.486],[26.554,48.458],[26.392,48.535],[26.325,48.517],[26.2,48.526],[26.145,48.598],[26.1,48.614],[26.096,48.6],[26.095,48.521],[26.263,48.365],[26.464,48.347],[26.497,48.292],[26.518,48.252],[26.765,48.354],[27.087,48.413],[27.286,48.372],[27.479,48.507],[27.457,48.59],[27.17,48.583],[26.997,48.573]]]}},{"type":"Feature","properties":{"id":"raion:chernivetska:чернівецький","kind":"raion","oblast":"chernivetska","name":"Чернівецький район"},"geometry":{"type":"Polygon","coordinates":[[[25.443,47.926],[25.775,47.939],[26.194,48.002],[26.334,48.185],[26.518,48.252],[26.497,48.292],[26.464,48.347],[26.263,48.365],[26.095,48.521],[26.091,48.539],[26.066,48.607],[26.021,48.61],[25.711,48.663],[25.587,48.59],[25.599,48.413],[25.615,48.391],[25.622,48.379],[25.663,48.358],[25.479,48.25],[25.376,48.076],[25.366,48.009],[25.443,47.926]]]}},{"type":"Feature","properties":{"id":"raion:chernivetska:вижницький","kind":"raion","oblast":"chernivetska","name":"Вижницький район"},"geometry":{"type":"Polygon","coordinates":[[[24.961,47.904],[24.997,47.855],[24.923,47.727],[25.116,47.755],[25.237,47.896],[25.443,47.926],[25.366,48.009],[25.376,48.076],[25.479,48.25],[25.663,48.358],[25.444,48.403],[25.436,48.394],[25.244,48.315],[25.233,48.292],[25.145,48.247],[25.14,48.195],[25.082,48.173],[25.067,48.132],[25.04,48.128],[24.995,48.087],[24.92,48.01],[24.961,47.904]]]}},{"type":"Feature","properties":{"id":"raion:chernihivska:чернігівський","kind":"raion","oblast":"chernihivska","name":"Чернігівський район"},"geometry":{"type":"Polygon","coordinates":[[[31.817,52.099],[31.387,52.121],[31.298,52.052],[30.993,52.078],[30.75,51.904],[30.506,51.599],[30.657,51.343],[30.526,51.236],[30.499,51.019],[30.772,50.874],[30.777,50.831],[30.77,50.817],[30.747,50.792],[30.735,50.783],[30.768,50.78],[30.838,50.744],[30.875,50.747],[31.07,50.765],[31.127,50.774],[31.122,50.75],[31.202,50.734],[31.373,50.983],[31.279,51.072],[31.338,51.092],[31.389,51.121],[31.544,51.233],[31.876,51.235],[31.987,51.354],[31.984,51.368],[31.964,51.363],[31.879,51.392],[31.825,51.416],[31.839,51.446],[31.882,51.581],[31.781,51.73],[31.733,51.73],[31.652,51.78],[31.658,51.821],[31.662,51.883],[31.817,52.099]]]}},{"type":"Feature","properties":{"id":"raion:chernihivska:корюківський","kind":"raion","oblast":"chernihivska","name":"Корюківський район"},"geometry":{"type":"Polygon","coordinates":[[[32.654,51.543],[32.713,51.83],[32.755,51.836],[32.865,51.849],[32.828,51.872],[32.383,52.052],[32.291,52.055],[32.273,52.074],[32.096,52.034],[31.817,52.099],[31.662,51.883],[31.658,51.821],[31.652,51.78],[31.733,51.73],[31.781,51.73],[31.882,51.581],[31.839,51.446],[31.825,51.416],[31.879,51.392],[31.964,51.363],[31.984,51.368],[32.023,51.361],[32.075,51.382],[32.226,51.372],[32.369,51.414],[32.414,51.392],[32.484,51.402],[32.513,51.407],[32.603,51.446],[32.604,51.451],[32.634,51.463],[32.738,51.466],[32.686,51.486],[32.629,51.497],[32.633,51.523],[32.654,51.543]]]}},{"type":"Feature","properties":{"id":"raion:chernihivska:новгород-сіверський","kind":"raion","oblast":"chernihivska","name":"Новгород-Сіверський район"},"geometry":{"type":"Polygon","coordinates":[[[33.429,52.346],[33.189,52.38],[32.901,52.245],[32.55,52.327],[32.273,52.074],[32.291,52.055],[32.383,52.052],[32.828,51.872],[32.865,51.849],[32.755,51.836],[32.713,51.83],[32.654,51.543],[32.633,51.523],[32.629,51.497],[32.686,51.486],[32.738,51.466],[32.746,51.433],[32.968,51.348],[32.986,51.337],[33.026,51.333],[33.081,51.339],[33.193,51.514],[33.154,51.642],[33.147,51.669],[33.144,51.691],[33.092,51.775],[33.09,51.785],[33.132,51.856],[33.18,51.886],[33.491,52.083],[33.31,52.185],[33.429,52.346]]]}},{"type":"Feature","properties":{"id":"raion:chernihivska:ніжинський","kind":"raion","oblast":"chernihivska","name":"Ніжинський район"},"geometry":{"type":"Polygon","coordinates":[[[31.885,50.64],[32.103,50.799],[32.092,50.981],[32.494,51.084],[32.793,50.89],[32.935,50.891],[32.984,50.94],[33.042,50.997],[33.06,51.049],[32.943,51.09],[33.077,51.313],[33.026,51.333],[32.986,51.337],[32.968,51.348],[32.746,51.433],[32.634,51.463],[32.604,51.451],[32.603,51.446],[32.513,51.407],[32.484,51.402],[32.414,51.392],[32.369,51.414],[32.226,51.372],[32.075,51.382],[32.023,51.361],[31.987,51.354],[31.876,51.235],[31.544,51.233],[31.389,51.121],[31.338,51.092],[31.279,51.072],[31.373,50.983],[31.202,50.734],[31.167,50.732],[31.166,50.607],[31.445,50.5],[31.782,50.559],[31.811,50.624],[31.885,50.64]]]}},{"type":"Feature","properties":{"id":"raion:chernihivska:прилуцький","kind":"raion","oblast":"chernihivska","name":"Прилуцький район"},"geometry":{"type":"Polygon","coordinates":[[[33.103,50.602],[33.147,50.655],[33.197,50.92],[33.137,50.961],[33.079,50.981],[32.984,50.94],[32.935,50.891],[32.793,50.89],[32.494,51.084],[32.092,50.981],[32.103,50.799],[31.885,50.64],[31.859,50.632],[32.077,50.393],[32.161,50.369],[32.143,50.348],[32.218,50.358],[32.252,50.374],[32.29,50.379],[32.326,50.403],[32.365,50.426],[32.493,50.399],[32.487,50.369],[32.563,50.359],[32.793,50.347],[32.913,50.424],[32.933,50.437],[32.966,50.445],[33.042,50.502],[33.101,50.591],[33.103,50.602]]]}},{"type":"Feature","properties":{"id":"raion:krym:бахчисарайский","kind":"raion","oblast":"krym","name":"Бахчисарайский район"},"geometry":{"type":"Polygon","coordinates":[[[33.612,44.926],[33.616,44.712],[33.999,44.456],[34.105,44.519],[34.165,44.561],[34.218,44.583],[34.239,44.592],[34.231,44.614],[34.254,44.618],[34.219,44.671],[34.187,44.693],[34.274,44.735],[34.28,44.764],[34.229,44.798],[34.171,44.777],[34.115,44.73],[33.996,44.828],[34.04,44.85],[33.896,44.912],[33.832,44.898],[33.612,44.926]]]}},{"type":"Feature","properties":{"id":"raion:krym:черноморский","kind":"raion","oblast":"krym","name":"Черноморский район"},"geometry":{"type":"Polygon","coordinates":[[[33.334,45.478],[33.318,45.512],[33.232,45.557],[33.125,45.697],[33.1,45.696],[32.956,45.661],[32.804,45.553],[32.712,45.529],[32.692,45.523],[32.563,45.47],[32.5,45.423],[32.48,45.391],[32.514,45.375],[32.498,45.345],[32.652,45.315],[32.779,45.368],[33.073,45.382],[33.164,45.434],[33.255,45.476],[33.334,45.478]]]}},{"type":"Feature","properties":{"id":"raion:krym:белогорский","kind":"raion","oblast":"krym","name":"Белогорский район"},"geometry":{"type":"Polygon","coordinates":[[[34.328,44.889],[34.343,44.889],[34.349,44.901],[34.361,44.891],[34.385,44.891],[34.406,44.867],[34.406,44.879],[34.455,44.871],[34.473,44.857],[34.499,44.868],[34.536,44.866],[34.537,44.888],[34.604,44.877],[34.607,44.842],[34.658,44.873],[34.741,44.881],[34.757,44.894],[34.801,44.9],[34.837,44.922],[34.958,45.012],[34.927,45.049],[34.912,45.063],[34.862,45.132],[34.89,45.16],[34.864,45.16],[34.791,45.179],[34.669,45.188],[34.642,45.244],[34.609,45.25],[34.533,45.254],[34.56,45.227],[34.52,45.223],[34.331,45.209],[34.319,45.28],[34.217,45.285],[34.206,45.255],[34.188,45.253],[34.203,45.151],[34.306,44.952],[34.291,44.938],[34.328,44.889]]]}},{"type":"Feature","properties":{"id":"raion:krym:джанкойский","kind":"raion","oblast":"krym","name":"Джанкойский район"},"geometry":{"type":"Polygon","coordinates":[[[34.076,45.812],[34.101,45.799],[34.099,45.788],[34.115,45.786],[34.1,45.762],[34.108,45.681],[34.077,45.665],[34.102,45.631],[34.101,45.614],[34.14,45.578],[34.462,45.547],[34.516,45.544],[34.521,45.522],[34.575,45.527],[34.85,45.709],[34.799,45.81],[34.754,45.909],[34.561,45.994],[34.181,46.068],[34.081,46.118],[34.069,46.116],[34.065,46.081],[34.078,46.052],[34.071,46.031],[34.06,45.982],[34.132,45.913],[34.077,45.82],[34.076,45.812]]]}},{"type":"Feature","properties":{"id":"raion:krym:красногвардейский","kind":"raion","oblast":"krym","name":"Красногвардейский район"},"geometry":{"type":"Polygon","coordinates":[[[34.533,45.254],[34.558,45.304],[34.608,45.33],[34.601,45.387],[34.535,45.404],[34.57,45.454],[34.562,45.504],[34.521,45.522],[34.516,45.544],[34.462,45.547],[34.14,45.578],[34.101,45.614],[34.102,45.631],[34.033,45.65],[33.979,45.348],[33.89,45.334],[33.912,45.29],[33.933,45.244],[33.98,45.244],[33.999,45.191],[34.087,45.227],[34.188,45.253],[34.206,45.255],[34.319,45.28],[34.331,45.209],[34.52,45.223],[34.56,45.227],[34.533,45.254]]]}},{"type":"Feature","properties":{"id":"raion:krym:красноперекопский","kind":"raion","oblast":"krym","name":"Красноперекопский район"},"geometry":{"type":"Polygon","coordinates":[[[33.815,46.142],[33.626,46.071],[33.615,46.052],[33.745,45.951],[33.689,45.834],[33.709,45.82],[33.767,45.776],[34.076,45.803],[34.077,45.82],[34.132,45.913],[34.06,45.982],[34.071,46.031],[34.078,46.052],[34.065,46.081],[34.069,46.116],[34.053,46.109],[33.998,46.126],[33.849,46.2],[33.797,46.203],[33.759,46.192],[33.815,46.142]]]}},{"type":"Feature","properties":{"id":"raion:krym:кировский","kind":"raion","oblast":"krym","name":"Кировский район"},"geometry":{"type":"Polygon","coordinates":[[[35.449,45.268],[35.437,45.31],[35.306,45.389],[35.196,45.509],[35.114,45.241],[35.068,45.168],[34.952,45.115],[34.862,45.132],[34.912,45.063],[34.951,45.063],[34.965,45.089],[35.015,45.084],[35.006,44.979],[35.084,44.966],[35.165,44.98],[35.293,45.108],[35.344,45.099],[35.442,45.144],[35.428,45.166],[35.424,45.215],[35.449,45.268]]]}},{"type":"Feature","properties":{"id":"raion:krym:ленинский","kind":"raion","oblast":"krym","name":"Ленинский район"},"geometry":{"type":"Polygon","coordinates":[[[35.72,45.334],[35.529,45.283],[35.433,45.319],[35.318,45.399],[35.194,45.524],[34.967,45.759],[35.006,45.68],[35.063,45.623],[35.074,45.623],[35.223,45.486],[35.306,45.389],[35.437,45.31],[35.449,45.268],[35.424,45.215],[35.427,45.172],[35.505,45.163],[35.538,45.127],[35.837,44.999],[36.032,45.05],[36.374,45.059],[36.393,45.249],[36.418,45.382],[36.514,45.375],[36.609,45.363],[36.633,45.392],[36.608,45.409],[36.614,45.422],[36.344,45.484],[36.05,45.387],[35.846,45.448],[35.845,45.473],[35.72,45.334]]]}},{"type":"Feature","properties":{"id":"raion:krym:нижнегорский","kind":"raion","oblast":"krym","name":"Нижнегорский район"},"geometry":{"type":"Polygon","coordinates":[[[35.104,45.589],[35.063,45.623],[35.006,45.68],[34.967,45.759],[34.85,45.709],[34.575,45.527],[34.562,45.504],[34.57,45.454],[34.535,45.404],[34.601,45.387],[34.608,45.33],[34.558,45.304],[34.609,45.25],[34.642,45.244],[34.698,45.261],[34.726,45.269],[34.766,45.287],[34.806,45.358],[34.817,45.383],[35.012,45.562],[35.104,45.589]]]}},{"type":"Feature","properties":{"id":"raion:krym:первомайский","kind":"raion","oblast":"krym","name":"Первомайский район"},"geometry":{"type":"Polygon","coordinates":[[[34.077,45.665],[34.108,45.681],[34.1,45.762],[34.115,45.786],[34.099,45.788],[34.101,45.799],[34.076,45.812],[34.076,45.803],[33.767,45.776],[33.746,45.749],[33.574,45.627],[33.533,45.574],[33.525,45.478],[33.647,45.473],[33.65,45.443],[33.801,45.398],[33.902,45.398],[33.979,45.348],[34.033,45.65],[34.077,45.665]]]}},{"type":"Feature","properties":{"id":"raion:krym:раздольненский","kind":"raion","oblast":"krym","name":"Раздольненский район"},"geometry":{"type":"Polygon","coordinates":[[[33.689,45.834],[33.614,45.89],[33.544,45.836],[33.497,45.849],[33.171,45.792],[33.138,45.719],[33.099,45.713],[33.125,45.697],[33.232,45.557],[33.318,45.512],[33.334,45.478],[33.374,45.478],[33.392,45.523],[33.641,45.433],[33.651,45.441],[33.647,45.473],[33.525,45.478],[33.533,45.574],[33.574,45.627],[33.746,45.749],[33.709,45.82],[33.689,45.834]]]}},{"type":"Feature","properties":{"id":"raion:krym:сакский","kind":"raion","oblast":"krym","name":"Сакский район"},"geometry":{"type":"Polygon","coordinates":[[[33.073,45.382],[33.149,45.203],[33.225,45.176],[33.254,45.151],[33.259,45.163],[33.313,45.186],[33.322,45.221],[33.418,45.198],[33.505,45.14],[33.63,45.145],[33.631,45.118],[33.548,45.099],[33.576,45.061],[33.682,44.988],[33.676,45.038],[33.847,45.102],[33.897,45.131],[33.955,45.191],[33.912,45.29],[33.89,45.334],[33.916,45.338],[33.902,45.398],[33.801,45.398],[33.65,45.443],[33.641,45.433],[33.392,45.523],[33.374,45.478],[33.334,45.478],[33.255,45.476],[33.164,45.434],[33.073,45.382]]]}},{"type":"Feature","properties":{"id":"raion:krym:советский","kind":"raion","oblast":"krym","name":"Советский район"},"geometry":{"type":"Polygon","coordinates":[[[35.196,45.509],[35.104,45.589],[35.012,45.562],[34.817,45.383],[34.806,45.358],[34.766,45.287],[34.726,45.269],[34.693,45.24],[34.669,45.188],[34.791,45.179],[34.864,45.16],[34.89,45.16],[34.952,45.115],[35.068,45.168],[35.114,45.241],[35.196,45.509]]]}},{"type":"Feature","properties":{"id":"raion:krym:симферопольский","kind":"raion","oblast":"krym","name":"Симферопольский район"},"geometry":{"type":"Polygon","coordinates":[[[33.612,44.926],[33.832,44.898],[33.896,44.912],[34.04,44.85],[33.996,44.828],[34.115,44.73],[34.171,44.777],[34.229,44.798],[34.28,44.764],[34.328,44.747],[34.482,44.841],[34.498,44.856],[34.482,44.851],[34.455,44.871],[34.406,44.879],[34.406,44.867],[34.336,44.886],[34.325,44.892],[34.291,44.938],[34.306,44.952],[34.203,45.151],[34.19,45.185],[34.087,45.227],[33.999,45.191],[33.98,45.244],[33.933,45.244],[33.955,45.191],[33.897,45.131],[33.847,45.102],[33.676,45.038],[33.682,44.988],[33.612,44.926]]]}},{"type":"Feature","properties":{"id":"raion:krym:муниципальный округ алушта","kind":"raion","oblast":"krym","name":"муниципальный округ Алушта"},"geometry":{"type":"Polygon","coordinates":[[[34.372,44.592],[34.381,44.618],[34.417,44.672],[34.46,44.712],[34.604,44.773],[34.734,44.812],[34.722,44.844],[34.741,44.881],[34.658,44.873],[34.607,44.842],[34.604,44.877],[34.537,44.888],[34.536,44.866],[34.499,44.868],[34.473,44.857],[34.498,44.856],[34.482,44.841],[34.328,44.747],[34.274,44.735],[34.187,44.693],[34.219,44.671],[34.264,44.639],[34.277,44.596],[34.319,44.564],[34.32,44.553],[34.349,44.582],[34.372,44.592]]]}},{"type":"Feature","properties":{"id":"raion:krym:муниципальный округ армянск","kind":"raion","oblast":"krym","name":"муниципальный округ Армянск"},"geometry":{"type":"Polygon","coordinates":[[[33.615,46.135],[33.626,46.071],[33.815,46.142],[33.759,46.192],[33.647,46.23],[33.622,46.228],[33.614,46.214],[33.641,46.142],[33.615,46.135]]]}},{"type":"Feature","properties":{"id":"raion:krym:городской округ джанкой","kind":"raion","oblast":"krym","name":"городской округ Джанкой"},"geometry":{"type":"Polygon","coordinates":[[[34.376,45.731],[34.364,45.684],[34.435,45.688],[34.425,45.729],[34.376,45.731]]]}},{"type":"Feature","properties":{"id":"raion:krym:городской округ евпатория","kind":"raion","oblast":"krym","name":"городской округ Евпатория"},"geometry":{"type":"Polygon","coordinates":[[[33.254,45.151],[33.282,45.148],[33.302,45.171],[33.319,45.175],[33.348,45.174],[33.418,45.198],[33.322,45.221],[33.313,45.186],[33.259,45.163],[33.254,45.151]]]}},{"type":"Feature","properties":{"id":"raion:krym:городской округ керчь","kind":"raion","oblast":"krym","name":"городской округ Керчь"},"geometry":{"type":"Polygon","coordinates":[[[36.514,45.375],[36.418,45.382],[36.393,45.249],[36.427,45.277],[36.429,45.258],[36.495,45.317],[36.537,45.346],[36.597,45.346],[36.629,45.375],[36.633,45.392],[36.609,45.363],[36.514,45.375]]]}},{"type":"Feature","properties":{"id":"raion:krym:городской округ красноперекопск","kind":"raion","oblast":"krym","name":"городской округ Красноперекопск"},"geometry":{"type":"Polygon","coordinates":[[[33.774,45.954],[33.855,45.956],[33.848,45.985],[33.774,45.954]]]}},{"type":"Feature","properties":{"id":"raion:krym:городской округ саки","kind":"raion","oblast":"krym","name":"городской округ Саки"},"geometry":{"type":"Polygon","coordinates":[[[33.548,45.099],[33.631,45.118],[33.63,45.145],[33.505,45.14],[33.548,45.099]]]}},{"type":"Feature","properties":{"id":"raion:krym:городской округ симферополь","kind":"raion","oblast":"krym","name":"городской округ Симферополь"},"geometry":{"type":"Polygon","coordinates":[[[34.083,44.892],[34.183,44.984],[34.073,44.985],[34.083,44.892]]]}},{"type":"Feature","properties":{"id":"raion:krym:муниципальный округ судак","kind":"raion","oblast":"krym","name":"муниципальный округ Судак"},"geometry":{"type":"Polygon","coordinates":[[[35.048,44.801],[35.13,44.824],[35.136,44.858],[35.139,44.896],[35.147,44.933],[35.114,44.928],[35.056,44.915],[35.072,44.938],[35.111,44.939],[35.129,44.954],[35.112,44.957],[35.084,44.966],[35.006,44.979],[35.015,45.084],[34.965,45.089],[34.951,45.063],[34.958,45.012],[34.837,44.922],[34.801,44.9],[34.754,44.893],[34.722,44.844],[34.727,44.82],[34.746,44.81],[34.807,44.82],[34.92,44.831],[35.048,44.801]]]}},{"type":"Feature","properties":{"id":"raion:krym:муниципальный округ феодосия","kind":"raion","oblast":"krym","name":"муниципальный округ Феодосия"},"geometry":{"type":"Polygon","coordinates":[[[35.344,45.099],[35.293,45.108],[35.165,44.98],[35.112,44.957],[35.129,44.954],[35.111,44.939],[35.072,44.938],[35.056,44.915],[35.114,44.928],[35.147,44.933],[35.139,44.896],[35.24,44.918],[35.248,44.954],[35.342,44.966],[35.538,45.127],[35.505,45.163],[35.427,45.172],[35.442,45.144],[35.344,45.099]]]}},{"type":"Feature","properties":{"id":"raion:krym:муниципальный округ ялта","kind":"raion","oblast":"krym","name":"муниципальный округ Ялта"},"geometry":{"type":"Polygon","coordinates":[[[34.065,44.422],[34.278,44.54],[34.32,44.553],[34.319,44.564],[34.277,44.596],[34.254,44.618],[34.239,44.592],[34.218,44.583],[34.165,44.561],[34.105,44.519],[33.999,44.456],[34.065,44.422]]]}},{"type":"Feature","properties":{"id":"raion:krym:білогірський","kind":"raion","oblast":"krym","name":"Білогірський район"},"geometry":{"type":"Polygon","coordinates":[[[34.328,44.889],[34.343,44.889],[34.349,44.901],[34.361,44.891],[34.385,44.891],[34.406,44.867],[34.406,44.879],[34.455,44.871],[34.473,44.857],[34.499,44.868],[34.536,44.866],[34.537,44.888],[34.604,44.877],[34.607,44.842],[34.658,44.873],[34.741,44.881],[34.757,44.894],[34.801,44.9],[34.837,44.922],[34.958,45.012],[34.927,45.049],[34.912,45.063],[34.862,45.132],[34.89,45.16],[34.864,45.16],[34.791,45.179],[34.669,45.188],[34.693,45.24],[34.726,45.269],[34.766,45.287],[34.806,45.358],[34.817,45.383],[35.012,45.562],[35.104,45.589],[35.074,45.623],[35.063,45.623],[35.006,45.68],[34.967,45.759],[34.85,45.709],[34.575,45.527],[34.562,45.504],[34.57,45.454],[34.535,45.404],[34.601,45.387],[34.608,45.33],[34.558,45.304],[34.533,45.254],[34.56,45.227],[34.52,45.223],[34.331,45.209],[34.319,45.28],[34.217,45.285],[34.206,45.255],[34.188,45.253],[34.19,45.185],[34.203,45.151],[34.306,44.952],[34.291,44.937],[34.328,44.889]]]}},{"type":"Feature","properties":{"id":"raion:krym:джанкойський","kind":"raion","oblast":"krym","name":"Джанкойський район"},"geometry":{"type":"Polygon","coordinates":[[[34.076,45.812],[34.101,45.799],[34.099,45.788],[34.115,45.786],[34.1,45.762],[34.108,45.681],[34.077,45.665],[34.102,45.631],[34.101,45.614],[34.14,45.578],[34.462,45.547],[34.516,45.544],[34.521,45.522],[34.575,45.527],[34.85,45.709],[34.799,45.81],[34.754,45.909],[34.561,45.994],[34.181,46.068],[34.081,46.118],[34.069,46.116],[34.065,46.081],[34.078,46.052],[34.071,46.031],[34.06,45.982],[34.132,45.913],[34.077,45.82],[34.076,45.812]]]}},{"type":"Feature","properties":{"id":"raion:krym:євпаторійський","kind":"raion","oblast":"krym","name":"Євпаторійський район"},"geometry":{"type":"Polygon","coordinates":[[[33.548,45.099],[33.576,45.061],[33.676,45.038],[33.847,45.102],[33.897,45.131],[33.955,45.191],[33.912,45.29],[33.89,45.334],[33.916,45.338],[33.801,45.398],[33.65,45.443],[33.641,45.433],[33.392,45.523],[33.374,45.478],[33.334,45.478],[33.318,45.512],[33.232,45.557],[33.125,45.697],[33.1,45.696],[32.956,45.661],[32.804,45.553],[32.712,45.529],[32.692,45.523],[32.584,45.48],[32.54,45.455],[32.481,45.4],[32.48,45.39],[32.507,45.383],[32.514,45.372],[32.494,45.347],[32.652,45.315],[32.912,45.36],[33.149,45.203],[33.225,45.176],[33.258,45.148],[33.284,45.148],[33.307,45.174],[33.348,45.174],[33.548,45.099]]]}},{"type":"Feature","properties":{"id":"raion:krym:керченський","kind":"raion","oblast":"krym","name":"Керченський район"},"geometry":{"type":"Polygon","coordinates":[[[36.629,45.375],[36.646,45.384],[36.608,45.409],[36.614,45.422],[36.344,45.484],[36.05,45.387],[35.846,45.448],[35.845,45.473],[35.72,45.334],[35.612,45.316],[35.518,45.284],[35.417,45.328],[35.313,45.404],[35.194,45.524],[34.967,45.759],[35.006,45.68],[35.063,45.623],[35.074,45.623],[35.223,45.486],[35.306,45.389],[35.437,45.31],[35.449,45.268],[35.424,45.215],[35.427,45.172],[35.505,45.163],[35.538,45.127],[35.837,44.999],[36.032,45.05],[36.374,45.059],[36.427,45.277],[36.429,45.258],[36.495,45.317],[36.537,45.346],[36.597,45.346],[36.629,45.375]]]}},{"type":"Feature","properties":{"id":"raion:krym:курманський","kind":"raion","oblast":"krym","name":"Курманський район"},"geometry":{"type":"Polygon","coordinates":[[[34.077,45.665],[34.108,45.681],[34.1,45.762],[34.115,45.786],[34.099,45.788],[34.101,45.799],[34.076,45.812],[34.076,45.803],[33.767,45.776],[33.746,45.749],[33.574,45.627],[33.533,45.574],[33.525,45.478],[33.647,45.473],[33.65,45.443],[33.801,45.398],[33.902,45.398],[33.916,45.338],[33.89,45.334],[33.912,45.29],[33.933,45.244],[33.98,45.244],[33.999,45.191],[34.087,45.227],[34.188,45.253],[34.206,45.255],[34.319,45.28],[34.331,45.209],[34.52,45.223],[34.56,45.227],[34.533,45.254],[34.558,45.304],[34.608,45.33],[34.601,45.387],[34.535,45.404],[34.57,45.454],[34.562,45.504],[34.521,45.522],[34.516,45.544],[34.462,45.547],[34.14,45.578],[34.101,45.614],[34.102,45.631],[34.077,45.665]]]}},{"type":"Feature","properties":{"id":"raion:krym:перекопський","kind":"raion","oblast":"krym","name":"Перекопський район"},"geometry":{"type":"Polygon","coordinates":[[[33.797,46.203],[33.647,46.23],[33.615,46.226],[33.641,46.142],[33.615,46.135],[33.615,46.052],[33.745,45.951],[33.614,45.89],[33.544,45.836],[33.497,45.849],[33.171,45.792],[33.138,45.719],[33.099,45.713],[33.1,45.696],[33.125,45.697],[33.232,45.557],[33.318,45.512],[33.334,45.478],[33.374,45.478],[33.392,45.523],[33.641,45.433],[33.651,45.441],[33.647,45.473],[33.525,45.478],[33.533,45.574],[33.574,45.627],[33.746,45.749],[33.767,45.776],[34.076,45.803],[34.077,45.82],[34.132,45.913],[34.06,45.982],[34.071,46.031],[34.078,46.052],[34.065,46.081],[34.069,46.116],[34.053,46.109],[33.998,46.126],[33.849,46.2],[33.797,46.203]]]}},{"type":"Feature","properties":{"id":"raion:krym:сімферопольський","kind":"raion","oblast":"krym","name":"Сімферопольський район"},"geometry":{"type":"Polygon","coordinates":[[[33.612,44.926],[33.832,44.898],[33.896,44.912],[34.04,44.85],[33.996,44.828],[34.115,44.73],[34.171,44.777],[34.229,44.798],[34.28,44.764],[34.328,44.747],[34.482,44.841],[34.498,44.856],[34.482,44.851],[34.455,44.871],[34.406,44.879],[34.406,44.867],[34.336,44.886],[34.325,44.892],[34.291,44.938],[34.306,44.952],[34.203,45.151],[34.19,45.185],[34.087,45.227],[33.999,45.191],[33.98,45.244],[33.933,45.244],[33.955,45.191],[33.897,45.131],[33.847,45.102],[33.676,45.038],[33.682,44.988],[33.612,44.926]]]}},{"type":"Feature","properties":{"id":"raion:krym:феодосійський","kind":"raion","oblast":"krym","name":"Феодосійський район"},"geometry":{"type":"Polygon","coordinates":[[[35.427,45.172],[35.424,45.215],[35.449,45.268],[35.437,45.31],[35.306,45.389],[35.223,45.486],[35.107,45.588],[35.012,45.562],[34.817,45.383],[34.806,45.358],[34.766,45.287],[34.726,45.269],[34.698,45.261],[34.693,45.24],[34.669,45.188],[34.791,45.179],[34.864,45.16],[34.89,45.16],[34.862,45.132],[34.912,45.063],[34.958,45.012],[34.837,44.922],[34.801,44.9],[34.757,44.894],[34.741,44.881],[34.724,44.85],[34.724,44.824],[34.746,44.81],[34.807,44.82],[34.92,44.831],[35.048,44.801],[35.13,44.824],[35.136,44.858],[35.24,44.918],[35.248,44.954],[35.342,44.966],[35.538,45.127],[35.505,45.163],[35.427,45.172]]]}},{"type":"Feature","properties":{"id":"raion:krym:ялтинський","kind":"raion","oblast":"krym","name":"Ялтинський район"},"geometry":{"type":"Polygon","coordinates":[[[34.372,44.592],[34.384,44.625],[34.426,44.68],[34.457,44.71],[34.492,44.728],[34.734,44.812],[34.722,44.844],[34.741,44.881],[34.658,44.873],[34.607,44.842],[34.604,44.877],[34.537,44.888],[34.536,44.866],[34.499,44.868],[34.473,44.857],[34.498,44.856],[34.482,44.841],[34.328,44.747],[34.274,44.735],[34.187,44.693],[34.219,44.671],[34.264,44.639],[34.254,44.618],[34.231,44.614],[34.218,44.583],[34.165,44.561],[34.105,44.519],[33.999,44.456],[34.065,44.422],[34.278,44.54],[34.348,44.549],[34.349,44.582],[34.372,44.592]]]}},{"type":"Feature","properties":{"id":"raion:krym:бахчисарайский","kind":"raion","oblast":"krym","name":"Бахчисарайский район"},"geometry":{"type":"Polygon","coordinates":[[[33.612,44.926],[33.616,44.712],[33.999,44.456],[34.105,44.519],[34.165,44.561],[34.218,44.583],[34.239,44.592],[34.231,44.614],[34.254,44.618],[34.219,44.671],[34.187,44.693],[34.274,44.735],[34.28,44.764],[34.229,44.798],[34.171,44.777],[34.115,44.73],[33.996,44.828],[34.04,44.85],[33.896,44.912],[33.832,44.898],[33.612,44.926]]]}},{"type":"Feature","properties":{"id":"raion:kharkivska:богодухівський","kind":"raion","oblast":"kharkivska","name":"Богодухівський район"},"geometry":{"type":"Polygon","coordinates":[[[35.297,50.29],[35.266,50.265],[35.198,50.238],[35.148,50.242],[35.033,50.18],[34.974,50.158],[34.94,50.152],[34.856,49.987],[34.971,49.885],[35.219,49.83],[35.244,49.694],[35.433,49.673],[35.537,49.649],[35.622,49.691],[35.664,49.692],[35.699,49.706],[35.676,49.724],[35.679,49.744],[35.685,49.782],[35.873,49.875],[35.832,50.09],[35.842,50.117],[35.986,50.116],[36.176,50.288],[36.105,50.365],[36.068,50.451],[35.693,50.346],[35.66,50.327],[35.535,50.302],[35.504,50.3],[35.439,50.317],[35.41,50.321],[35.33,50.319],[35.297,50.29]]]}},{"type":"Feature","properties":{"id":"raion:kharkivska:харківський","kind":"raion","oblast":"kharkivska","name":"Харківський район"},"geometry":{"type":"Polygon","coordinates":[[[36.066,49.616],[36.056,49.651],[36.039,49.674],[35.986,49.737],[35.975,49.75],[36.055,49.756],[36.084,49.77],[36.12,49.786],[36.17,49.826],[36.334,49.792],[36.409,49.814],[36.461,49.88],[36.539,49.91],[36.634,50.11],[36.666,50.112],[36.669,50.148],[36.705,50.196],[36.488,50.312],[36.105,50.365],[36.176,50.288],[35.986,50.116],[35.842,50.117],[35.832,50.09],[35.873,49.875],[35.685,49.782],[35.679,49.744],[35.676,49.724],[35.708,49.697],[35.966,49.633],[36.066,49.616]]]}},{"type":"Feature","properties":{"id":"raion:kharkivska:берестинський","kind":"raion","oblast":"kharkivska","name":"Берестинський район"},"geometry":{"type":"Polygon","coordinates":[[[35.228,49.127],[35.258,49.113],[35.276,49.091],[35.313,49.078],[35.485,48.973],[35.696,48.943],[35.775,48.949],[35.801,48.942],[35.792,48.935],[35.81,48.941],[35.855,48.958],[35.931,48.98],[35.945,49.004],[35.983,49.003],[36.199,49.072],[36.255,49.127],[36.029,49.312],[36.078,49.505],[36.069,49.542],[36.079,49.603],[35.966,49.633],[35.708,49.697],[35.699,49.706],[35.664,49.692],[35.622,49.691],[35.537,49.649],[35.433,49.673],[35.485,49.517],[35.462,49.484],[35.279,49.318],[34.98,49.25],[35.043,49.155],[35.144,49.15],[35.21,49.151],[35.228,49.127]]]}},{"type":"Feature","properties":{"id":"raion:kharkivska:чугуївський","kind":"raion","oblast":"kharkivska","name":"Чугуївський район"},"geometry":{"type":"Polygon","coordinates":[[[36.92,49.6],[36.941,49.627],[36.975,49.643],[36.982,49.65],[36.968,49.661],[37.189,49.839],[37.158,50.043],[37.244,50.108],[37.269,50.126],[37.291,50.151],[37.535,50.334],[37.33,50.436],[37.151,50.356],[36.938,50.35],[36.705,50.196],[36.669,50.148],[36.666,50.112],[36.634,50.11],[36.539,49.91],[36.461,49.88],[36.409,49.814],[36.334,49.792],[36.17,49.826],[36.12,49.786],[36.084,49.77],[36.055,49.756],[35.975,49.75],[35.986,49.737],[36.039,49.674],[36.056,49.651],[36.066,49.616],[36.079,49.603],[36.069,49.542],[36.082,49.517],[36.134,49.539],[36.197,49.51],[36.24,49.502],[36.383,49.507],[36.436,49.459],[36.48,49.476],[36.517,49.504],[36.44,49.51],[36.437,49.537],[36.856,49.637],[36.882,49.602],[36.886,49.59],[36.92,49.6]]]}},{"type":"Feature","properties":{"id":"raion:kharkivska:лозівський","kind":"raion","oblast":"kharkivska","name":"Лозівський район"},"geometry":{"type":"Polygon","coordinates":[[[36.383,49.507],[36.24,49.502],[36.197,49.51],[36.134,49.539],[36.082,49.517],[36.078,49.505],[36.029,49.312],[36.255,49.127],[36.199,49.072],[35.983,49.003],[35.94,48.999],[35.989,48.969],[35.996,48.939],[36.044,48.915],[36.019,48.855],[36.281,48.661],[36.296,48.531],[36.324,48.556],[36.483,48.664],[36.591,48.603],[36.672,48.625],[36.739,48.626],[36.712,48.693],[36.689,48.776],[36.688,48.816],[36.798,48.889],[36.781,48.948],[36.613,49.137],[36.655,49.195],[36.631,49.197],[36.595,49.242],[36.45,49.389],[36.436,49.459],[36.383,49.507]]]}},{"type":"Feature","properties":{"id":"raion:kharkivska:куп'янський","kind":"raion","oblast":"kharkivska","name":"Куп’янський район"},"geometry":{"type":"Polygon","coordinates":[[[37.535,50.334],[37.291,50.151],[37.269,50.126],[37.244,50.108],[37.158,50.043],[37.189,49.839],[36.968,49.661],[37.003,49.633],[37.005,49.621],[37.081,49.587],[37.144,49.6],[37.296,49.524],[37.389,49.544],[37.623,49.45],[37.803,49.492],[37.847,49.521],[37.886,49.519],[37.927,49.548],[37.996,49.648],[38.027,49.663],[38.094,49.846],[37.925,50.035],[37.64,50.176],[37.535,50.334]]]}},{"type":"Feature","properties":{"id":"raion:kharkivska:ізюмський","kind":"raion","oblast":"kharkivska","name":"Ізюмський район"},"geometry":{"type":"Polygon","coordinates":[[[36.982,49.65],[36.941,49.627],[36.92,49.6],[36.886,49.59],[36.882,49.602],[36.856,49.637],[36.437,49.537],[36.44,49.51],[36.517,49.504],[36.48,49.476],[36.45,49.389],[36.595,49.242],[36.631,49.197],[36.655,49.195],[36.613,49.137],[36.781,48.948],[36.798,48.889],[36.688,48.816],[36.765,48.797],[36.854,48.8],[37.036,48.746],[37.554,49.167],[37.614,49.233],[37.844,49.201],[37.854,49.226],[37.875,49.234],[37.866,49.246],[37.899,49.27],[37.958,49.285],[37.837,49.493],[37.803,49.492],[37.623,49.45],[37.389,49.544],[37.296,49.524],[37.144,49.6],[37.081,49.587],[37.005,49.621],[36.982,49.65]]]}}]}